symbol,signal_time,journal_r,base_r,base_exit,mae_after_025,mae_after_050,A1_r,A2_r,A3_r,B_r,C_r,D1_r,D2_r,D3_r,E6_r,E12_r,E18_r
EURUSD.dk,2017.02.20 00:00:00,2.52,2.5022,TP,-0.7545,0.0134,-0.5,2.5022,2.5022,-0.75,-0.75,2.5022,2.5022,2.5022,2.5022,2.5022,2.5022
EURUSD.dk,2017.02.22 20:00:00,-1.0,-1.0,SL,-1.705,,-0.5,-1.0,-1.0,-0.75,-0.75,-1.0,-1.0,-1.0,-1.0,-1.0,-1.0
EURUSD.dk,2017.02.24 12:00:00,-1.0,-1.0,SL,-1.1731,,-0.5,-1.0,-1.0,-0.75,-0.75,-1.0,-1.0,-1.0,-0.2983,-1.0,-1.0
EURUSD.dk,2017.02.28 20:00:00,0.5,0.5,BE,-0.0659,-0.0659,0.5,0.5,0.5,0.5,0.5,0.25,0.5,0.0,0.5,0.5,0.5
EURUSD.dk,2017.03.07 08:00:00,0.51,0.5,BE,-1.3032,-1.3032,0.5,0.5,0.5,0.5,0.75,0.5,0.5,0.0,0.5,0.5,0.5
EURUSD.dk,2017.03.15 08:00:00,-1.02,-1.0,SL,-5.2707,-5.2707,-0.5,-0.5,-0.25,-0.25,-0.25,-1.0,-1.0,-1.0,-1.0,-1.0,-1.0
EURUSD.dk,2017.03.24 00:00:00,-1.0,-1.0,SL,-1.8008,,-0.5,-1.0,-1.0,-0.75,-0.75,-1.0,-1.0,-1.0,-1.0,-1.0,-1.0
EURUSD.dk,2017.04.05 04:00:00,0.56,0.5,BE,-0.6752,-0.6752,0.5,0.5,-0.25,-0.25,-0.25,0.5,0.5,2.4936,0.5,0.5,0.5
EURUSD.dk,2017.04.05 20:00:00,0.53,0.5,BE,-0.6744,-0.6744,0.5,0.5,0.5,0.5,1.625,0.5,0.5,2.5,0.5,0.5,0.5
EURUSD.dk,2017.04.06 12:00:00,0.51,0.5,BE,-0.6748,-0.6748,0.5,0.5,-0.25,-0.25,-0.25,0.5,0.5,0.0,0.5,0.5,0.5
EURUSD.dk,2017.04.13 08:00:00,-1.0,-1.0,SL,-1.0804,,-0.5,-1.0,-1.0,-0.75,-0.75,-1.0,-1.0,-1.0,0.1304,-0.2464,-0.4589
EURUSD.dk,2017.04.21 08:00:00,-4.63,-1.0,SL,,,-1.0,-1.0,-1.0,-1.0,-1.0,-1.0,-1.0,-1.0,-1.0,-1.0,-1.0
EURUSD.dk,2017.04.26 20:00:00,-1.0,-1.0,SL,,,-1.0,-1.0,-1.0,-1.0,-1.0,-1.0,-1.0,-1.0,-1.0,-1.0,-1.0
EURUSD.dk,2017.04.28 04:00:00,0.52,0.5,BE,-0.0726,-0.0726,0.5,0.5,0.5,0.5,0.875,0.5,0.5,2.4984,0.5,0.5,0.5
EURUSD.dk,2017.05.01 08:00:00,0.52,0.5,BE,-0.709,-0.709,-0.5,-0.5,-0.25,-0.25,-0.25,0.25,0.5,0.0,0.5,0.5,0.5
EURUSD.dk,2017.05.03 12:00:00,-1.01,-1.0,SL,,,-1.0,-1.0,-1.0,-1.0,-1.0,-1.0,-1.0,-1.0,-1.0,-1.0,-1.0
EURUSD.dk,2017.05.04 04:00:00,0.51,0.5,BE,-0.2443,-0.2443,0.5,0.5,0.5,0.5,1.375,0.5,0.5,0.0,0.5,0.5,0.5
EURUSD.dk,2017.05.12 12:00:00,2.5,2.4993,TP,0.0028,0.1683,2.4993,2.4993,2.4993,2.4993,1.625,2.4993,2.4993,2.4993,2.4993,2.4993,2.4993
EURUSD.dk,2017.05.24 08:00:00,0.53,0.5,BE,-0.9275,-0.9275,-0.5,-0.5,-0.25,-0.25,-0.25,0.5,0.5,0.0,0.5,0.5,0.5
EURUSD.dk,2017.05.24 16:00:00,-1.01,-1.0,SL,-1.0994,-1.0994,-0.5,-0.5,-0.25,-0.5,-0.5,-1.0,-1.0,-1.0,-1.0,-1.0,-1.0
EURUSD.dk,2017.05.30 08:00:00,0.49,0.5,BE,-0.3019,-0.0736,0.5,0.5,0.5,0.5,0.75,0.5,0.5,2.5015,0.5,0.5,0.5
EURUSD.dk,2017.06.12 04:00:00,-1.03,-1.0,SL,-1.1011,,-0.5,-1.0,-1.0,-0.75,-0.75,-1.0,-1.0,-1.0,-1.0,-1.0,-1.0
EURUSD.dk,2017.06.13 04:00:00,0.51,0.5,BE,-0.7109,-0.7109,0.5,0.5,0.5,0.5,1.125,0.5,0.5,0.0,-0.2448,0.5,0.5
EURUSD.dk,2017.06.15 00:00:00,-1.03,-1.0,SL,,,-1.0,-1.0,-1.0,-1.0,-1.0,-1.0,-1.0,-1.0,-1.0,-1.0,-1.0
EURUSD.dk,2017.06.16 12:00:00,-1.01,-1.0,SL,-1.2534,,-0.5,-1.0,-1.0,-0.75,-0.75,-1.0,-1.0,-1.0,-0.0377,-0.7688,-1.0
EURUSD.dk,2017.06.21 20:00:00,2.53,2.4987,TP,-0.715,-0.1321,-0.5,2.4987,2.4987,2.4987,0.625,2.4987,2.4987,2.4987,-0.443,2.4987,2.4987
EURUSD.dk,2017.07.06 08:00:00,0.51,0.5,BE,-0.2715,-0.2715,0.5,0.5,0.5,0.5,0.75,0.5,0.5,2.5,0.5,0.5,0.5
EURUSD.dk,2017.07.14 04:00:00,2.52,2.5,TP,-0.1197,-0.1197,2.5,2.5,2.5,2.5,1.0,2.5,2.5,2.5,2.5,2.5,2.5
EURUSD.dk,2017.07.20 12:00:00,0.47,0.5,BE,-0.1346,-0.0525,0.5,0.5,0.5,0.5,0.75,0.5,0.5,1.1817,0.1321,0.0695,0.2086
EURUSD.dk,2017.11.09 04:00:00,0.54,0.5,BE,-0.7169,-0.7169,0.5,0.5,0.5,0.5,0.875,0.5,0.5,2.5,0.5,0.5,0.5
EURUSD.dk,2017.11.09 16:00:00,2.54,2.5008,TP,-0.183,0.2614,2.5008,2.5008,2.5008,2.5008,1.625,2.5008,2.5008,2.5008,0.2941,0.2598,2.5008
EURUSD.dk,2017.11.30 12:00:00,-1.0,-1.0,SL,,,-1.0,-1.0,-1.0,-1.0,-1.0,-1.0,-1.0,-1.0,-0.4923,-0.5503,-0.4864
EURUSD.dk,2017.12.11 08:00:00,-1.01,-1.0,SL,-1.0415,-1.0415,-0.5,-0.5,-0.25,-0.25,-0.25,-1.0,-1.0,-1.0,-1.0,-1.0,-1.0
EURUSD.dk,2017.12.13 16:00:00,2.5,2.4989,TP,-0.8766,-0.0383,-0.5,2.4989,2.4989,-0.75,-0.75,2.4989,2.4989,2.4989,-0.3043,-0.6745,-0.0936
EURUSD.dk,2018.01.17 12:00:00,-1.01,-1.0,SL,-1.5157,-1.5157,-0.5,-0.5,-0.25,-0.25,-0.25,-1.0,-1.0,-1.0,-1.0,-1.0,-1.0
EURUSD.dk,2018.01.18 04:00:00,2.53,2.5022,TP,-0.2301,-0.2301,2.5022,2.5022,2.5022,2.5022,0.875,2.5022,2.5022,2.5022,2.5022,2.5022,2.5022
EURUSD.dk,2018.01.30 08:00:00,-1.0,-1.0,SL,-1.1536,-1.1536,-0.5,-0.5,-0.25,-0.25,-0.25,-1.0,-1.0,-1.0,0.1417,-0.0129,-1.0
EURUSD.dk,2018.02.12 00:00:00,0.51,0.5,BE,-0.1781,-0.1781,0.5,0.5,0.5,0.5,0.75,0.5,0.5,2.5008,0.0833,0.5,0.5
EURUSD.dk,2018.02.14 12:00:00,0.48,0.5,BE,-0.1396,-0.0763,0.5,0.5,0.5,0.5,0.5,0.25,0.5,0.0,0.5,0.5,0.5
EURUSD.dk,2018.02.26 04:00:00,-1.02,-1.0,SL,-2.2991,-2.2991,-0.5,-0.5,-0.25,-0.25,-0.25,-1.0,-1.0,-1.0,-1.0,-1.0,-1.0
EURUSD.dk,2018.03.01 16:00:00,0.51,0.5,BE,-0.0922,-0.0922,0.5,0.5,0.5,0.5,0.875,0.5,0.5,0.0,0.5,0.5,0.5
EURUSD.dk,2018.03.27 12:00:00,-1.01,-1.0,SL,-1.8629,,-0.5,-1.0,-1.0,-0.75,-0.75,-1.0,-1.0,-1.0,-1.0,-1.0,-1.0
EURUSD.dk,2018.04.06 12:00:00,0.5,0.5,BE,-0.3883,-0.3883,0.5,0.5,0.5,0.5,0.875,0.5,0.5,0.0,0.1586,0.5,0.5
EURUSD.dk,2018.05.14 20:00:00,2.5,2.4985,TP,-0.089,0.0252,2.4985,2.4985,2.4985,2.4985,1.5,2.4985,2.4985,2.4985,2.4985,2.4985,2.4985
EURUSD.dk,2018.05.25 12:00:00,0.49,0.5,BE,-0.8811,-0.1469,-0.5,0.5,0.5,-0.75,-0.75,0.5,0.5,0.0,0.351,0.5,0.5
EURUSD.dk,2018.06.01 16:00:00,-1.01,-1.0,SL,,,-1.0,-1.0,-1.0,-1.0,-1.0,-1.0,-1.0,-1.0,-1.0,-1.0,-1.0
EURUSD.dk,2018.06.05 08:00:00,-1.0,-1.0,SL,-1.3236,-1.3236,-0.5,-0.5,-0.25,-0.25,-0.25,-1.0,-1.0,-1.0,-1.0,-1.0,-1.0
EURUSD.dk,2018.06.08 08:00:00,-1.0,-1.0,SL,,,-1.0,-1.0,-1.0,-1.0,-1.0,-1.0,-1.0,-1.0,-1.0,-1.0,-1.0
EURUSD.dk,2018.06.11 20:00:00,0.5,0.5,BE,-0.8231,-0.8231,-0.5,-0.5,-0.25,-0.5,-0.5,0.25,0.0,0.0,0.5,0.5,0.5
EURUSD.dk,2018.06.14 08:00:00,0.5,0.5,BE,-0.2491,-0.2491,0.5,0.5,0.5,0.5,0.875,0.5,0.5,1.9726,0.5,0.5,0.5
EURUSD.dk,2018.07.10 08:00:00,0.5,0.5,BE,-0.3654,-0.3654,0.5,0.5,0.5,0.5,0.75,0.5,0.5,2.5,-0.0282,0.5,0.5
EURUSD.dk,2018.08.08 08:00:00,2.54,2.5011,TP,-0.3482,0.3355,2.5011,2.5011,2.5011,2.5011,2.5011,2.5011,2.5011,2.5011,-0.1253,2.5011,2.5011
EURUSD.dk,2018.08.16 04:00:00,-1.05,-1.0,SL,,,-1.0,-1.0,-1.0,-1.0,-1.0,-1.0,-1.0,-1.0,-1.0,-1.0,-1.0
EURUSD.dk,2018.08.16 16:00:00,-1.02,-1.0,SL,,,-1.0,-1.0,-1.0,-1.0,-1.0,-1.0,-1.0,-1.0,-1.0,-1.0,-1.0
EURUSD.dk,2018.08.30 12:00:00,0.49,0.5,BE,-0.1749,-0.1749,0.5,0.5,0.5,0.5,0.75,0.5,0.5,0.0,0.5,0.5,0.5
EURUSD.dk,2018.09.07 08:00:00,0.5,0.5,BE,-0.2517,-0.2517,0.5,0.5,0.5,0.5,0.875,0.5,0.5,0.0,0.5,0.5,0.5
EURUSD.dk,2018.09.12 00:00:00,-1.03,-1.0,SL,-2.1481,-2.1481,-0.5,-0.5,-0.25,-0.5,-0.5,-1.0,-1.0,-1.0,-1.0,-1.0,-1.0
EURUSD.dk,2018.09.14 16:00:00,-1.01,-1.0,SL,,,-1.0,-1.0,-1.0,-1.0,-1.0,-1.0,-1.0,-1.0,-0.5964,-0.6873,-0.6204
EURUSD.dk,2018.09.25 00:00:00,-1.0,-1.0,SL,,,-1.0,-1.0,-1.0,-1.0,-1.0,-1.0,-1.0,-1.0,-1.0,-1.0,-1.0
EURUSD.dk,2018.09.26 08:00:00,-1.0,-1.0,SL,,,-1.0,-1.0,-1.0,-1.0,-1.0,-1.0,-1.0,-1.0,-1.0,-1.0,-1.0
EURUSD.dk,2018.09.26 16:00:00,2.53,2.4991,TP,-0.1031,-0.1031,2.4991,2.4991,2.4991,2.4991,1.625,2.4991,2.4991,2.4991,2.4991,2.4991,2.4991
EURUSD.dk,2018.10.03 04:00:00,2.51,2.4973,TP,-0.153,-0.153,2.4973,2.4973,2.4973,2.4973,2.4973,2.4973,2.4973,2.4973,2.4973,2.4973,2.4973
EURUSD.dk,2018.10.05 12:00:00,0.5,0.5,BE,-0.0553,-0.0553,0.5,0.5,0.5,0.5,0.625,0.25,0.5,0.0,0.5,0.5,0.5
EURUSD.dk,2018.10.10 04:00:00,-1.01,-1.0,SL,-2.0502,-2.0502,-0.5,-0.5,-0.25,-0.5,-0.5,-1.0,-1.0,-1.0,-1.0,-1.0,-1.0
EURUSD.dk,2018.10.15 00:00:00,-1.0,-1.0,SL,,,-1.0,-1.0,-1.0,-1.0,-1.0,-1.0,-1.0,-1.0,-1.0,-1.0,-1.0
EURUSD.dk,2018.10.17 00:00:00,2.53,2.5,TP,-0.4654,-0.4654,2.5,2.5,2.5,2.5,1.0,2.5,2.5,2.5,2.5,2.5,2.5
EURUSD.dk,2018.10.26 20:00:00,0.5,0.5,BE,-0.7639,-0.7639,0.5,0.5,0.5,0.5,0.5,0.5,0.5,0.0,0.5,0.5,0.5
EURUSD.dk,2018.10.29 08:00:00,0.52,0.5,BE,-0.2421,-0.2421,0.5,0.5,0.5,0.5,0.5,0.5,0.5,0.0,0.5,0.5,0.5
EURUSD.dk,2018.10.29 12:00:00,0.53,0.5,BE,-0.47,-0.47,0.5,0.5,0.5,0.5,1.375,0.5,0.5,0.0,0.5,0.5,0.5
EURUSD.dk,2018.11.02 12:00:00,-1.01,-1.0,SL,-1.1681,,-0.5,-1.0,-1.0,-0.75,-0.75,-1.0,-1.0,-1.0,0.0687,-0.3607,-1.0
EURUSD.dk,2018.11.08 08:00:00,2.52,2.5,TP,-0.4355,-0.4355,2.5,2.5,2.5,2.5,2.5,2.5,2.5,2.5,2.5,2.5,2.5
EURUSD.dk,2018.11.14 04:00:00,-1.01,-1.0,SL,-1.7287,-1.7287,-0.5,-0.5,-0.25,-0.25,-0.25,-1.0,-1.0,-1.0,-1.0,-1.0,-1.0
EURUSD.dk,2018.11.20 16:00:00,-1.0,-1.0,SL,-1.0996,-1.0996,-0.5,-0.5,-0.25,-0.25,-0.25,-1.0,-1.0,-1.0,-0.1946,-0.3616,0.3478
EURUSD.dk,2018.12.21 16:00:00,-1.0,-1.0,SL,,,-1.0,-1.0,-1.0,-1.0,-1.0,-1.0,-1.0,-1.0,-0.4046,-0.4137,-0.1087
EURUSD.dk,2019.01.02 08:00:00,0.5,0.5,BE,-0.079,-0.079,0.5,0.5,0.5,0.5,0.875,0.5,0.5,0.0,0.5,0.5,0.5
EURUSD.dk,2019.01.11 12:00:00,0.5,0.5,BE,-0.3639,-0.3639,0.5,0.5,0.5,0.5,1.375,0.5,0.5,2.5,0.1053,0.5,0.5
EURUSD.dk,2019.01.31 16:00:00,0.51,0.5,BE,-0.1261,-0.0593,0.5,0.5,0.5,0.5,1.375,0.5,0.5,2.5015,-0.2329,0.2285,0.5
EURUSD.dk,2019.03.21 12:00:00,0.51,0.5,BE,-0.4196,-0.4154,0.5,0.5,0.5,0.5,1.125,0.5,0.5,2.4993,0.5,0.5,0.5
EURUSD.dk,2019.06.28 20:00:00,0.55,0.5,BE,-1.0642,-1.0642,0.5,0.5,0.5,0.5,0.5,0.25,0.0,0.0,0.5,0.5,0.5
EURUSD.dk,2019.07.10 08:00:00,-1.0,-1.0,SL,,,-1.0,-1.0,-1.0,-1.0,-1.0,-1.0,-1.0,-1.0,-1.0,-1.0,-1.0
EURUSD.dk,2019.07.12 08:00:00,-1.0,-1.0,SL,-1.2308,,-0.5,-1.0,-1.0,-0.75,-0.75,-1.0,-1.0,-1.0,-1.0,-1.0,-1.0
EURUSD.dk,2019.07.15 12:00:00,0.52,0.5,BE,-0.8052,-0.8052,0.5,0.5,0.5,0.5,1.0,0.5,0.5,2.4963,0.5,0.5,0.5
EURUSD.dk,2019.07.19 08:00:00,2.52,2.5026,TP,-0.174,0.0597,2.5026,2.5026,2.5026,2.5026,1.5,2.5026,2.5026,2.5026,2.5026,2.5026,2.5026
EURUSD.dk,2019.07.31 16:00:00,-1.0,-1.0,SL,-1.2625,,-0.5,-1.0,-1.0,-0.75,-0.75,-1.0,-1.0,-1.0,-0.2636,-0.4568,-1.0
EURUSD.dk,2019.08.08 08:00:00,-1.01,-1.0,SL,,,-1.0,-1.0,-1.0,-1.0,-1.0,-1.0,-1.0,-1.0,-1.0,-1.0,-1.0
EURUSD.dk,2019.08.08 16:00:00,2.53,2.501,TP,-0.9083,-0.9083,-0.5,-0.5,-0.25,-0.5,-0.5,2.501,2.501,2.501,-0.3292,2.501,2.501
EURUSD.dk,2019.09.08 20:00:00,-1.02,-1.0,SL,,,-1.0,-1.0,-1.0,-1.0,-1.0,-1.0,-1.0,-1.0,-1.0,-1.0,-1.0
EURUSD.dk,2019.09.11 04:00:00,0.52,0.5,BE,-1.5238,-1.5238,0.5,0.5,0.5,0.5,1.0,0.5,0.5,0.0,0.5,0.5,0.5
EURUSD.dk,2019.09.12 08:00:00,-1.0,-1.0,SL,,,-1.0,-1.0,-1.0,-1.0,-1.0,-1.0,-1.0,-1.0,-1.0,-1.0,-1.0
EURUSD.dk,2019.09.16 08:00:00,0.5,0.5,BE,-0.7829,-0.7829,-0.5,-0.5,-0.25,-0.5,-0.5,0.5,0.5,0.0,0.5,0.5,0.5
EURUSD.dk,2019.10.15 08:00:00,-1.0,-1.0,SL,-1.2759,,-0.5,-1.0,-1.0,-0.75,-0.75,-1.0,-1.0,-1.0,-1.0,-1.0,-1.0
EURUSD.dk,2019.10.22 16:00:00,0.51,0.5,BE,-0.374,-0.374,0.5,0.5,0.5,0.5,0.5,0.25,0.0,0.0,0.5,0.5,0.5
EURUSD.dk,2019.10.24 08:00:00,0.51,0.5,BE,-0.7517,-0.7517,0.5,0.5,0.5,0.5,0.5,0.25,0.0,0.0,0.5,0.5,0.5
EURUSD.dk,2019.11.04 16:00:00,0.5,0.5,BE,-0.2941,-0.2941,0.5,0.5,0.5,0.5,1.375,0.5,0.5,0.0,0.5,0.5,0.5
EURUSD.dk,2019.12.13 20:00:00,0.5,0.5,BE,-0.267,-0.0157,0.5,0.5,0.5,0.5,0.5,0.25,0.0,0.0,-0.3229,-0.3194,0.2391
EURUSD.dk,2020.01.02 12:00:00,-1.0,-1.0,SL,,,-1.0,-1.0,-1.0,-1.0,-1.0,-1.0,-1.0,-1.0,-1.0,-1.0,-1.0
EURUSD.dk,2020.01.06 08:00:00,-1.0,-1.0,SL,,,-1.0,-1.0,-1.0,-1.0,-1.0,-1.0,-1.0,-1.0,-0.4474,-1.0,-1.0
EURUSD.dk,2020.01.14 20:00:00,-1.0,-1.0,SL,,,-1.0,-1.0,-1.0,-1.0,-1.0,-1.0,-1.0,-1.0,-1.0,-1.0,-1.0
EURUSD.dk,2020.01.17 00:00:00,2.5,2.4924,TP,-0.6641,-0.6641,2.4924,2.4924,2.4924,2.4924,1.625,2.4924,2.4924,2.4924,2.4924,2.4924,2.4924
EURUSD.dk,2020.01.29 20:00:00,-1.03,-1.0,SL,-1.2439,-1.2439,-0.5,-0.5,-0.25,-0.25,-0.25,-1.0,-1.0,-1.0,-1.0,-1.0,-1.0
EURUSD.dk,2020.02.04 04:00:00,2.52,2.5,TP,-0.275,-0.275,2.5,2.5,2.5,2.5,1.75,2.5,2.5,2.5,2.5,2.5,2.5
EURUSD.dk,2020.02.20 16:00:00,-1.01,-1.0,SL,,,-1.0,-1.0,-1.0,-1.0,-1.0,-1.0,-1.0,-1.0,-1.0,-1.0,-1.0
EURUSD.dk,2020.02.24 04:00:00,-1.0,-1.0,SL,,,-1.0,-1.0,-1.0,-1.0,-1.0,-1.0,-1.0,-1.0,-1.0,-1.0,-1.0
EURUSD.dk,2020.03.11 00:00:00,-1.0,-1.0,SL,-1.1576,-1.1576,-0.5,-0.5,-0.25,-0.5,-0.5,-1.0,-1.0,-1.0,-1.0,-1.0,-1.0
EURUSD.dk,2020.03.23 16:00:00,-1.0,-1.0,SL,,,-1.0,-1.0,-1.0,-1.0,-1.0,-1.0,-1.0,-1.0,-1.0,-1.0,-1.0
EURUSD.dk,2020.03.24 16:00:00,-1.0,-1.0,SL,,,-1.0,-1.0,-1.0,-1.0,-1.0,-1.0,-1.0,-1.0,-0.9056,-1.0,-1.0
EURUSD.dk,2020.03.31 04:00:00,0.51,0.5,BE,-0.4768,-0.4768,0.5,0.5,0.5,0.5,0.5,0.25,2.5015,2.5015,0.5,0.5,0.5
EURUSD.dk,2020.04.01 04:00:00,0.51,0.5,BE,-0.1203,-0.1203,0.5,0.5,0.5,0.5,1.125,0.5,0.5,0.0,0.5,0.5,0.5
EURUSD.dk,2020.04.13 12:00:00,-1.01,-1.0,SL,,,-1.0,-1.0,-1.0,-1.0,-1.0,-1.0,-1.0,-1.0,-1.0,-1.0,-1.0
EURUSD.dk,2020.04.17 16:00:00,0.52,0.5,BE,-1.0,-1.0,0.5,0.5,0.5,0.5,0.5,0.25,0.0,0.0,0.5,0.5,0.5
EURUSD.dk,2020.04.20 08:00:00,0.51,0.5,BE,-0.6599,-0.6599,-0.5,-0.5,-0.25,-0.25,-0.25,0.5,0.5,0.0,0.5,0.5,0.5
EURUSD.dk,2020.05.04 12:00:00,0.51,0.5,BE,-0.3664,-0.3664,0.5,0.5,-0.25,0.5,0.875,0.5,0.5,0.0,0.5,0.5,0.5
EURUSD.dk,2020.05.22 00:00:00,0.5,0.5,BE,-0.123,-0.123,0.5,0.5,0.5,0.5,0.875,0.5,0.5,0.0,0.5,0.5,0.5
EURUSD.dk,2020.06.08 12:00:00,0.52,0.5,BE,-1.3689,-1.3689,0.5,0.5,0.5,0.5,0.5,0.25,0.0,0.0,0.5,0.5,0.5
EURUSD.dk,2020.06.09 08:00:00,0.51,0.5,BE,-0.1216,-0.1216,0.5,0.5,0.5,0.5,1.125,0.5,0.5,0.0,0.5,0.5,0.5
EURUSD.dk,2020.06.15 16:00:00,-1.0,-1.0,SL,-1.1056,,-0.5,-1.0,-1.0,-0.75,-0.75,-1.0,-1.0,-1.0,-1.0,-1.0,-1.0
EURUSD.dk,2020.06.22 12:00:00,0.49,0.5,BE,-0.3627,-0.0493,0.5,0.5,0.5,0.5,0.5,0.25,0.0,0.0,0.5,0.5,0.5
EURUSD.dk,2020.06.29 00:00:00,0.52,0.5,BE,-0.3665,-0.3665,0.5,0.5,0.5,0.5,0.875,0.5,0.5,0.0,0.5,0.5,0.5
EURUSD.dk,2020.06.29 08:00:00,-1.0,-1.0,SL,,,-1.0,-1.0,-1.0,-1.0,-1.0,-1.0,-1.0,-1.0,-1.0,-1.0,-1.0
EURUSD.dk,2020.06.30 12:00:00,-1.02,-1.0,SL,-1.062,,-0.5,-1.0,-1.0,-0.75,-0.75,-1.0,-1.0,-1.0,-1.0,-1.0,-1.0
EURUSD.dk,2020.07.01 12:00:00,0.49,0.5,BE,-0.5071,-0.5071,-0.5,-0.5,-0.25,-0.5,-0.5,2.5013,0.5,2.5013,0.5,0.5,0.5
EURUSD.dk,2020.07.07 08:00:00,0.53,0.5,BE,-0.8256,-0.3692,-0.5,0.5,0.5,-0.75,-0.75,0.5,0.5,0.0,-0.0523,0.5,0.5
EURUSD.dk,2020.07.10 12:00:00,2.5,2.5015,TP,-0.2439,0.112,2.5015,2.5015,2.5015,2.5015,1.0,2.5015,2.5015,2.5015,0.2684,2.5015,2.5015
EURUSD.dk,2020.08.04 04:00:00,-1.03,-1.0,SL,-1.7031,,-0.5,-1.0,-1.0,-0.5,-0.5,-1.0,-1.0,-1.0,-1.0,-1.0,-1.0
EURUSD.dk,2020.08.04 16:00:00,0.51,0.5,BE,-0.5567,-0.5567,0.5,0.5,0.5,0.5,0.625,0.25,0.5,0.0,0.5,0.5,0.5
EURUSD.dk,2020.08.12 08:00:00,0.5,0.5,BE,-0.2142,-0.2142,0.5,0.5,0.5,0.5,0.75,0.5,0.5,2.5008,0.5,0.5,0.5
EURUSD.dk,2020.08.24 08:00:00,-1.0,-1.0,SL,,,-1.0,-1.0,-1.0,-1.0,-1.0,-1.0,-1.0,-1.0,-0.4887,-0.7677,-1.0
EURUSD.dk,2020.08.26 16:00:00,0.5,-1.0,SL,-1.1153,,-0.5,-1.0,-1.0,-0.75,-0.75,-1.0,-1.0,-1.0,-1.0,-1.0,-1.0
EURUSD.dk,2020.08.27 12:00:00,0.5,0.5,BE,-0.1907,-0.1907,0.5,0.5,0.5,0.5,1.375,0.5,0.5,0.0,0.5,0.5,0.5
EURUSD.dk,2020.09.09 12:00:00,0.5,0.5,BE,-0.1493,-0.0067,0.5,0.5,0.5,0.5,0.875,0.5,0.5,0.0,0.5,0.5,0.5
EURUSD.dk,2020.09.10 20:00:00,2.52,2.4942,TP,-0.0058,-0.0058,2.4942,2.4942,2.4942,2.4942,1.375,2.4942,2.4942,2.4942,2.4942,2.4942,2.4942
EURUSD.dk,2020.09.16 04:00:00,-1.0,-1.0,SL,-1.4943,-1.4943,-0.5,-0.5,-0.25,-0.5,-0.5,-1.0,-1.0,-1.0,-1.0,-1.0,-1.0
EURUSD.dk,2020.09.28 08:00:00,0.51,0.5,BE,-0.3227,-0.3227,0.5,0.5,0.5,0.5,0.625,0.5,0.5,0.0,0.5,0.5,0.5
EURUSD.dk,2020.11.03 04:00:00,0.5,0.5,BE,-1.5866,-1.5866,0.5,0.5,0.5,0.5,1.0,0.5,0.5,0.0,0.5,0.5,0.5
EURUSD.dk,2020.11.04 08:00:00,2.5,2.4995,TP,-0.2468,0.3028,2.4995,2.4995,2.4995,2.4995,0.875,2.4995,2.4995,2.4995,2.4995,2.4995,2.4995
EURUSD.dk,2020.12.07 12:00:00,-1.0,-1.0,SL,-1.2942,,-0.5,-1.0,-1.0,-0.75,-0.75,-1.0,-1.0,-1.0,-0.3363,-0.8687,-1.0
EURUSD.dk,2020.12.10 12:00:00,0.5,0.5,BE,-0.5055,-0.5055,-0.5,-0.5,-0.25,-0.5,-0.5,0.5,0.5,0.0,0.5,0.5,0.5
EURUSD.dk,2020.12.16 20:00:00,0.5,0.5,BE,-0.2332,-0.2332,0.5,0.5,0.5,0.5,0.5,0.25,0.5,0.0,0.5,0.5,0.5
EURUSD.dk,2020.12.21 12:00:00,0.49,0.5,BE,-0.6948,-0.6948,-0.5,-0.5,-0.25,-0.5,-0.5,0.5,0.5,0.0,0.5,0.5,0.5
EURUSD.dk,2021.01.04 00:00:00,0.5,0.5,BE,-0.284,-0.2593,0.5,0.5,0.5,0.5,0.5,0.5,0.5,0.0,0.5,0.5,0.5
EURUSD.dk,2021.01.05 00:00:00,0.51,0.5,BE,-0.5533,-0.5533,-0.5,-0.5,-0.25,-0.5,-0.5,0.5,0.5,0.0,0.5,0.5,0.5
EURUSD.dk,2021.01.06 16:00:00,-1.0,-1.0,SL,-1.3733,-1.3733,-0.5,-0.5,-0.25,-0.25,-0.25,-1.0,-1.0,-1.0,-1.0,-1.0,-1.0
EURUSD.dk,2021.01.12 16:00:00,-1.01,-1.0,SL,-1.3399,,-0.5,-1.0,-1.0,-0.75,-0.75,-1.0,-1.0,-1.0,-0.6934,-1.0,-1.0
EURUSD.dk,2021.01.19 08:00:00,0.51,0.5,BE,-0.9693,-0.9693,-0.5,-0.5,-0.25,-0.5,-0.5,0.25,0.5,0.0,0.5,0.5,0.5
EURUSD.dk,2021.01.26 12:00:00,-1.0,-1.0,SL,,,-1.0,-1.0,-1.0,-1.0,-1.0,-1.0,-1.0,-1.0,-1.0,-1.0,-1.0
EURUSD.dk,2021.01.28 16:00:00,-1.0,-1.0,SL,-1.3369,-1.3369,-0.5,-0.5,-0.25,-0.5,-0.5,-1.0,-1.0,-1.0,-1.0,-1.0,-1.0
EURUSD.dk,2021.02.05 12:00:00,0.49,0.5,BE,-0.0604,-0.0604,0.5,0.5,0.5,0.5,0.875,0.5,0.5,0.0,0.0768,0.5,0.5
EURUSD.dk,2021.02.18 16:00:00,0.51,0.5,BE,-0.3084,-0.3084,0.5,0.5,0.5,0.5,0.625,0.5,0.5,0.0,0.5,0.5,0.5
EURUSD.dk,2021.03.10 16:00:00,0.51,0.5,BE,-0.2165,-0.2165,0.5,0.5,0.5,0.5,0.625,0.25,0.5,0.0,0.5,0.5,0.5
EURUSD.dk,2021.03.12 12:00:00,0.52,0.5,BE,-0.6367,-0.6367,0.5,0.5,0.5,0.5,0.5,0.25,0.0,0.0,0.5,0.5,0.5
EURUSD.dk,2021.03.16 00:00:00,-1.0,-1.0,SL,-2.4856,-2.4856,-0.5,-0.5,-0.25,-0.25,-0.25,-1.0,-1.0,-1.0,-1.0,-1.0,-1.0
EURUSD.dk,2021.03.17 16:00:00,-1.0,-1.0,SL,,,-1.0,-1.0,-1.0,-1.0,-1.0,-1.0,-1.0,-1.0,-0.7141,-1.0,-1.0
EURUSD.dk,2021.03.31 16:00:00,-1.0,-1.0,SL,-1.337,,-0.5,-1.0,-1.0,-0.75,-0.75,-1.0,-1.0,-1.0,-1.0,-1.0,-1.0
EURUSD.dk,2021.04.05 04:00:00,-1.0,-1.0,SL,,,-1.0,-1.0,-1.0,-1.0,-1.0,-1.0,-1.0,-1.0,-1.0,-1.0,-1.0
EURUSD.dk,2021.04.16 04:00:00,-1.0,-1.0,SL,,,-1.0,-1.0,-1.0,-1.0,-1.0,-1.0,-1.0,-1.0,-1.0,-1.0,-1.0
EURUSD.dk,2021.04.19 04:00:00,0.49,0.5,BE,-0.3275,-0.3275,0.5,0.5,-0.25,-0.25,-0.25,0.5,0.5,0.0,0.5,0.5,0.5
EURUSD.dk,2021.05.06 04:00:00,2.51,2.5029,TP,-0.0841,-0.0841,2.5029,2.5029,2.5029,2.5029,2.5029,2.5029,2.5029,2.5029,2.5029,2.5029,2.5029
EURUSD.dk,2021.05.12 04:00:00,-1.16,-1.0,SL,,,-1.0,-1.0,-1.0,-1.0,-1.0,-1.0,-1.0,-1.0,-1.0,-1.0,-1.0
EURUSD.dk,2021.05.14 04:00:00,0.51,0.5,BE,-0.2589,-0.0189,0.5,0.5,0.5,0.5,1.25,0.5,0.5,0.0,0.5,0.5,0.5
EURUSD.dk,2021.06.04 12:00:00,-1.0,-1.0,SL,-1.1195,-1.1195,-0.5,-0.5,-0.25,-0.5,-0.5,-1.0,-1.0,-1.0,-0.1055,0.083,0.315
EURUSD.dk,2021.07.04 20:00:00,-1.0,-1.0,SL,,,-1.0,-1.0,-1.0,-1.0,-1.0,-1.0,-1.0,-1.0,-1.0,-1.0,-1.0
EURUSD.dk,2021.07.05 20:00:00,-1.0,-1.0,SL,,,-1.0,-1.0,-1.0,-1.0,-1.0,-1.0,-1.0,-1.0,-1.0,-1.0,-1.0
EURUSD.dk,2021.07.06 08:00:00,0.5,0.5,BE,-0.1123,-0.093,0.5,0.5,0.5,0.5,0.5,0.25,0.5,0.0,0.5,0.5,0.5
EURUSD.dk,2021.07.12 08:00:00,0.5,0.5,BE,-0.2905,-0.2905,0.5,0.5,0.5,0.5,0.625,0.5,0.5,0.0,-0.0338,0.5,0.5
EURUSD.dk,2021.07.15 08:00:00,0.51,0.5,BE,-0.338,-0.338,0.5,0.5,0.5,0.5,0.5,0.25,0.5,0.0,0.3634,0.5,0.5
EURUSD.dk,2021.07.19 16:00:00,0.52,0.5,BE,-0.2111,-0.2111,0.5,0.5,0.5,0.5,0.75,0.5,0.5,0.0,0.5,0.5,0.5
EURUSD.dk,2021.07.22 12:00:00,-1.0,-1.0,SL,,,-1.0,-1.0,-1.0,-1.0,-1.0,-1.0,-1.0,-1.0,0.1113,-0.3872,-0.4771
EURUSD.dk,2021.08.03 12:00:00,-1.0,-1.0,SL,-1.1264,,-0.5,-1.0,-1.0,-0.75,-0.75,-1.0,-1.0,-1.0,-1.0,-1.0,-1.0
EURUSD.dk,2021.08.04 12:00:00,0.51,0.5,BE,-0.0487,-0.0487,0.5,0.5,0.5,0.5,1.125,0.5,0.5,0.0,0.0822,0.5,0.5
EURUSD.dk,2021.09.07 08:00:00,2.51,2.496,TP,-0.1383,-0.1383,2.496,2.496,2.496,2.496,1.125,2.496,2.496,2.496,2.496,2.496,2.496
EURUSD.dk,2021.09.16 12:00:00,2.53,2.5,TP,-0.4981,-0.4981,2.5,2.5,2.5,2.5,0.75,2.5,2.5,2.5,2.5,2.5,2.5
EURUSD.dk,2021.10.10 20:00:00,-1.01,-1.0,SL,,,-1.0,-1.0,-1.0,-1.0,-1.0,-1.0,-1.0,-1.0,-1.0,-1.0,-1.0
EURUSD.dk,2021.10.11 08:00:00,0.53,0.5,BE,-0.765,-0.2,0.5,0.5,0.5,0.5,0.5,0.5,0.5,0.0,0.5,0.5,0.5
EURUSD.dk,2021.10.12 04:00:00,0.53,0.5,BE,-0.6852,-0.1667,0.5,0.5,0.5,0.5,0.875,0.5,0.5,0.0,0.5,0.5,0.5
EURUSD.dk,2021.10.18 00:00:00,-1.0,-1.0,SL,-1.2283,,-0.5,-1.0,-1.0,-0.75,-0.75,-1.0,-1.0,-1.0,-1.0,-1.0,-1.0
EURUSD.dk,2021.10.21 16:00:00,-1.01,-1.0,SL,,,-1.0,-1.0,-1.0,-1.0,-1.0,-1.0,-1.0,-1.0,-1.0,-1.0,-1.0
EURUSD.dk,2021.10.25 08:00:00,-1.0,-1.0,SL,-1.425,,-0.5,-1.0,-1.0,-0.75,-0.75,-1.0,-1.0,-1.0,-0.1383,0.0506,0.1838
EURUSD.dk,2021.10.29 12:00:00,2.57,2.5,TP,-0.4519,0.1137,2.5,2.5,2.5,2.5,1.375,2.5,2.5,2.5,-0.1672,-0.4076,-0.2878
EURUSD.dk,2022.03.08 20:00:00,-1.0,-1.0,SL,,,-1.0,-1.0,-1.0,-1.0,-1.0,-1.0,-1.0,-1.0,-1.0,-1.0,-1.0
EURUSD.dk,2022.03.10 16:00:00,-1.0,-1.0,SL,-1.0784,-1.0784,-0.5,-0.5,-0.25,-0.5,-0.5,-1.0,-1.0,-1.0,-1.0,-1.0,-1.0
EURUSD.dk,2022.03.18 08:00:00,-1.01,-1.0,SL,-1.138,-1.138,-0.5,-0.5,-0.25,-0.25,-0.25,-1.0,-1.0,-1.0,-0.284,-1.0,-1.0
EURUSD.dk,2022.04.07 12:00:00,0.22,0.5,BE,-0.5791,-0.5791,0.5,0.5,0.5,0.5,0.625,0.25,0.5,2.5023,0.5,0.5,0.5
EURUSD.dk,2022.04.10 20:00:00,-1.0,-1.0,SL,,,-1.0,-1.0,-1.0,-1.0,-1.0,-1.0,-1.0,-1.0,-1.0,-1.0,-1.0
EURUSD.dk,2022.04.11 12:00:00,0.51,0.5,BE,-0.4628,-0.3091,0.5,0.5,0.5,0.5,0.5,0.25,0.5,0.0,0.3802,0.5,0.5
EURUSD.dk,2022.04.14 08:00:00,0.51,0.5,BE,-0.4098,-0.4098,0.5,0.5,0.5,0.5,0.875,0.5,0.5,0.0,0.5,0.5,0.5
EURUSD.dk,2022.04.21 20:00:00,2.5,2.5015,TP,-0.2581,-0.153,2.5015,2.5015,2.5015,2.5015,2.5015,2.5015,2.5015,2.5015,2.5015,2.5015,2.5015
EURUSD.dk,2022.04.29 08:00:00,0.5,0.5,BE,-0.6417,-0.6417,-0.5,-0.5,-0.25,-0.5,-0.5,0.25,0.0,0.0,0.5,0.5,0.5
EURUSD.dk,2022.05.03 12:00:00,-1.0,-1.0,SL,-1.9211,-1.9211,-0.5,-0.5,-0.25,-0.5,-0.5,-1.0,-1.0,-1.0,-1.0,-1.0,-1.0
EURUSD.dk,2022.05.05 08:00:00,0.49,0.5,BE,-0.5214,-0.5214,-0.5,-0.5,-0.25,-0.5,-0.5,0.5,0.5,0.0,0.5,0.5,0.5
EURUSD.dk,2022.05.18 16:00:00,-1.0,-1.0,SL,,,-1.0,-1.0,-1.0,-1.0,-1.0,-1.0,-1.0,-1.0,-1.0,-1.0,-1.0
EURUSD.dk,2022.05.25 12:00:00,-1.0,-1.0,SL,,,-1.0,-1.0,-1.0,-1.0,-1.0,-1.0,-1.0,-1.0,-1.0,-1.0,-1.0
EURUSD.dk,2022.05.31 08:00:00,0.51,0.5,BE,-0.5178,-0.5178,-0.5,-0.5,-0.25,-0.5,-0.5,0.25,0.5,2.4984,0.5,0.5,0.5
EURUSD.dk,2022.06.03 12:00:00,0.5,0.5,BE,-0.3646,-0.3646,0.5,0.5,0.5,0.5,0.5,0.25,0.0,0.0,-0.3591,0.5,0.5
EURUSD.dk,2022.06.07 20:00:00,0.53,0.5,BE,-2.1865,-2.1865,0.5,0.5,0.5,0.5,0.5,0.25,0.0,0.0,0.5,0.5,0.5
EURUSD.dk,2022.06.09 04:00:00,-1.0,-1.0,SL,,,-1.0,-1.0,-1.0,-1.0,-1.0,-1.0,-1.0,-1.0,-1.0,-1.0,-1.0
EURUSD.dk,2022.06.09 12:00:00,2.57,2.4996,TP,-0.0215,0.1988,2.4996,2.4996,2.4996,2.4996,1.125,2.4996,2.4996,2.4996,2.4996,2.4996,2.4996
EURUSD.dk,2022.07.13 16:00:00,0.51,0.5,BE,-0.099,-0.099,0.5,0.5,0.5,0.5,0.75,0.5,0.0,0.0,0.5,0.5,0.5
EURUSD.dk,2022.07.22 04:00:00,-1.0,-1.0,SL,,,-1.0,-1.0,-1.0,-1.0,-1.0,-1.0,-1.0,-1.0,-1.0,-1.0,-1.0
EURUSD.dk,2022.07.25 04:00:00,-1.02,-1.0,SL,,,-1.0,-1.0,-1.0,-1.0,-1.0,-1.0,-1.0,-1.0,-1.0,-1.0,-1.0
EURUSD.dk,2022.07.26 08:00:00,-1.0,-1.0,SL,-1.1266,,-0.5,-1.0,-1.0,-0.75,-0.75,-1.0,-1.0,-1.0,-0.1567,0.1071,-0.6323
EURUSD.dk,2022.08.12 08:00:00,2.5,2.5,TP,-0.2573,-0.2573,2.5,2.5,2.5,2.5,1.5,2.5,2.5,2.5,2.5,2.5,2.5
EURUSD.dk,2022.08.23 16:00:00,0.51,0.5,BE,-0.5779,-0.5779,-0.5,-0.5,-0.25,-0.25,-0.25,0.25,0.0,0.0,0.5,0.5,0.5
EURUSD.dk,2022.08.24 20:00:00,-1.02,-1.0,SL,,,-1.0,-1.0,-1.0,-1.0,-1.0,-1.0,-1.0,-1.0,-1.0,-1.0,-1.0
EURUSD.dk,2022.08.25 08:00:00,-1.0,-1.0,SL,-1.8651,,-0.5,-1.0,-1.0,-0.75,-0.75,-1.0,-1.0,-1.0,-0.3421,-1.0,-1.0
EURUSD.dk,2022.08.26 16:00:00,-1.0,-1.0,SL,-1.1251,-1.1251,-0.5,-0.5,-0.25,-0.75,-0.75,-1.0,-1.0,-1.0,-0.2471,-0.4103,-0.7591
EURUSD.dk,2022.09.13 12:00:00,0.5,0.5,BE,-0.2757,-0.0153,0.5,0.5,0.5,0.5,1.125,0.5,0.5,0.0,0.0153,0.0301,-0.0786
EURUSD.dk,2022.10.05 12:00:00,0.48,0.5,BE,-0.1232,-0.0601,0.5,0.5,0.5,0.5,0.75,0.5,0.5,0.0,0.4521,0.5,0.5
EURUSD.dk,2022.10.19 08:00:00,-1.0,-1.0,SL,-1.3182,-1.3182,-0.5,-0.5,-0.25,-0.5,-0.5,-1.0,-1.0,-1.0,-0.3386,-1.0,-1.0
EURUSD.dk,2022.10.27 16:00:00,0.48,0.5,BE,-0.1944,-0.0448,0.5,0.5,0.5,0.5,0.5,0.5,0.5,0.0,0.043,0.5,0.5
EURUSD.dk,2022.11.02 16:00:00,-1.0,-1.0,SL,-1.1743,-1.1743,-0.5,-0.5,-0.25,-0.5,-0.5,-1.0,-1.0,-1.0,-1.0,-1.0,-1.0
EURUSD.dk,2022.11.10 04:00:00,0.46,0.5,BE,-3.796,-3.796,0.5,0.5,0.5,0.5,0.5,0.25,0.5,0.0,0.5,0.5,0.5
EURUSD.dk,2022.11.22 20:00:00,0.51,0.5,BE,-0.2688,-0.2688,0.5,0.5,0.5,0.5,1.125,0.5,0.5,2.4992,0.5,0.5,0.5
EURUSD.dk,2022.11.30 16:00:00,2.5,2.4996,TP,-0.1598,0.1125,2.4996,2.4996,2.4996,2.4996,0.625,2.4996,2.4996,2.4996,2.4996,2.4996,2.4996
EURUSD.dk,2023.01.26 16:00:00,-1.0,-1.0,SL,-1.2238,,-0.5,-1.0,-1.0,-0.75,-0.75,-1.0,-1.0,-1.0,-1.0,-1.0,-1.0
EURUSD.dk,2023.01.30 08:00:00,-1.0,-1.0,SL,-1.2344,,-0.5,-1.0,-1.0,-0.75,-0.75,-1.0,-1.0,-1.0,-1.0,-1.0,-1.0
EURUSD.dk,2023.01.31 16:00:00,0.51,0.5,BE,-0.8472,-0.8472,0.5,0.5,0.5,0.5,1.25,0.5,0.5,0.0,0.5,0.5,0.5
EURUSD.dk,2023.02.09 08:00:00,-1.0,-1.0,SL,-1.2593,,-0.5,-1.0,-1.0,-0.75,-0.75,-1.0,-1.0,-1.0,-1.0,-1.0,-1.0
EURUSD.dk,2023.02.13 12:00:00,0.51,0.5,BE,-0.2104,-0.2104,0.5,0.5,0.5,0.5,0.625,0.25,0.0,0.0,0.5,0.5,0.5
EURUSD.dk,2023.02.14 16:00:00,-1.0,-1.0,SL,,,-1.0,-1.0,-1.0,-1.0,-1.0,-1.0,-1.0,-1.0,-1.0,-1.0,-1.0
EURUSD.dk,2023.02.17 16:00:00,-1.0,-1.0,SL,,,-1.0,-1.0,-1.0,-1.0,-1.0,-1.0,-1.0,-1.0,-0.1183,-0.1297,-0.8002
EURUSD.dk,2023.02.27 12:00:00,0.51,0.5,BE,-0.5064,-0.5064,-0.5,-0.5,-0.25,-0.5,-0.5,0.25,0.5,0.0,0.5,0.5,0.5
EURUSD.dk,2023.03.03 16:00:00,0.5,0.5,BE,-1.2283,-1.2283,0.5,0.5,0.5,0.5,0.5,0.25,0.5,0.0,0.5,0.5,0.5
EURUSD.dk,2023.03.17 00:00:00,2.54,2.5009,TP,-0.5262,-0.5262,-0.5,-0.5,-0.25,-0.5,-0.5,2.5009,2.5009,2.5009,2.5009,2.5009,2.5009
EURUSD.dk,2023.03.27 12:00:00,0.5,2.5,TP,0.0087,0.0087,2.5,2.5,2.5,2.5,1.375,2.5,2.5,2.5,2.5,2.5,2.5
EURUSD.dk,2023.04.03 08:00:00,0.5,0.5,BE,-0.1638,-0.0044,0.5,0.5,0.5,0.5,0.5,0.5,0.5,0.0,0.5,0.5,0.5
EURUSD.dk,2023.04.09 20:00:00,-1.01,-1.0,SL,,,-1.0,-1.0,-1.0,-1.0,-1.0,-1.0,-1.0,-1.0,-1.0,-1.0,-1.0
EURUSD.dk,2023.04.10 04:00:00,-1.0,-1.0,SL,,,-1.0,-1.0,-1.0,-1.0,-1.0,-1.0,-1.0,-1.0,-1.0,-1.0,-1.0
EURUSD.dk,2023.04.11 04:00:00,2.52,2.5,TP,-0.0253,-0.0253,2.5,2.5,2.5,2.5,2.5,2.5,2.5,2.5,2.5,2.5,2.5
EURUSD.dk,2023.04.14 16:00:00,-1.0,-1.0,SL,,,-1.0,-1.0,-1.0,-1.0,-1.0,-1.0,-1.0,-1.0,-1.0,-1.0,-1.0
EURUSD.dk,2023.04.18 04:00:00,-1.0,-1.0,SL,-1.0391,,-0.5,-1.0,-1.0,-0.75,-0.75,-1.0,-1.0,-1.0,-0.1507,-1.0,-1.0
EURUSD.dk,2023.04.20 12:00:00,0.51,0.5,BE,-0.701,-0.701,-0.5,0.5,0.5,0.5,1.25,0.5,0.5,0.0,0.5,0.5,0.5
EURUSD.dk,2023.04.26 04:00:00,0.52,0.5,BE,-0.5065,-0.5065,0.5,0.5,0.5,0.5,0.625,0.25,0.0,0.0,0.5,0.5,0.5
EURUSD.dk,2023.04.27 16:00:00,-1.0,-1.0,SL,-1.4674,,-0.5,-1.0,-1.0,-0.75,-0.75,-1.0,-1.0,-1.0,-1.0,-1.0,-1.0
EURUSD.dk,2023.04.28 12:00:00,-1.0,-1.0,SL,,,-1.0,-1.0,-1.0,-1.0,-1.0,-1.0,-1.0,-1.0,-0.3263,-1.0,-1.0
EURUSD.dk,2023.05.02 16:00:00,0.5,0.5,BE,-0.2991,-0.2991,0.5,0.5,0.5,0.5,0.625,0.25,0.5,0.0,0.5,0.5,0.5
EURUSD.dk,2023.05.05 00:00:00,-1.33,-1.0,SL,,,-1.0,-1.0,-1.0,-1.0,-1.0,-1.0,-1.0,-1.0,-1.0,-1.0,-1.0
EURUSD.dk,2023.05.21 20:00:00,-1.01,-1.0,SL,-1.3717,,-0.5,-1.0,-1.0,-0.75,-0.75,-1.0,-1.0,-1.0,-0.4312,-1.0,-1.0
EURUSD.dk,2023.05.30 08:00:00,-1.0,-1.0,SL,,,-1.0,-1.0,-1.0,-1.0,-1.0,-1.0,-1.0,-1.0,-1.0,-1.0,-1.0
EURUSD.dk,2023.06.06 00:00:00,0.54,0.5,BE,-3.6036,-3.6036,0.5,0.5,0.5,0.5,0.625,0.25,0.0,0.0,0.5,0.5,0.5
EURUSD.dk,2023.06.07 20:00:00,2.51,2.5054,TP,-0.337,-0.337,2.5054,2.5054,2.5054,2.5054,2.5054,2.5054,2.5054,2.5054,2.5054,2.5054,2.5054
EURUSD.dk,2023.06.08 12:00:00,2.5,2.4994,TP,-0.0633,-0.0633,2.4994,2.4994,2.4994,2.4994,1.375,2.4994,2.4994,2.4994,-0.3846,-0.1985,0.1873
EURUSD.dk,2023.07.18 16:00:00,-1.0,-1.0,SL,,,-1.0,-1.0,-1.0,-1.0,-1.0,-1.0,-1.0,-1.0,-1.0,-1.0,-1.0
EURUSD.dk,2023.07.19 04:00:00,-1.01,-1.0,SL,-1.5714,,-0.5,-1.0,-1.0,-0.75,-0.75,-1.0,-1.0,-1.0,-1.0,-1.0,-1.0
EURUSD.dk,2023.07.20 00:00:00,-1.0,-1.0,SL,,,-1.0,-1.0,-1.0,-1.0,-1.0,-1.0,-1.0,-1.0,-1.0,-1.0,-1.0
EURUSD.dk,2023.07.26 16:00:00,0.5,0.5,BE,-2.6533,-2.6533,0.5,0.5,0.5,0.5,0.625,0.25,0.0,0.0,0.5,0.5,0.5
EURUSD.dk,2023.08.01 20:00:00,-1.0,-1.0,SL,,,-1.0,-1.0,-1.0,-1.0,-1.0,-1.0,-1.0,-1.0,-1.0,-1.0,-1.0
EURUSD.dk,2023.08.04 12:00:00,-1.0,-1.0,SL,,,-1.0,-1.0,-1.0,-1.0,-1.0,-1.0,-1.0,-1.0,-0.4947,-0.9096,-1.0
EURUSD.dk,2023.08.09 04:00:00,0.5,0.5,BE,-0.6398,-0.2334,0.5,0.5,0.5,0.5,1.125,0.5,0.0,0.0,0.5,0.5,0.5
EURUSD.dk,2023.08.11 00:00:00,0.54,0.5,BE,-0.8148,-0.8148,0.5,0.5,0.5,0.5,0.5,0.25,0.0,0.0,0.5,0.5,0.5
EURUSD.dk,2023.08.11 04:00:00,-1.0,-1.0,SL,-2.4269,-2.4269,-0.5,-0.5,-0.25,-0.5,-0.5,-1.0,-1.0,-1.0,-1.0,-1.0,-1.0
EURUSD.dk,2023.08.21 04:00:00,0.52,0.5,BE,-0.6262,-0.6262,0.5,0.5,0.5,0.5,0.5,0.25,0.5,0.0,0.5,0.5,0.5
EURUSD.dk,2023.08.21 16:00:00,0.52,0.5,BE,-0.6856,-0.6856,0.5,0.5,0.5,0.5,0.625,0.25,0.5,0.0,0.5,0.5,0.5
EURUSD.dk,2023.10.01 20:00:00,-1.0,-1.0,SL,,,-1.0,-1.0,-1.0,-1.0,-1.0,-1.0,-1.0,-1.0,-1.0,-1.0,-1.0
EURUSD.dk,2023.10.02 08:00:00,0.5,0.5,BE,-0.0978,-0.0978,0.5,0.5,0.5,0.5,0.625,0.25,0.5,0.0,0.5,0.5,0.5
EURUSD.dk,2023.10.09 04:00:00,-1.0,-1.0,SL,,,-1.0,-1.0,-1.0,-1.0,-1.0,-1.0,-1.0,-1.0,-1.0,-1.0,-1.0
EURUSD.dk,2023.10.24 12:00:00,-1.0,-1.0,SL,-1.3681,-1.3681,-0.5,-0.5,-0.25,-0.5,-0.5,-1.0,-1.0,-1.0,0.1024,-1.0,-1.0
EURUSD.dk,2023.11.07 08:00:00,-1.0,-1.0,SL,-1.0729,,-0.5,-1.0,-1.0,-0.75,-0.75,-1.0,-1.0,-1.0,-0.0646,-0.2979,-1.0
EURUSD.dk,2023.11.09 16:00:00,-1.0,-1.0,SL,,,-1.0,-1.0,-1.0,-1.0,-1.0,-1.0,-1.0,-1.0,-0.2026,-0.3542,-1.0
EURUSD.dk,2023.11.17 08:00:00,0.51,0.5,BE,-0.3122,-0.3122,0.5,0.5,0.5,0.5,1.0,0.5,0.5,0.0,0.5,0.5,0.5
EURUSD.dk,2023.11.23 00:00:00,0.5,0.5,BE,-0.3918,-0.3918,0.5,0.5,-0.25,0.5,1.125,0.5,0.5,0.0,0.5,0.5,0.5
EURUSD.dk,2023.12.12 04:00:00,0.52,0.5,BE,-0.5194,-0.5194,0.5,0.5,0.5,0.5,0.625,0.25,2.5,2.5,0.5,0.5,0.5
EURUSD.dk,2023.12.12 16:00:00,2.55,2.5,TP,-0.6759,-0.4032,-0.5,2.5,-0.25,-0.25,-0.25,2.5,2.5,2.5,2.5,2.5,2.5
EURUSD.dk,2023.12.13 16:00:00,0.5,0.5,BE,-0.0965,-0.0965,0.5,0.5,0.5,0.5,1.0,0.5,0.5,0.0,0.5,0.5,0.5
EURUSD.dk,2023.12.18 00:00:00,2.5,2.4955,TP,-0.1704,-0.1704,2.4955,2.4955,2.4955,2.4955,1.625,2.4955,2.4955,2.4955,2.4955,2.4955,2.4955
EURUSD.dk,2023.12.21 12:00:00,0.5,0.5,BE,-0.4066,-0.4066,0.5,0.5,0.5,0.5,1.25,0.5,0.5,0.0,0.5,0.5,0.5
EURUSD.dk,2024.01.05 12:00:00,-1.0,-1.0,SL,,,-1.0,-1.0,-1.0,-1.0,-1.0,-1.0,-1.0,-1.0,-0.3855,-0.4475,-0.3101
EURUSD.dk,2024.01.25 04:00:00,-1.01,-1.0,SL,-2.8867,-2.8867,-0.5,-0.5,-0.25,-0.5,-0.5,-1.0,-1.0,-1.0,-1.0,-1.0,-1.0
EURUSD.dk,2024.01.26 08:00:00,-1.0,-1.0,SL,,,-1.0,-1.0,-1.0,-1.0,-1.0,-1.0,-1.0,-1.0,-0.5802,-1.0,-1.0
EURUSD.dk,2024.01.30 08:00:00,-1.02,-1.0,SL,-1.1046,,-0.5,-1.0,-1.0,-0.75,-0.75,-1.0,-1.0,-1.0,-1.0,-1.0,-1.0
EURUSD.dk,2024.01.31 08:00:00,0.39,0.5,BE,-0.6592,-0.6592,0.5,0.5,0.5,0.5,0.625,0.25,0.0,0.0,0.5,0.5,0.5
EURUSD.dk,2024.02.01 20:00:00,-1.0,-1.0,SL,-1.2723,,-0.5,-1.0,-1.0,-0.75,-0.75,-1.0,-1.0,-1.0,-1.0,-1.0,-1.0
EURUSD.dk,2024.02.07 12:00:00,-1.0,-1.0,SL,,,-1.0,-1.0,-1.0,-1.0,-1.0,-1.0,-1.0,-1.0,-1.0,-1.0,-1.0
EURUSD.dk,2024.02.08 08:00:00,-1.0,-1.0,SL,-1.1625,-1.1625,-0.5,-0.5,-0.25,-0.25,-0.25,-1.0,-1.0,-1.0,-1.0,-1.0,-1.0
EURUSD.dk,2024.02.12 08:00:00,0.52,0.5,BE,-0.7698,-0.7698,-0.5,0.5,0.5,-0.75,-0.75,0.5,0.5,0.0,-0.2196,0.5,0.5
EURUSD.dk,2024.02.28 20:00:00,-1.0,-1.0,SL,-1.2738,-1.2738,-0.5,-0.5,-0.25,-0.5,-0.5,-1.0,-1.0,-1.0,-1.0,-1.0,-1.0
EURUSD.dk,2024.03.03 20:00:00,0.53,0.5,BE,-0.201,-0.201,0.5,0.5,0.5,0.5,0.5,2.4951,0.5,2.4951,0.5,0.5,0.5
EURUSD.dk,2024.03.05 08:00:00,0.56,0.5,BE,-0.9697,-0.9697,0.5,0.5,0.5,0.5,1.25,0.5,0.5,2.5101,0.5,0.5,0.5
EURUSD.dk,2024.03.05 20:00:00,2.51,2.5,TP,-0.3593,-0.3593,2.5,2.5,2.5,2.5,1.75,2.5,2.5,2.5,2.5,2.5,2.5
EURUSD.dk,2024.03.07 12:00:00,-1.0,-1.0,SL,-1.2177,-1.2177,-0.5,-0.5,-0.25,-0.25,-0.25,-1.0,-1.0,-1.0,-1.0,-1.0,-1.0
EURUSD.dk,2024.03.20 16:00:00,-1.0,-1.0,SL,,,-1.0,-1.0,-1.0,-1.0,-1.0,-1.0,-1.0,-1.0,-0.7425,-1.0,-1.0
EURUSD.dk,2024.03.26 04:00:00,0.56,0.5,BE,-2.0118,-2.0118,0.5,0.5,0.5,0.5,1.25,0.5,0.5,0.0,0.5,0.5,0.5
EURUSD.dk,2024.04.02 16:00:00,-1.0,-1.0,SL,-1.3178,,-0.5,-1.0,-1.0,-0.75,-0.75,-1.0,-1.0,-1.0,-1.0,-1.0,-1.0
EURUSD.dk,2024.05.07 20:00:00,-1.0,-1.0,SL,-1.0308,-1.0308,-0.5,-0.5,-0.25,-0.5,-0.5,-1.0,-1.0,-1.0,0.0769,-1.0,-1.0
EURUSD.dk,2024.05.20 12:00:00,0.56,0.5,BE,-0.5854,-0.5854,0.5,0.5,0.5,0.5,0.5,0.25,0.0,0.0,0.5,0.5,0.5
EURUSD.dk,2024.05.20 20:00:00,-1.02,-1.0,SL,,,-1.0,-1.0,-1.0,-1.0,-1.0,-1.0,-1.0,-1.0,-1.0,-1.0,-1.0
EURUSD.dk,2024.05.21 04:00:00,-1.03,-1.0,SL,-1.457,-1.457,-0.5,-0.5,-0.25,-0.5,-0.5,-1.0,-1.0,-1.0,-1.0,-1.0,-1.0
EURUSD.dk,2024.05.23 08:00:00,-1.0,-1.0,SL,-1.1504,,-0.5,-1.0,-1.0,-0.75,-0.75,-1.0,-1.0,-1.0,-1.0,-1.0,-1.0
EURUSD.dk,2024.05.24 08:00:00,0.51,0.5,BE,-0.3147,-0.3147,0.5,0.5,0.5,0.5,0.625,0.25,0.5,0.0,0.2533,0.5,0.5
EURUSD.dk,2024.05.31 08:00:00,0.49,0.5,BE,-1.1124,-1.1124,-0.5,-0.5,-0.25,-0.5,-0.5,0.25,0.5,0.0,0.5,0.5,0.5
EURUSD.dk,2024.06.12 20:00:00,-1.0,-1.0,SL,,,-1.0,-1.0,-1.0,-1.0,-1.0,-1.0,-1.0,-1.0,-1.0,-1.0,-1.0
EURUSD.dk,2024.06.18 00:00:00,-1.02,-1.0,SL,-2.0331,-2.0331,-0.5,-0.5,-0.25,-0.25,-0.25,-1.0,-1.0,-1.0,-1.0,-1.0,-1.0
EURUSD.dk,2024.07.10 20:00:00,2.51,2.5,TP,-0.0694,0.2775,2.5,2.5,2.5,2.5,1.875,2.5,2.5,2.5,2.5,2.5,2.5
EURUSD.dk,2024.07.16 04:00:00,-1.0,-1.0,SL,-1.5977,,-0.5,-1.0,-1.0,-0.75,-0.75,-1.0,-1.0,-1.0,-1.0,-1.0,-1.0
EURUSD.dk,2024.07.16 16:00:00,0.51,0.5,BE,-0.2571,-0.2571,0.5,0.5,0.5,0.5,0.625,0.25,0.5,0.0,0.5,0.5,0.5
EURUSD.dk,2024.07.23 00:00:00,-1.0,-1.0,SL,,,-1.0,-1.0,-1.0,-1.0,-1.0,-1.0,-1.0,-1.0,-1.0,-1.0,-1.0
EURUSD.dk,2024.07.25 12:00:00,-1.0,-1.0,SL,-1.2925,,-0.5,-1.0,-1.0,-0.75,-0.75,-1.0,-1.0,-1.0,-0.0627,-1.0,-1.0
EURUSD.dk,2024.08.01 00:00:00,-1.0,-1.0,SL,,,-1.0,-1.0,-1.0,-1.0,-1.0,-1.0,-1.0,-1.0,-1.0,-1.0,-1.0
EURUSD.dk,2024.08.06 12:00:00,-1.0,-1.0,SL,-1.76,-1.76,-0.5,-0.5,-0.25,-0.75,-0.75,-1.0,-1.0,-1.0,-0.032,-1.0,-1.0
EURUSD.dk,2024.08.09 00:00:00,2.53,2.5,TP,-0.7056,-0.4721,-0.5,2.5,-0.25,-0.25,-0.25,2.5,2.5,2.5,-0.5178,2.5,2.5
EURUSD.dk,2024.08.16 04:00:00,0.53,2.503,TP,-0.3892,-0.3892,2.503,2.503,2.503,2.503,1.875,2.503,2.503,2.503,2.503,2.503,2.503
EURUSD.dk,2024.08.16 12:00:00,2.5,2.5,TP,-0.0229,-0.0229,2.5,2.5,2.5,2.5,2.5,2.5,2.5,2.5,2.5,2.5,2.5
EURUSD.dk,2024.08.22 20:00:00,2.51,2.4975,TP,-0.5245,-0.5245,-0.5,-0.5,-0.25,-0.25,-0.25,2.4975,2.4975,2.4975,2.4975,2.4975,2.4975
EURUSD.dk,2024.08.23 16:00:00,-1.0,-1.0,SL,,,-1.0,-1.0,-1.0,-1.0,-1.0,-1.0,-1.0,-1.0,-0.3096,-0.3525,-0.7333
EURUSD.dk,2024.09.04 12:00:00,0.51,0.5,BE,-0.3575,-0.3575,0.5,0.5,-0.25,-0.25,-0.25,0.5,0.0,0.0,0.5,0.5,0.5
EURUSD.dk,2024.09.06 16:00:00,-1.01,-1.0,SL,,,-1.0,-1.0,-1.0,-1.0,-1.0,-1.0,-1.0,-1.0,-1.0,-1.0,-1.0
EURUSD.dk,2024.09.12 12:00:00,2.51,2.5014,TP,-0.0872,-0.0872,2.5014,2.5014,2.5014,2.5014,1.375,2.5014,2.5014,2.5014,2.5014,2.5014,2.5014
EURUSD.dk,2024.09.18 20:00:00,-1.0,-1.0,SL,,,-1.0,-1.0,-1.0,-1.0,-1.0,-1.0,-1.0,-1.0,-1.0,-1.0,-1.0
EURUSD.dk,2024.09.19 00:00:00,0.51,0.5,BE,-0.0718,-0.0718,0.5,0.5,0.5,0.5,0.5,0.25,0.5,0.0,0.5,0.5,0.5
EURUSD.dk,2024.09.19 16:00:00,-1.0,-1.0,SL,-1.3197,,-0.5,-1.0,-1.0,-0.75,-0.75,-1.0,-1.0,-1.0,-0.002,-1.0,-1.0
EURUSD.dk,2024.09.24 12:00:00,0.5,0.5,BE,-0.1701,-0.1701,0.5,0.5,0.5,0.5,0.5,0.25,0.0,0.0,0.5,0.5,0.5
EURUSD.dk,2024.09.26 08:00:00,0.49,0.5,BE,-0.9484,-0.9484,0.5,0.5,0.5,0.5,0.5,0.25,0.5,0.0,0.5,0.5,0.5
EURUSD.dk,2024.09.27 08:00:00,0.51,0.5,BE,-0.6781,-0.6781,0.5,0.5,-0.25,-0.25,-0.25,0.25,0.0,0.0,0.5,0.5,0.5
EURUSD.dk,2024.10.21 04:00:00,0.51,0.5,BE,-0.4387,-0.4387,0.5,0.5,0.5,0.5,1.625,0.5,0.5,0.0,0.5,0.5,0.5
EURUSD.dk,2024.11.01 12:00:00,-1.0,-1.0,SL,-1.0935,,-0.5,-1.0,-1.0,-0.75,-0.75,-1.0,-1.0,-1.0,-1.0,-1.0,-1.0
EURUSD.dk,2024.11.07 16:00:00,2.53,2.4979,TP,-0.3202,-0.0517,2.4979,2.4979,2.4979,2.4979,1.875,2.4979,2.4979,2.4979,2.4979,2.4979,2.4979
EURUSD.dk,2024.11.15 12:00:00,-1.0,-1.0,SL,-1.1597,,-0.5,-1.0,-1.0,-0.75,-0.75,-1.0,-1.0,-1.0,-0.1145,-1.0,-1.0
EURUSD.dk,2024.11.19 08:00:00,-1.0,-1.0,SL,,,-1.0,-1.0,-1.0,-1.0,-1.0,-1.0,-1.0,-1.0,-1.0,-1.0,-1.0
EURUSD.dk,2024.11.20 04:00:00,2.51,2.5015,TP,-0.0233,-0.0233,2.5015,2.5015,2.5015,2.5015,1.0,2.5015,2.5015,2.5015,2.5015,2.5015,2.5015
EURUSD.dk,2024.11.24 20:00:00,0.52,0.5,BE,-0.6846,-0.6846,0.5,0.5,0.5,0.5,0.5,0.25,0.5,0.0,0.5,0.5,0.5
EURUSD.dk,2024.11.25 20:00:00,-1.0,-1.0,SL,,,-1.0,-1.0,-1.0,-1.0,-1.0,-1.0,-1.0,-1.0,-1.0,-1.0,-1.0
EURUSD.dk,2024.11.26 12:00:00,-1.0,-1.0,SL,-1.4397,,-0.5,-1.0,-1.0,-0.75,-0.75,-1.0,-1.0,-1.0,-1.0,-1.0,-1.0
EURUSD.dk,2024.12.01 20:00:00,0.51,0.5,BE,-0.0539,-0.0539,0.5,0.5,0.5,0.5,0.875,0.5,0.5,0.0,0.5,0.5,0.5
EURUSD.dk,2024.12.04 16:00:00,-1.0,-1.0,SL,-2.2463,,-0.5,-1.0,-1.0,-0.75,-0.75,-1.0,-1.0,-1.0,-1.0,-1.0,-1.0
EURUSD.dk,2024.12.09 00:00:00,-1.0,-1.0,SL,,,-1.0,-1.0,-1.0,-1.0,-1.0,-1.0,-1.0,-1.0,-1.0,-1.0,-1.0
EURUSD.dk,2024.12.09 16:00:00,2.5,2.4988,TP,0.0879,0.0879,2.4988,2.4988,2.4988,2.4988,0.75,2.4988,2.4988,2.4988,2.4988,2.4988,2.4988
EURUSD.dk,2024.12.18 16:00:00,0.5,0.5,BE,-0.6289,-0.4278,-0.5,0.5,0.5,0.5,0.5,0.5,0.5,0.0,0.1242,-0.5233,-0.104
EURUSD.dk,2025.01.07 16:00:00,0.53,0.5,BE,-0.9058,-0.9058,0.5,0.5,0.5,0.5,1.0,0.5,0.5,0.0,0.5,0.5,0.5
EURUSD.dk,2025.01.17 04:00:00,-1.0,-1.0,SL,,,-1.0,-1.0,-1.0,-1.0,-1.0,-1.0,-1.0,-1.0,-1.0,-1.0,-1.0
EURUSD.dk,2025.01.17 16:00:00,-1.02,-1.0,SL,,,-1.0,-1.0,-1.0,-1.0,-1.0,-1.0,-1.0,-1.0,-1.0,-1.0,-1.0
EURUSD.dk,2025.01.27 20:00:00,1.02,0.5,BE,-0.3069,-0.3069,0.5,0.5,-0.25,0.5,1.125,0.5,0.5,0.0,0.0993,0.5,0.5
EURUSD.dk,2025.02.06 08:00:00,-1.0,-1.0,SL,,,-1.0,-1.0,-1.0,-1.0,-1.0,-1.0,-1.0,-1.0,-0.437,-1.0,-1.0
EURUSD.dk,2025.02.18 16:00:00,0.52,0.5,BE,-0.4215,-0.4215,0.5,0.5,0.5,0.5,0.75,0.5,0.0,0.0,0.5,0.5,0.5
EURUSD.dk,2025.03.14 08:00:00,-1.01,-1.0,SL,-1.1799,-1.1799,-0.5,-0.5,-0.25,-0.25,-0.25,-1.0,-1.0,-1.0,-0.295,-1.0,-1.0
EURUSD.dk,2025.03.27 12:00:00,0.49,0.5,BE,-0.7043,-0.7043,0.5,0.5,0.5,0.5,0.5,2.499,2.499,2.499,0.5,0.5,0.5
EURUSD.dk,2025.03.31 16:00:00,-1.02,-1.0,SL,-1.0912,,-0.5,-1.0,-1.0,-0.75,-0.75,-1.0,-1.0,-1.0,-1.0,-1.0,-1.0
EURUSD.dk,2025.04.02 08:00:00,2.52,2.498,TP,-0.251,-0.251,2.498,2.498,2.498,2.498,1.375,2.498,2.498,2.498,2.498,2.498,2.498
EURUSD.dk,2025.04.02 20:00:00,0.43,0.5,BE,-0.2068,-0.2068,0.5,0.5,0.5,0.5,1.0,0.5,0.5,2.5009,0.5,0.5,0.5
EURUSD.dk,2025.04.06 20:00:00,2.57,2.4996,TP,-0.8514,-0.8514,-0.5,-0.5,-0.25,-0.5,-0.5,2.4996,2.4996,2.4996,2.4996,2.4996,2.4996
EURUSD.dk,2025.04.15 20:00:00,2.52,2.4985,TP,-0.0147,-0.0147,2.4985,2.4985,2.4985,2.4985,1.375,2.4985,2.4985,2.4985,2.4985,2.4985,2.4985
EURUSD.dk,2025.04.25 12:00:00,-1.0,-1.0,SL,-1.1618,-1.1618,-0.5,-0.5,-0.25,-0.5,-0.5,-1.0,-1.0,-1.0,-0.4147,-1.0,-1.0
EURUSD.dk,2025.05.02 08:00:00,-1.0,-1.0,SL,-1.0039,,-0.5,-1.0,-1.0,-0.75,-0.75,-1.0,-1.0,-1.0,-0.4415,-0.1012,0.2037
EURUSD.dk,2025.05.13 16:00:00,2.5,2.499,TP,-0.6072,-0.6072,-0.5,-0.5,-0.25,-0.25,-0.25,2.499,2.499,2.499,2.499,2.499,2.499
EURUSD.dk,2025.06.13 12:00:00,-1.01,-1.0,SL,-1.1293,-1.1293,-0.5,-0.5,-0.25,-0.25,-0.25,-1.0,-1.0,-1.0,0.2323,-1.0,-1.0
EURUSD.dk,2025.06.19 20:00:00,2.5,2.5,TP,-0.9618,-0.9618,-0.5,-0.5,-0.25,-0.5,-0.5,2.5,2.5,2.5,2.5,2.5,2.5
EURUSD.dk,2025.07.02 12:00:00,-1.01,-1.0,SL,-1.5699,,-0.5,-1.0,-1.0,-0.75,-0.75,-1.0,-1.0,-1.0,-1.0,-1.0,-1.0
EURUSD.dk,2025.07.04 00:00:00,-1.02,-1.0,SL,-1.465,-1.465,-0.5,-0.5,-0.25,-0.5,-0.5,-1.0,-1.0,-1.0,-1.0,-1.0,-1.0
EURUSD.dk,2025.07.08 04:00:00,-1.0,-1.0,SL,,,-1.0,-1.0,-1.0,-1.0,-1.0,-1.0,-1.0,-1.0,-1.0,-1.0,-1.0
EURUSD.dk,2025.07.09 20:00:00,-1.01,-1.0,SL,,,-1.0,-1.0,-1.0,-1.0,-1.0,-1.0,-1.0,-1.0,-1.0,-1.0,-1.0
EURUSD.dk,2025.07.15 04:00:00,-1.01,-1.0,SL,,,-1.0,-1.0,-1.0,-1.0,-1.0,-1.0,-1.0,-1.0,-1.0,-1.0,-1.0
EURUSD.dk,2025.07.18 04:00:00,0.52,0.5,BE,-0.3036,-0.3036,0.5,0.5,0.5,0.5,0.5,2.4974,2.4974,2.4974,0.5,0.5,0.5
EURUSD.dk,2025.07.21 04:00:00,2.52,2.5032,TP,-0.3133,-0.3133,2.5032,2.5032,2.5032,2.5032,1.125,2.5032,2.5032,2.5032,2.5032,2.5032,2.5032
EURUSD.dk,2025.07.24 12:00:00,-1.0,-1.0,SL,-1.4332,,-0.5,-1.0,-1.0,-0.75,-0.75,-1.0,-1.0,-1.0,-1.0,-1.0,-1.0
EURUSD.dk,2025.07.25 16:00:00,-1.0,-1.0,SL,-1.6781,-1.6781,-0.5,-0.5,-0.25,-0.5,-0.5,-1.0,-1.0,-1.0,-1.0,-1.0,-1.0
EURUSD.dk,2025.08.01 12:00:00,0.47,0.5,BE,-0.1581,-0.043,0.5,0.5,0.5,0.5,1.0,0.5,0.5,1.0904,0.0746,-0.0889,0.2971
EURUSD.dk,2025.10.10 20:00:00,-1.0,-1.0,SL,,,-1.0,-1.0,-1.0,-1.0,-1.0,-1.0,-1.0,-1.0,-0.8392,-1.0,-1.0
EURUSD.dk,2025.10.14 12:00:00,0.5,0.5,BE,-0.0835,-0.0146,0.5,0.5,0.5,0.5,0.875,0.5,0.5,0.0,0.5,0.5,0.5
EURUSD.dk,2025.10.23 16:00:00,0.51,0.5,BE,-1.1782,-1.1782,0.5,0.5,0.5,0.5,0.75,0.5,0.5,0.0,0.5,0.5,0.5
EURUSD.dk,2025.11.06 08:00:00,2.51,2.4983,TP,-0.2165,-0.2165,2.4983,2.4983,2.4983,2.4983,1.125,2.4983,2.4983,2.4983,2.4983,2.4983,2.4983
EURUSD.dk,2025.11.17 04:00:00,-1.0,-1.0,SL,,,-1.0,-1.0,-1.0,-1.0,-1.0,-1.0,-1.0,-1.0,-1.0,-1.0,-1.0
EURUSD.dk,2025.11.24 08:00:00,2.53,2.5,TP,-0.4376,-0.4376,2.5,2.5,2.5,2.5,0.625,2.5,2.5,2.5,-0.4092,2.5,2.5
EURUSD.dk,2025.12.17 12:00:00,0.5,0.5,BE,-0.3728,-0.065,0.5,0.5,0.5,0.5,0.5,0.25,0.0,0.0,-0.4933,-0.8298,-0.3709
EURUSD.dk,2025.12.29 04:00:00,-1.0,-1.0,SL,-1.1124,,-0.5,-1.0,-1.0,-0.75,-0.75,-1.0,-1.0,-1.0,-1.0,-1.0,-1.0
EURUSD.dk,2025.12.29 20:00:00,-1.0,-1.0,SL,-1.0924,,-0.5,-1.0,-1.0,-0.75,-0.75,-1.0,-1.0,-1.0,-1.0,-1.0,-1.0
EURUSD.dk,2026.01.02 00:00:00,-1.0,-1.0,SL,,,-1.0,-1.0,-1.0,-1.0,-1.0,-1.0,-1.0,-1.0,-1.0,-1.0,-1.0
EURUSD.dk,2026.01.05 16:00:00,-1.0,-1.0,SL,,,-1.0,-1.0,-1.0,-1.0,-1.0,-1.0,-1.0,-1.0,-0.5312,-0.6346,-1.0
EURUSD.dk,2026.01.12 04:00:00,-1.0,-1.0,SL,,,-1.0,-1.0,-1.0,-1.0,-1.0,-1.0,-1.0,-1.0,-0.3201,-0.5942,-0.856
EURUSD.dk,2026.01.18 20:00:00,2.53,2.499,TP,-0.4116,0.1684,2.499,2.499,2.499,2.499,1.5,2.499,2.499,2.499,2.499,2.499,2.499
EURUSD.dk,2026.01.28 20:00:00,-1.0,-1.0,SL,,,-1.0,-1.0,-1.0,-1.0,-1.0,-1.0,-1.0,-1.0,-0.1502,-1.0,-1.0
EURUSD.dk,2026.02.06 12:00:00,0.52,0.5,BE,-0.3989,-0.3989,0.5,0.5,0.5,0.5,1.5,0.5,0.5,0.0,0.5,0.5,0.5
EURUSD.dk,2026.02.22 20:00:00,-1.0,-1.0,SL,,,-1.0,-1.0,-1.0,-1.0,-1.0,-1.0,-1.0,-1.0,-0.5745,-0.8454,-0.2624
EURUSD.dk,2026.03.11 20:00:00,0.51,0.5,BE,-0.2,-0.0149,0.5,0.5,0.5,0.5,0.875,0.5,0.5,0.0,0.2919,0.5,0.5
EURUSD.dk,2026.03.18 12:00:00,0.5,0.5,BE,-0.5702,-0.5702,0.5,0.5,0.5,0.5,0.75,0.5,0.5,0.0,0.5,0.5,0.5
EURUSD.dk,2026.03.23 04:00:00,0.5,-1.0,SL,,,-1.0,-1.0,-1.0,-1.0,-1.0,-1.0,-1.0,-1.0,-1.0,-1.0,-1.0
EURUSD.dk,2026.03.25 12:00:00,0.5,0.5,BE,-0.2743,-0.0914,0.5,0.5,0.5,0.5,1.125,0.5,0.5,0.0,0.5,0.5,0.5
EURUSD.dk,2026.04.02 00:00:00,-1.0,-1.0,SL,-1.7259,,-0.5,-1.0,-1.0,-0.75,-0.75,-1.0,-1.0,-1.0,0.0401,0.3452,-0.0126
EURUSD.dk,2026.04.13 20:00:00,-1.0,-1.0,SL,-1.1001,-1.1001,-0.5,-0.5,-0.25,-0.25,-0.25,-1.0,-1.0,-1.0,0.3532,0.4477,-1.0
EURUSD.dk,2026.04.24 12:00:00,-1.0,-1.0,SL,-1.29,-1.29,-0.5,-0.5,-0.25,-0.25,-0.25,-1.0,-1.0,-1.0,-1.0,-1.0,-1.0
EURUSD.dk,2026.05.26 12:00:00,-1.0,-1.0,SL,,,-1.0,-1.0,-1.0,-1.0,-1.0,-1.0,-1.0,-1.0,-1.0,-1.0,-1.0
EURUSD.dk,2026.05.27 12:00:00,0.51,0.5,BE,-0.8436,-0.8436,0.5,0.5,0.5,0.5,0.625,0.25,0.5,0.0,0.5,0.5,0.5
GBPUSD.dk,2014.02.18 12:00:00,-1.0,-1.0,SL,-1.3231,-1.3231,-0.5,-0.5,-0.25,-0.75,-0.75,-1.0,-1.0,-1.0,-1.0,-1.0,-1.0
GBPUSD.dk,2014.02.19 12:00:00,-1.0,-1.0,SL,,,-1.0,-1.0,-1.0,-1.0,-1.0,-1.0,-1.0,-1.0,-0.6907,-1.0,-1.0
GBPUSD.dk,2014.02.21 12:00:00,-1.01,-1.0,SL,,,-1.0,-1.0,-1.0,-1.0,-1.0,-1.0,-1.0,-1.0,-1.0,-1.0,-1.0
GBPUSD.dk,2014.02.24 16:00:00,0.51,0.5,BE,-0.5639,-0.5639,-0.5,-0.5,-0.25,-0.5,-0.5,0.25,0.5,0.0,0.5,0.5,0.5
GBPUSD.dk,2014.03.05 08:00:00,0.51,0.5,BE,-1.535,-1.535,0.5,0.5,-0.25,-0.25,-0.25,0.5,0.5,0.0,0.5,0.5,0.5
GBPUSD.dk,2014.03.06 16:00:00,-1.0,-1.0,SL,-1.9569,-1.9569,-0.5,-0.5,-0.25,-0.5,-0.5,-1.0,-1.0,-1.0,-1.0,-1.0,-1.0
GBPUSD.dk,2014.03.13 04:00:00,-1.0,-1.0,SL,-1.1757,-1.1757,-0.5,-0.5,-0.25,-0.25,-0.25,-1.0,-1.0,-1.0,-1.0,-1.0,-1.0
GBPUSD.dk,2014.03.14 16:00:00,-1.0,-1.0,SL,-1.7208,-1.7208,-0.5,-0.5,-0.25,-0.5,-0.5,-1.0,-1.0,-1.0,-1.0,-1.0,-1.0
GBPUSD.dk,2014.03.19 08:00:00,-1.0,-1.0,SL,,,-1.0,-1.0,-1.0,-1.0,-1.0,-1.0,-1.0,-1.0,-1.0,-1.0,-1.0
GBPUSD.dk,2014.03.25 16:00:00,2.5,2.5,TP,-0.3884,-0.0817,2.5,2.5,2.5,2.5,1.5,2.5,2.5,2.5,2.5,2.5,2.5
GBPUSD.dk,2014.04.14 12:00:00,-1.0,-1.0,SL,,,-1.0,-1.0,-1.0,-1.0,-1.0,-1.0,-1.0,-1.0,-1.0,-1.0,-1.0
GBPUSD.dk,2014.04.16 04:00:00,0.51,2.4989,TP,-0.074,-0.074,2.4989,2.4989,2.4989,2.4989,0.875,2.4989,2.4989,2.4989,2.4989,2.4989,2.4989
GBPUSD.dk,2014.04.24 12:00:00,0.51,0.5,BE,-0.1916,-0.1916,0.5,0.5,0.5,0.5,0.5,0.25,0.5,2.4985,0.5,0.5,0.5
GBPUSD.dk,2014.04.28 04:00:00,0.45,0.5,BE,-0.3484,-0.3484,0.5,0.5,0.5,0.5,0.5,0.5,0.5,0.0,-0.1589,-0.465,0.5
GBPUSD.dk,2014.05.02 16:00:00,0.5,0.5,BE,-0.2387,-0.2387,0.5,0.5,0.5,0.5,1.0,0.5,0.5,0.0,-0.1067,0.5,0.5
GBPUSD.dk,2014.05.16 12:00:00,0.52,0.5,BE,-0.5503,-0.2617,-0.5,0.5,0.5,0.5,1.0,0.5,0.5,0.0,0.2394,0.5,0.5
GBPUSD.dk,2014.06.18 16:00:00,0.49,0.5,BE,-0.2121,-0.2121,0.5,0.5,0.5,0.5,0.5,0.25,0.5,0.0,0.5,0.5,0.5
GBPUSD.dk,2014.06.26 04:00:00,2.54,2.4961,TP,-0.4247,-0.4247,2.4961,2.4961,2.4961,2.4961,0.75,2.4961,2.4961,2.4961,2.4961,2.4961,2.4961
GBPUSD.dk,2014.06.30 12:00:00,-1.02,-1.0,SL,-1.3978,-1.3978,-0.5,-0.5,-0.25,-0.25,-0.25,-1.0,-1.0,-1.0,-1.0,-1.0,-1.0
GBPUSD.dk,2014.08.04 20:00:00,-1.0,-1.0,SL,-1.1737,-1.1737,-0.5,-0.5,-0.25,-0.5,-0.5,-1.0,-1.0,-1.0,-1.0,-1.0,-1.0
GBPUSD.dk,2014.08.12 12:00:00,-1.01,-1.0,SL,-2.1118,,-0.5,-1.0,-1.0,-0.75,-0.75,-1.0,-1.0,-1.0,-1.0,-1.0,-1.0
GBPUSD.dk,2014.08.18 00:00:00,-1.01,-1.0,SL,,,-1.0,-1.0,-1.0,-1.0,-1.0,-1.0,-1.0,-1.0,-0.1671,-1.0,-1.0
GBPUSD.dk,2014.08.25 12:00:00,0.53,0.5,BE,-0.6946,-0.6946,0.5,0.5,0.5,0.5,0.5,0.25,0.5,0.0,0.5,0.5,0.5
GBPUSD.dk,2014.08.26 04:00:00,0.53,0.5,BE,-1.45,-1.45,-0.5,-0.5,-0.25,-0.5,-0.5,0.5,0.5,0.0,0.5,0.5,0.5
GBPUSD.dk,2014.08.27 12:00:00,-1.0,-1.0,SL,,,-1.0,-1.0,-1.0,-1.0,-1.0,-1.0,-1.0,-1.0,-1.0,-1.0,-1.0
GBPUSD.dk,2014.08.28 12:00:00,-1.01,-1.0,SL,-1.4021,,-0.5,-1.0,-1.0,-0.75,-0.75,-1.0,-1.0,-1.0,-0.1534,-1.0,-1.0
GBPUSD.dk,2014.09.02 00:00:00,2.53,2.5025,TP,-0.1807,-0.1807,2.5025,2.5025,2.5025,2.5025,1.625,2.5025,2.5025,2.5025,2.5025,2.5025,2.5025
GBPUSD.dk,2014.09.15 20:00:00,0.52,0.5,BE,-2.9557,-2.9557,0.5,0.5,0.5,0.5,1.125,0.5,0.5,0.0,0.5,0.5,0.5
GBPUSD.dk,2014.09.19 12:00:00,2.64,2.4998,TP,0.0089,0.1717,2.4998,2.4998,2.4998,2.4998,0.75,2.4998,2.4998,2.4998,-0.0978,-0.4553,-0.4341
GBPUSD.dk,2015.01.02 08:00:00,0.49,0.5,BE,-0.0284,-0.0122,0.5,0.5,0.5,0.5,1.25,0.5,0.5,2.4993,0.5,0.5,0.5
GBPUSD.dk,2015.02.16 16:00:00,-1.02,-1.0,SL,-1.0916,-1.0916,-0.5,-0.5,-0.25,-0.5,-0.5,-1.0,-1.0,-1.0,-1.0,-1.0,-1.0
GBPUSD.dk,2015.02.20 08:00:00,-1.01,-1.0,SL,-1.2123,,-0.5,-1.0,-1.0,-0.75,-0.75,-1.0,-1.0,-1.0,-0.2564,-1.0,-1.0
GBPUSD.dk,2015.02.26 12:00:00,2.5,2.4997,TP,0.0164,0.2821,2.4997,2.4997,2.4997,2.4997,2.4997,2.4997,2.4997,2.4997,-0.278,0.0437,0.2964
GBPUSD.dk,2015.03.16 20:00:00,2.5,2.5015,TP,-0.6344,-0.0423,-0.5,2.5015,2.5015,2.5015,1.5,2.5015,2.5015,2.5015,2.5015,2.5015,2.5015
GBPUSD.dk,2015.03.19 12:00:00,-1.0,-1.0,SL,,,-1.0,-1.0,-1.0,-1.0,-1.0,-1.0,-1.0,-1.0,-0.9296,-1.0,-1.0
GBPUSD.dk,2015.03.24 12:00:00,-1.0,-1.0,SL,-1.0268,,-0.5,-1.0,-1.0,-0.75,-0.75,-1.0,-1.0,-1.0,-0.378,-1.0,-1.0
GBPUSD.dk,2015.03.26 12:00:00,0.48,0.5,BE,-0.8785,-0.8785,-0.5,-0.5,-0.25,-0.5,-0.5,0.5,0.5,0.0,-0.2248,0.3602,0.5
GBPUSD.dk,2015.04.21 00:00:00,-1.01,-1.0,SL,-1.6468,-1.6468,-0.5,-0.5,-0.25,-0.5,-0.5,-1.0,-1.0,-1.0,-1.0,-1.0,-1.0
GBPUSD.dk,2015.04.30 12:00:00,0.39,0.5,BE,-0.7069,-0.7069,0.5,0.5,0.5,0.5,0.625,0.25,0.5,0.0,0.5,0.5,0.5
GBPUSD.dk,2015.05.15 12:00:00,-1.0,-1.0,SL,,,-1.0,-1.0,-1.0,-1.0,-1.0,-1.0,-1.0,-1.0,-1.0,-1.0,-1.0
GBPUSD.dk,2015.05.21 08:00:00,-1.0,-1.0,SL,,,-1.0,-1.0,-1.0,-1.0,-1.0,-1.0,-1.0,-1.0,-0.2958,-1.0,-1.0
GBPUSD.dk,2015.06.03 08:00:00,-1.0,-1.0,SL,-1.6403,,-0.5,-1.0,-1.0,-0.75,-0.75,-1.0,-1.0,-1.0,-1.0,-1.0,-1.0
GBPUSD.dk,2015.06.05 04:00:00,0.56,0.5,BE,-0.7268,-0.7268,-0.5,0.5,0.5,0.5,1.125,0.5,0.5,0.0,0.5,0.5,0.5
GBPUSD.dk,2015.06.09 04:00:00,-1.0,-1.0,SL,,,-1.0,-1.0,-1.0,-1.0,-1.0,-1.0,-1.0,-1.0,-1.0,-1.0,-1.0
GBPUSD.dk,2015.06.22 20:00:00,-1.0,-1.0,SL,,,-1.0,-1.0,-1.0,-1.0,-1.0,-1.0,-1.0,-1.0,-1.0,-1.0,-1.0
GBPUSD.dk,2015.06.26 00:00:00,-1.0,-1.0,SL,,,-1.0,-1.0,-1.0,-1.0,-1.0,-1.0,-1.0,-1.0,-1.0,-1.0,-1.0
GBPUSD.dk,2015.06.26 04:00:00,-1.0,-1.0,SL,-1.1875,,-0.5,-1.0,-1.0,-0.75,-0.75,-1.0,-1.0,-1.0,-1.0,-1.0,-1.0
GBPUSD.dk,2015.06.29 12:00:00,-1.0,-1.0,SL,,,-1.0,-1.0,-1.0,-1.0,-1.0,-1.0,-1.0,-1.0,-0.4625,-1.0,-1.0
GBPUSD.dk,2015.07.06 12:00:00,-1.0,-1.0,SL,,,-1.0,-1.0,-1.0,-1.0,-1.0,-1.0,-1.0,-1.0,-1.0,-1.0,-1.0
GBPUSD.dk,2015.07.16 12:00:00,0.52,0.5,BE,-1.0293,-1.0293,0.5,0.5,0.5,0.5,0.75,0.5,0.5,0.0,0.5,0.5,0.5
GBPUSD.dk,2015.07.17 12:00:00,-1.0,-1.0,SL,,,-1.0,-1.0,-1.0,-1.0,-1.0,-1.0,-1.0,-1.0,-1.0,-1.0,-1.0
GBPUSD.dk,2015.07.22 04:00:00,-1.0,-1.0,SL,-1.429,-1.429,-0.5,-0.5,-0.25,-0.25,-0.25,-1.0,-1.0,-1.0,-1.0,-1.0,-1.0
GBPUSD.dk,2015.07.31 20:00:00,-1.0,-1.0,SL,,,-1.0,-1.0,-1.0,-1.0,-1.0,-1.0,-1.0,-1.0,-0.7183,-1.0,-1.0
GBPUSD.dk,2015.08.18 08:00:00,-1.0,-1.0,SL,-1.597,-1.597,-0.5,-0.5,-0.25,-0.25,-0.25,-1.0,-1.0,-1.0,-0.2319,-0.2259,-0.1637
GBPUSD.dk,2015.09.14 08:00:00,0.5,0.5,BE,-0.7384,-0.7384,-0.5,-0.5,-0.25,-0.5,-0.5,0.25,0.5,0.0,0.5,0.5,0.5
GBPUSD.dk,2015.09.28 08:00:00,0.31,0.5,BE,-0.8537,-0.8537,0.5,0.5,-0.25,-0.25,-0.25,0.25,0.5,0.0,0.5,0.5,0.5
GBPUSD.dk,2015.10.05 12:00:00,-1.0,-1.0,SL,-1.1151,,-0.5,-1.0,-1.0,-0.75,-0.75,-1.0,-1.0,-1.0,-0.7422,-1.0,-1.0
GBPUSD.dk,2015.10.13 00:00:00,-1.0,-1.0,SL,,,-1.0,-1.0,-1.0,-1.0,-1.0,-1.0,-1.0,-1.0,-1.0,-1.0,-1.0
GBPUSD.dk,2015.10.13 08:00:00,-1.01,-1.0,SL,,,-1.0,-1.0,-1.0,-1.0,-1.0,-1.0,-1.0,-1.0,-0.8443,-1.0,-1.0
GBPUSD.dk,2015.10.21 00:00:00,0.52,0.5,BE,-0.6582,-0.6582,0.5,0.5,0.5,0.5,0.5,0.25,0.0,0.0,0.5,0.5,0.5
GBPUSD.dk,2015.10.21 16:00:00,-1.0,-1.0,SL,,,-1.0,-1.0,-1.0,-1.0,-1.0,-1.0,-1.0,-1.0,-1.0,-1.0,-1.0
GBPUSD.dk,2015.10.22 12:00:00,0.48,0.5,BE,-0.4304,-0.4304,0.5,0.5,0.5,0.5,0.625,0.25,0.5,2.5009,0.5,0.5,0.5
GBPUSD.dk,2015.11.04 12:00:00,2.5,2.5008,TP,-0.2709,-0.1161,2.5008,2.5008,2.5008,2.5008,2.5008,2.5008,2.5008,2.5008,2.5008,2.5008,2.5008
GBPUSD.dk,2015.11.16 04:00:00,0.52,0.5,BE,-1.0826,-1.0826,-0.5,0.5,-0.25,-0.25,-0.25,0.25,0.0,0.0,0.5,0.5,0.5
GBPUSD.dk,2015.11.18 00:00:00,-1.01,-1.0,SL,,,-1.0,-1.0,-1.0,-1.0,-1.0,-1.0,-1.0,-1.0,-1.0,-1.0,-1.0
GBPUSD.dk,2015.11.20 12:00:00,0.48,0.5,BE,-0.1373,-0.1373,0.5,0.5,0.5,0.5,1.125,0.5,0.5,2.5,0.5,0.5,0.5
GBPUSD.dk,2015.12.14 08:00:00,2.57,2.5006,TP,-0.7219,-0.7219,2.5006,2.5006,2.5006,2.5006,0.625,2.5006,2.5006,2.5006,-0.4049,2.5006,2.5006
GBPUSD.dk,2015.12.31 12:00:00,2.57,2.5,TP,-0.6997,0.1166,-0.5,2.5,2.5,2.5,1.125,2.5,2.5,2.5,-0.2626,2.5,2.5
GBPUSD.dk,2016.01.19 12:00:00,-1.0,-1.0,SL,-1.0889,,-0.5,-1.0,-1.0,-0.75,-0.75,-1.0,-1.0,-1.0,-0.2111,0.0497,-1.0
GBPUSD.dk,2016.01.25 08:00:00,-1.0,-1.0,SL,-1.2422,-1.2422,-0.5,-0.5,-0.25,-0.25,-0.25,-1.0,-1.0,-1.0,-1.0,-1.0,-1.0
GBPUSD.dk,2016.01.27 12:00:00,-1.0,-1.0,SL,-1.4384,,-0.5,-1.0,-1.0,-0.75,-0.75,-1.0,-1.0,-1.0,-1.0,-1.0,-1.0
GBPUSD.dk,2016.01.29 08:00:00,0.48,0.5,BE,-0.1382,-0.1382,0.5,0.5,0.5,0.5,0.625,0.25,0.0,0.0,0.5,0.5,0.5
GBPUSD.dk,2016.02.05 12:00:00,0.51,0.5,BE,-0.5549,-0.5198,-0.5,0.5,0.5,0.5,0.5,0.25,0.5,2.4996,0.5,0.5,0.5
GBPUSD.dk,2016.02.09 08:00:00,-1.0,-1.0,SL,-1.3512,-1.3512,-0.5,-0.5,-0.25,-0.5,-0.5,-1.0,-1.0,-1.0,-1.0,-1.0,-1.0
GBPUSD.dk,2016.02.09 16:00:00,-1.0,-1.0,SL,,,-1.0,-1.0,-1.0,-1.0,-1.0,-1.0,-1.0,-1.0,-1.0,-1.0,-1.0
GBPUSD.dk,2016.02.10 12:00:00,2.51,2.4996,TP,-0.8794,-0.8794,-0.5,-0.5,-0.25,-0.5,-0.5,2.4996,2.4996,2.4996,2.4996,2.4996,2.4996
GBPUSD.dk,2016.02.26 08:00:00,0.49,0.5,BE,-0.3349,-0.3349,0.5,0.5,0.5,0.5,0.625,0.25,0.5,0.0,0.5,0.5,0.5
GBPUSD.dk,2016.03.01 12:00:00,-1.0,-1.0,SL,,,-1.0,-1.0,-1.0,-1.0,-1.0,-1.0,-1.0,-1.0,-1.0,-1.0,-1.0
GBPUSD.dk,2016.03.09 00:00:00,-1.0,-1.0,SL,,,-1.0,-1.0,-1.0,-1.0,-1.0,-1.0,-1.0,-1.0,-0.2559,-1.0,-1.0
GBPUSD.dk,2016.03.14 16:00:00,0.51,0.5,BE,-0.9119,-0.9119,0.5,0.5,0.5,0.5,1.25,0.5,0.5,0.0,0.5,0.5,0.5
GBPUSD.dk,2016.03.21 20:00:00,2.5,2.5,TP,-0.6065,-0.6065,2.5,2.5,2.5,2.5,2.5,2.5,2.5,2.5,2.5,2.5,2.5
GBPUSD.dk,2016.04.01 00:00:00,2.56,2.5014,TP,-0.4249,-0.4249,2.5014,2.5014,2.5014,2.5014,1.125,2.5014,2.5014,2.5014,2.5014,2.5014,2.5014
GBPUSD.dk,2016.04.08 08:00:00,-1.01,-1.0,SL,,,-1.0,-1.0,-1.0,-1.0,-1.0,-1.0,-1.0,-1.0,-0.9202,-1.0,-1.0
GBPUSD.dk,2016.04.13 16:00:00,0.51,0.5,BE,-0.2993,-0.2993,0.5,0.5,0.5,0.5,0.875,0.5,0.5,0.0,0.5,0.5,0.5
GBPUSD.dk,2016.04.21 20:00:00,-1.01,-1.0,SL,,,-1.0,-1.0,-1.0,-1.0,-1.0,-1.0,-1.0,-1.0,-1.0,-1.0,-1.0
GBPUSD.dk,2016.05.06 08:00:00,-1.13,-1.0,SL,,,-1.0,-1.0,-1.0,-1.0,-1.0,-1.0,-1.0,-1.0,-1.0,-1.0,-1.0
GBPUSD.dk,2016.05.06 12:00:00,-1.0,-1.0,SL,-1.1312,-1.1312,-0.5,-0.5,-0.25,-0.5,-0.5,-1.0,-1.0,-1.0,-1.0,-1.0,-1.0
GBPUSD.dk,2016.05.20 12:00:00,-1.0,-1.0,SL,-1.0391,-1.0391,-0.5,-0.5,-0.25,-0.5,-0.5,-1.0,-1.0,-1.0,0.2726,-1.0,-1.0
GBPUSD.dk,2016.05.31 20:00:00,-1.02,-1.0,SL,-1.0148,-1.0148,-0.5,-0.5,-0.25,-0.5,-0.5,-1.0,-1.0,-1.0,-1.0,-1.0,-1.0
GBPUSD.dk,2016.06.08 16:00:00,2.5,2.5,TP,-0.2245,-0.2245,2.5,2.5,2.5,2.5,1.875,2.5,2.5,2.5,2.5,2.5,2.5
GBPUSD.dk,2016.06.16 00:00:00,0.5,0.5,BE,-0.5134,-0.5134,0.5,0.5,0.5,0.5,0.75,0.5,2.4987,2.4987,0.5,0.5,0.5
GBPUSD.dk,2016.06.16 04:00:00,0.51,0.5,BE,-1.4151,-1.4151,0.5,0.5,0.5,0.5,0.875,0.5,0.5,0.0,0.5,0.5,0.5
GBPUSD.dk,2016.06.23 20:00:00,0.4,2.4998,TP,-0.1952,-0.1952,2.4998,2.4998,2.4998,2.4998,1.25,2.4998,2.4998,2.4998,2.4998,2.4998,2.4998
GBPUSD.dk,2016.06.24 00:00:00,0.0,0.6554,end,-0.0219,0.4877,0.6554,0.6554,0.6554,0.6554,0.6554,0.6554,0.6554,0.6554,0.0028,0.1378,0.0576
GBPUSD.dk,2020.09.02 20:00:00,-1.0,-1.0,SL,,,-1.0,-1.0,-1.0,-1.0,-1.0,-1.0,-1.0,-1.0,-1.0,-1.0,-1.0
GBPUSD.dk,2020.09.15 04:00:00,0.49,0.5,BE,-0.5357,-0.5357,-0.5,-0.5,-0.25,-0.25,-0.25,0.5,0.5,0.0,0.5,0.5,0.5
GBPUSD.dk,2020.09.17 12:00:00,-1.0,-1.0,SL,-1.2537,,-0.5,-1.0,-1.0,-0.75,-0.75,-1.0,-1.0,-1.0,-0.055,-1.0,-1.0
GBPUSD.dk,2020.09.30 08:00:00,2.53,2.5,TP,,,2.5,2.5,2.5,2.5,2.5,2.5,2.5,2.5,2.5,2.5,2.5
GBPUSD.dk,2020.09.30 12:00:00,0.51,0.5,BE,-0.834,-0.6178,-0.5,-0.5,-0.25,-0.75,-0.75,0.5,0.5,2.5004,-0.1551,0.0712,0.2825
GBPUSD.dk,2020.10.14 08:00:00,0.48,0.5,BE,-0.9693,-0.9693,-0.5,-0.5,-0.25,-0.5,-0.5,0.5,0.5,0.0,0.5,0.5,0.5
GBPUSD.dk,2020.10.30 08:00:00,-1.0,-1.0,SL,,,-1.0,-1.0,-1.0,-1.0,-1.0,-1.0,-1.0,-1.0,-1.0,-1.0,-1.0
GBPUSD.dk,2020.11.03 04:00:00,2.51,0.5,BE,-0.2075,-0.2075,0.5,0.5,0.5,0.5,1.375,0.5,0.5,2.5,0.5,0.5,0.5
GBPUSD.dk,2020.11.04 08:00:00,2.57,2.5004,TP,-0.7889,0.2995,-0.5,2.5004,2.5004,-0.75,-0.75,2.5004,2.5004,2.5004,0.4355,2.5004,2.5004
GBPUSD.dk,2020.12.04 08:00:00,0.49,0.5,BE,-0.6946,-0.6946,0.5,0.5,0.5,0.5,0.5,0.25,0.0,0.0,0.5,0.5,0.5
GBPUSD.dk,2020.12.04 12:00:00,-1.0,-1.0,SL,-1.5575,,-0.5,-1.0,-1.0,-0.75,-0.75,-1.0,-1.0,-1.0,-1.0,-1.0,-1.0
GBPUSD.dk,2020.12.07 16:00:00,-1.0,-1.0,SL,-1.2532,,-0.5,-1.0,-1.0,-0.75,-0.75,-1.0,-1.0,-1.0,-0.2614,-0.0362,-0.6142
GBPUSD.dk,2020.12.14 00:00:00,0.51,0.5,BE,-0.5159,-0.5159,0.5,0.5,-0.25,-0.25,-0.25,0.5,0.5,0.0,0.5,0.5,0.5
GBPUSD.dk,2020.12.21 16:00:00,0.5,1.3245,end,-0.2083,-0.1099,1.3245,1.3245,1.3245,1.3245,1.375,1.3245,1.3245,1.3245,-0.381,0.076,1.3245
GBPUSD.dk,2021.10.06 04:00:00,-1.0,-1.0,SL,-1.04,,-0.5,-1.0,-1.0,-0.75,-0.75,-1.0,-1.0,-1.0,-0.2607,-1.0,-1.0
GBPUSD.dk,2021.10.25 00:00:00,-1.0,-1.0,SL,,,-1.0,-1.0,-1.0,-1.0,-1.0,-1.0,-1.0,-1.0,-1.0,-1.0,-1.0
GBPUSD.dk,2021.10.26 08:00:00,-1.0,-1.0,SL,,,-1.0,-1.0,-1.0,-1.0,-1.0,-1.0,-1.0,-1.0,-1.0,-1.0,-1.0
GBPUSD.dk,2021.10.28 20:00:00,-1.0,-1.0,SL,,,-1.0,-1.0,-1.0,-1.0,-1.0,-1.0,-1.0,-1.0,-1.0,-1.0,-1.0
GBPUSD.dk,2021.11.04 00:00:00,2.53,2.4975,TP,-0.2081,0.0457,2.4975,2.4975,2.4975,2.4975,2.4975,2.4975,2.4975,2.4975,2.4975,2.4975,2.4975
GBPUSD.dk,2021.11.04 12:00:00,0.47,0.5,BE,-0.6327,-0.1193,-0.5,0.5,0.5,0.5,0.875,0.5,0.5,0.0,0.0093,-0.1281,-0.4269
GBPUSD.dk,2022.01.03 12:00:00,-1.0,-1.0,SL,,,-1.0,-1.0,-1.0,-1.0,-1.0,-1.0,-1.0,-1.0,-1.0,-1.0,-1.0
GBPUSD.dk,2022.01.06 04:00:00,-1.0,-1.0,SL,,,-1.0,-1.0,-1.0,-1.0,-1.0,-1.0,-1.0,-1.0,-0.6262,-1.0,-1.0
GBPUSD.dk,2022.01.17 04:00:00,-1.0,-1.0,SL,,,-1.0,-1.0,-1.0,-1.0,-1.0,-1.0,-1.0,-1.0,-1.0,-1.0,-1.0
GBPUSD.dk,2022.01.20 12:00:00,-1.01,-1.0,SL,,,-1.0,-1.0,-1.0,-1.0,-1.0,-1.0,-1.0,-1.0,-1.0,-1.0,-1.0
GBPUSD.dk,2022.01.26 12:00:00,2.52,2.5,TP,-0.8772,-0.8772,2.5,2.5,2.5,2.5,1.875,2.5,2.5,2.5,2.5,2.5,2.5
GBPUSD.dk,2022.01.27 00:00:00,-1.0,-1.0,SL,-1.0011,-1.0011,-0.5,-0.5,-0.25,-0.25,-0.25,-1.0,-1.0,-1.0,-1.0,-1.0,-1.0
GBPUSD.dk,2022.02.04 20:00:00,0.5,0.5,BE,-0.5115,-0.5115,0.5,0.5,0.5,0.5,0.625,0.25,0.0,0.0,0.5,0.5,0.5
GBPUSD.dk,2022.02.09 12:00:00,-1.02,-1.0,SL,-1.5844,,-0.5,-1.0,-1.0,-0.75,-0.75,-1.0,-1.0,-1.0,-1.0,-1.0,-1.0
GBPUSD.dk,2022.02.10 20:00:00,2.5,2.5,TP,-0.9571,-0.9571,-0.5,-0.5,-0.25,-0.5,-0.5,2.5,2.5,2.5,-0.135,2.5,2.5
GBPUSD.dk,2022.03.10 00:00:00,-1.0,-1.0,SL,,,-1.0,-1.0,-1.0,-1.0,-1.0,-1.0,-1.0,-1.0,-1.0,-1.0,-1.0
GBPUSD.dk,2022.03.10 08:00:00,0.5,0.5,BE,-0.8769,-0.8769,0.5,0.5,0.5,0.5,1.125,0.5,0.5,0.0,0.5,0.5,0.5
GBPUSD.dk,2022.03.21 08:00:00,-1.0,-1.0,SL,,,-1.0,-1.0,-1.0,-1.0,-1.0,-1.0,-1.0,-1.0,-1.0,-1.0,-1.0
GBPUSD.dk,2022.03.22 00:00:00,-1.0,-1.0,SL,-1.2974,-1.2974,-0.5,-0.5,-0.25,-0.5,-0.5,-1.0,-1.0,-1.0,-1.0,-1.0,-1.0
GBPUSD.dk,2022.03.24 00:00:00,0.51,0.5,BE,-0.8555,-0.8555,-0.5,0.5,0.5,-0.75,-0.75,0.25,0.0,0.0,0.5,0.5,0.5
GBPUSD.dk,2022.03.24 12:00:00,-1.0,-1.0,SL,-1.2006,-1.2006,-0.5,-0.5,-0.25,-0.5,-0.5,-1.0,-1.0,-1.0,-1.0,-1.0,-1.0
GBPUSD.dk,2022.03.31 00:00:00,-1.0,-1.0,SL,,,-1.0,-1.0,-1.0,-1.0,-1.0,-1.0,-1.0,-1.0,-1.0,-1.0,-1.0
GBPUSD.dk,2022.04.01 00:00:00,0.53,0.5,BE,-0.5209,-0.5209,-0.5,-0.5,-0.25,-0.25,-0.25,0.5,0.5,0.0,0.5,0.5,0.5
GBPUSD.dk,2022.04.04 08:00:00,-1.0,-1.0,SL,,,-1.0,-1.0,-1.0,-1.0,-1.0,-1.0,-1.0,-1.0,-1.0,-1.0,-1.0
GBPUSD.dk,2022.04.05 12:00:00,0.49,0.5,BE,-0.2183,-0.2183,0.5,0.5,0.5,0.5,0.875,0.5,0.5,2.5007,0.5,0.5,0.5
GBPUSD.dk,2022.04.14 12:00:00,2.57,2.4995,TP,-0.3918,-0.3918,2.4995,2.4995,-0.25,2.4995,2.4995,2.4995,2.4995,2.4995,-0.1107,0.1176,2.4995
GBPUSD.dk,2022.04.29 08:00:00,-1.01,-1.0,SL,-1.648,-1.648,-0.5,-0.5,-0.25,-0.5,-0.5,-1.0,-1.0,-1.0,-1.0,-1.0,-1.0
GBPUSD.dk,2022.05.02 00:00:00,0.51,0.5,BE,-0.6644,-0.2041,-0.5,0.5,0.5,0.5,0.875,0.5,0.5,0.0,0.5,0.5,0.5
GBPUSD.dk,2022.05.03 12:00:00,-1.0,-1.0,SL,-2.071,-2.071,-0.5,-0.5,-0.25,-0.5,-0.5,-1.0,-1.0,-1.0,-1.0,-1.0,-1.0
GBPUSD.dk,2022.05.05 04:00:00,0.49,0.5,BE,-0.369,-0.369,0.5,0.5,0.5,0.5,1.375,0.5,0.5,0.0,0.5,0.5,0.5
GBPUSD.dk,2022.05.24 08:00:00,-1.0,-1.0,SL,-1.0943,,-0.5,-1.0,-1.0,-0.75,-0.75,-1.0,-1.0,-1.0,0.0712,-1.0,-1.0
GBPUSD.dk,2022.05.31 00:00:00,0.51,0.5,BE,-0.3184,-0.3184,0.5,0.5,-0.25,-0.25,-0.25,2.4979,2.4979,2.4979,0.5,0.5,0.5
GBPUSD.dk,2022.05.31 16:00:00,2.5,2.4985,TP,-0.4592,-0.3202,2.4985,2.4985,-0.25,-0.25,-0.25,2.4985,2.4985,2.4985,2.4985,2.4985,2.4985
GBPUSD.dk,2022.06.01 12:00:00,2.5,2.5003,TP,-0.8836,0.1349,-0.5,2.5003,2.5003,-0.75,-0.75,2.5003,2.5003,2.5003,-0.5904,-0.1527,-0.6808
GBPUSD.dk,2022.07.08 04:00:00,0.48,0.5,BE,-0.2027,-0.2027,0.5,0.5,0.5,0.5,0.5,0.5,0.5,0.0,-0.363,0.5,0.5
GBPUSD.dk,2022.07.13 12:00:00,0.51,0.5,BE,-0.5857,-0.5857,0.5,0.5,0.5,0.5,1.25,0.5,0.5,0.0,0.5,0.5,0.5
GBPUSD.dk,2022.07.21 04:00:00,-1.0,-1.0,SL,-1.8462,-1.8462,-0.5,-0.5,-0.25,-0.75,-0.75,-1.0,-1.0,-1.0,-1.0,-1.0,-1.0
GBPUSD.dk,2022.07.26 08:00:00,-1.0,-1.0,SL,,,-1.0,-1.0,-1.0,-1.0,-1.0,-1.0,-1.0,-1.0,-0.736,-1.0,-1.0
GBPUSD.dk,2022.08.02 16:00:00,0.51,0.5,BE,-0.6279,-0.6279,-0.5,-0.5,-0.25,-0.25,-0.25,0.5,0.5,0.0,0.5,0.5,0.5
GBPUSD.dk,2022.08.05 00:00:00,0.43,0.5,BE,-3.5642,-3.5642,0.5,0.5,0.5,0.5,1.75,0.5,0.5,0.0,0.5,0.5,0.5
GBPUSD.dk,2022.08.12 08:00:00,0.48,0.5,BE,-0.202,-0.1463,0.5,0.5,0.5,0.5,0.625,2.5011,0.5,2.5011,0.2806,0.5,0.5
GBPUSD.dk,2022.08.17 04:00:00,2.5,2.501,TP,-0.4469,-0.4469,2.501,2.501,2.501,2.501,0.625,2.501,2.501,2.501,2.501,2.501,2.501
GBPUSD.dk,2022.08.23 16:00:00,0.51,0.5,BE,-0.6635,-0.6635,0.5,0.5,0.5,0.5,0.625,0.25,0.0,0.0,0.5,0.5,0.5
GBPUSD.dk,2022.08.25 12:00:00,-1.0,-1.0,SL,-1.4776,,-0.5,-1.0,-1.0,-0.75,-0.75,-1.0,-1.0,-1.0,-1.0,-1.0,-1.0
GBPUSD.dk,2022.08.26 12:00:00,2.58,2.4996,TP,-0.0814,0.1183,2.4996,2.4996,2.4996,2.4996,1.25,2.4996,2.4996,2.4996,2.4996,2.4996,2.4996
GBPUSD.dk,2022.09.22 12:00:00,2.56,2.5005,TP,-0.056,0.233,2.5005,2.5005,2.5005,2.5005,2.5005,2.5005,2.5005,2.5005,2.5005,2.5005,2.5005
GBPUSD.dk,2022.09.28 08:00:00,-1.0,-1.0,SL,,,-1.0,-1.0,-1.0,-1.0,-1.0,-1.0,-1.0,-1.0,-1.0,-1.0,-1.0
GBPUSD.dk,2022.09.29 00:00:00,-1.0,-1.0,SL,,,-1.0,-1.0,-1.0,-1.0,-1.0,-1.0,-1.0,-1.0,-1.0,-1.0,-1.0
GBPUSD.dk,2022.10.05 12:00:00,0.46,0.5,BE,-0.1046,-0.1046,0.5,0.5,0.5,0.5,0.75,0.5,0.5,0.0,0.5,0.5,0.5
GBPUSD.dk,2022.10.14 16:00:00,-1.01,-1.0,SL,,,-1.0,-1.0,-1.0,-1.0,-1.0,-1.0,-1.0,-1.0,-1.0,-1.0,-1.0
GBPUSD.dk,2022.10.19 04:00:00,0.51,0.5,BE,-0.6689,-0.6689,0.5,0.5,0.5,0.5,0.5,0.25,0.5,0.0,0.5,0.5,0.5
GBPUSD.dk,2022.10.20 16:00:00,0.5,0.5,BE,-0.6111,-0.6111,0.5,0.5,0.5,0.5,0.5,0.25,0.0,0.0,0.5,0.5,0.5
GBPUSD.dk,2022.10.31 08:00:00,0.49,0.5,BE,-0.1215,-0.1215,0.5,0.5,0.5,0.5,0.5,2.5013,0.5,2.5013,0.5,0.5,0.5
GBPUSD.dk,2022.11.01 12:00:00,0.48,0.5,BE,-0.9403,-0.9403,0.5,0.5,0.5,0.5,1.375,0.5,0.5,0.0,-0.0597,0.5,0.5
GBPUSD.dk,2022.11.09 12:00:00,-1.0,-1.0,SL,,,-1.0,-1.0,-1.0,-1.0,-1.0,-1.0,-1.0,-1.0,-1.0,-1.0,-1.0
GBPUSD.dk,2022.11.17 12:00:00,-1.0,-1.0,SL,,,-1.0,-1.0,-1.0,-1.0,-1.0,-1.0,-1.0,-1.0,-0.8049,-0.1643,-0.5194
GBPUSD.dk,2023.01.11 16:00:00,-1.06,-1.0,SL,-1.1361,-1.1361,-0.5,-0.5,-0.25,-0.5,-0.5,-1.0,-1.0,-1.0,-1.0,-1.0,-1.0
GBPUSD.dk,2023.01.12 16:00:00,0.5,0.5,BE,-0.3825,-0.0236,0.5,0.5,0.5,0.5,0.75,0.5,0.5,0.0,0.038,-0.1282,0.5
GBPUSD.dk,2023.02.10 04:00:00,-1.0,-1.0,SL,,,-1.0,-1.0,-1.0,-1.0,-1.0,-1.0,-1.0,-1.0,-1.0,-1.0,-1.0
GBPUSD.dk,2023.02.13 20:00:00,0.51,0.5,BE,-0.3455,-0.3455,0.5,0.5,-0.25,0.5,0.625,0.25,0.0,0.0,0.5,0.5,0.5
GBPUSD.dk,2023.02.20 00:00:00,-1.04,-1.0,SL,,,-1.0,-1.0,-1.0,-1.0,-1.0,-1.0,-1.0,-1.0,-1.0,-1.0,-1.0
GBPUSD.dk,2023.02.20 12:00:00,0.51,0.5,BE,-2.8471,-2.8471,0.5,0.5,0.5,0.5,0.5,0.25,0.0,0.0,0.5,0.5,0.5
GBPUSD.dk,2023.02.23 08:00:00,0.51,0.5,BE,-0.7976,-0.5385,0.5,0.5,0.5,0.5,1.0,0.5,0.5,0.0,0.5,0.5,0.5
GBPUSD.dk,2023.03.21 16:00:00,0.52,0.5,BE,-0.6475,-0.6475,0.5,0.5,0.5,0.5,0.875,0.5,0.5,2.5023,0.5,0.5,0.5
GBPUSD.dk,2023.03.27 08:00:00,2.51,2.501,TP,-0.497,-0.497,2.501,2.501,2.501,2.501,0.875,2.501,2.501,2.501,2.501,2.501,2.501
GBPUSD.dk,2023.04.05 20:00:00,-1.01,-1.0,SL,-1.488,-1.488,-0.5,-0.5,-0.25,-0.5,-0.5,-1.0,-1.0,-1.0,-1.0,-1.0,-1.0
GBPUSD.dk,2023.04.07 00:00:00,-1.0,-1.0,SL,-1.0489,,-0.5,-1.0,-1.0,-0.75,-0.75,-1.0,-1.0,-1.0,-1.0,-1.0,-1.0
GBPUSD.dk,2023.04.11 04:00:00,0.5,0.5,BE,-0.553,-0.553,-0.5,-0.5,-0.25,-0.5,-0.5,0.5,0.5,0.0,0.5,0.5,0.5
GBPUSD.dk,2023.04.18 04:00:00,0.51,0.5,BE,-0.9529,-0.9529,-0.5,-0.5,-0.25,-0.5,-0.5,0.25,0.5,0.0,0.5,0.5,0.5
GBPUSD.dk,2023.05.09 00:00:00,0.53,-1.0,SL,,,-1.0,-1.0,-1.0,-1.0,-1.0,-1.0,-1.0,-1.0,-1.0,-1.0,-1.0
GBPUSD.dk,2023.05.09 12:00:00,0.51,0.5,BE,-0.3568,-0.3568,0.5,0.5,-0.25,0.5,0.625,0.25,0.0,0.0,0.5,0.5,0.5
GBPUSD.dk,2023.05.26 08:00:00,0.49,0.5,BE,-0.4919,-0.4919,0.5,0.5,-0.25,0.5,0.875,0.5,0.5,2.4994,-0.588,-0.392,0.5
GBPUSD.dk,2023.06.06 00:00:00,0.53,0.5,BE,-2.3873,-2.3873,0.5,0.5,0.5,0.5,0.5,0.25,0.0,0.0,0.5,0.5,0.5
GBPUSD.dk,2023.06.07 08:00:00,2.55,2.5013,TP,-0.5542,-0.0718,-0.5,2.5013,2.5013,2.5013,0.75,2.5013,2.5013,2.5013,-0.0567,2.5013,2.5013
GBPUSD.dk,2023.06.20 04:00:00,-1.0,-1.0,SL,,,-1.0,-1.0,-1.0,-1.0,-1.0,-1.0,-1.0,-1.0,-1.0,-1.0,-1.0
GBPUSD.dk,2023.06.20 20:00:00,-1.0,-1.0,SL,-1.3534,-1.3534,-0.5,-0.5,-0.25,-0.5,-0.5,-1.0,-1.0,-1.0,-1.0,-1.0,-1.0
GBPUSD.dk,2023.06.21 16:00:00,-1.01,-1.0,SL,-1.0157,-1.0157,-0.5,-0.5,-0.25,-0.5,-0.5,-1.0,-1.0,-1.0,-1.0,-1.0,-1.0
GBPUSD.dk,2023.06.30 12:00:00,0.49,0.5,BE,-0.3131,-0.3131,0.5,0.5,-0.25,0.5,1.875,0.5,0.5,0.0,-0.3007,0.067,-0.0908
GBPUSD.dk,2023.08.04 12:00:00,-1.0,-1.0,SL,-1.1396,,-0.5,-1.0,-1.0,-0.5,-0.5,-1.0,-1.0,-1.0,-0.3253,-0.833,-0.4275
GBPUSD.dk,2023.08.11 08:00:00,-1.0,-1.0,SL,,,-1.0,-1.0,-1.0,-1.0,-1.0,-1.0,-1.0,-1.0,-0.5559,-1.0,-1.0
GBPUSD.dk,2023.08.15 08:00:00,0.52,0.5,BE,-0.7262,-0.7262,0.5,0.5,0.5,0.5,0.625,0.25,0.5,0.0,0.5,0.5,0.5
GBPUSD.dk,2023.08.16 04:00:00,0.5,0.5,BE,-0.8952,-0.8952,-0.5,-0.5,-0.25,-0.25,-0.25,0.25,0.0,0.0,-0.1117,0.5,0.5
GBPUSD.dk,2023.08.23 00:00:00,-1.0,-1.0,SL,,,-1.0,-1.0,-1.0,-1.0,-1.0,-1.0,-1.0,-1.0,-1.0,-1.0,-1.0
GBPUSD.dk,2023.08.29 00:00:00,-1.0,-1.0,SL,,,-1.0,-1.0,-1.0,-1.0,-1.0,-1.0,-1.0,-1.0,-1.0,-1.0,-1.0
GBPUSD.dk,2023.08.29 16:00:00,0.51,0.5,BE,-0.1138,-0.1138,0.5,0.5,0.5,0.5,0.5,0.25,0.0,0.0,0.5,0.5,0.5
GBPUSD.dk,2023.09.01 04:00:00,-1.0,-1.0,SL,,,-1.0,-1.0,-1.0,-1.0,-1.0,-1.0,-1.0,-1.0,-1.0,-1.0,-1.0
GBPUSD.dk,2023.09.19 12:00:00,0.52,0.5,BE,-0.5324,-0.5324,0.5,0.5,0.5,0.5,0.75,0.5,2.4986,2.4986,0.5,0.5,0.5
GBPUSD.dk,2023.09.20 16:00:00,0.51,0.5,BE,-0.4132,-0.4132,0.5,0.5,0.5,0.5,1.25,0.5,0.5,0.0,0.5,0.5,0.5
GBPUSD.dk,2023.11.07 08:00:00,0.51,0.5,BE,-0.3677,-0.3161,0.5,0.5,-0.25,-0.25,-0.25,0.5,0.5,0.0,0.5,0.5,0.5
GBPUSD.dk,2023.11.23 00:00:00,2.53,2.5009,TP,-0.0412,-0.0412,2.5009,2.5009,2.5009,2.5009,2.5009,2.5009,2.5009,2.5009,2.5009,2.5009,2.5009
GBPUSD.dk,2023.12.01 16:00:00,-1.0,-1.0,SL,-1.066,,-0.5,-1.0,-1.0,-0.75,-0.75,-1.0,-1.0,-1.0,-1.0,-1.0,-1.0
GBPUSD.dk,2023.12.11 08:00:00,-1.0,-1.0,SL,,,-1.0,-1.0,-1.0,-1.0,-1.0,-1.0,-1.0,-1.0,-0.3356,-1.0,-1.0
GBPUSD.dk,2023.12.12 20:00:00,-1.0,-1.0,SL,,,-1.0,-1.0,-1.0,-1.0,-1.0,-1.0,-1.0,-1.0,-1.0,-1.0,-1.0
GBPUSD.dk,2023.12.13 16:00:00,0.5,0.5,BE,-0.0887,-0.0145,0.5,0.5,0.5,0.5,0.625,0.5,0.5,0.0,0.5,0.5,0.5
GBPUSD.dk,2023.12.21 16:00:00,0.51,0.5,BE,-0.4057,-0.4057,0.5,0.5,0.5,0.5,0.875,0.5,0.5,0.0,0.5,0.5,0.5
GBPUSD.dk,2024.01.04 04:00:00,-1.0,-1.0,SL,-1.0142,-1.0142,-0.5,-0.5,-0.25,-0.25,-0.25,-1.0,-1.0,-1.0,-1.0,-1.0,-1.0
GBPUSD.dk,2024.01.05 12:00:00,-1.0,-1.0,SL,,,-1.0,-1.0,-1.0,-1.0,-1.0,-1.0,-1.0,-1.0,-0.3715,-0.268,-0.1823
GBPUSD.dk,2024.01.17 08:00:00,-1.0,-1.0,SL,-1.2152,-1.2152,-0.5,-0.5,-0.25,-0.25,-0.25,-1.0,-1.0,-1.0,-0.069,-0.1066,0.1208
GBPUSD.dk,2024.02.07 04:00:00,-1.0,-1.0,SL,-1.508,,-0.5,-1.0,-1.0,-0.75,-0.75,-1.0,-1.0,-1.0,-0.016,-1.0,-1.0
GBPUSD.dk,2024.02.08 16:00:00,0.5,0.5,BE,-0.8636,-0.8636,0.5,0.5,0.5,0.5,0.625,0.25,0.5,0.0,0.5,0.5,0.5
GBPUSD.dk,2024.02.15 20:00:00,2.54,2.4992,TP,-0.3193,-0.3193,2.4992,2.4992,-0.25,2.4992,0.875,2.4992,2.4992,2.4992,0.0403,2.4992,2.4992
GBPUSD.dk,2024.03.11 16:00:00,-1.0,-1.0,SL,-1.2048,-1.2048,-0.5,-0.5,-0.25,-0.25,-0.25,-1.0,-1.0,-1.0,-1.0,-1.0,-1.0
GBPUSD.dk,2024.03.13 08:00:00,-1.0,-1.0,SL,-2.1528,,-0.5,-1.0,-1.0,-0.75,-0.75,-1.0,-1.0,-1.0,0.0472,-1.0,-1.0
GBPUSD.dk,2024.03.20 16:00:00,-1.0,-1.0,SL,,,-1.0,-1.0,-1.0,-1.0,-1.0,-1.0,-1.0,-1.0,-1.0,-1.0,-1.0
GBPUSD.dk,2024.03.26 04:00:00,-1.0,-1.0,SL,-1.4603,-1.4603,-0.5,-0.5,-0.25,-0.25,-0.25,-1.0,-1.0,-1.0,-1.0,-1.0,-1.0
GBPUSD.dk,2024.03.27 16:00:00,-1.01,-1.0,SL,,,-1.0,-1.0,-1.0,-1.0,-1.0,-1.0,-1.0,-1.0,-1.0,-1.0,-1.0
GBPUSD.dk,2024.03.28 12:00:00,-1.01,-1.0,SL,-1.9048,,-0.5,-1.0,-1.0,-0.75,-0.75,-1.0,-1.0,-1.0,0.0994,-0.3561,-1.0
GBPUSD.dk,2024.04.03 20:00:00,-1.0,-1.0,SL,-1.3616,-1.3616,-0.5,-0.5,-0.25,-0.75,-0.75,-1.0,-1.0,-1.0,-0.143,-0.1605,0.0384
GBPUSD.dk,2024.04.30 12:00:00,-1.01,-1.0,SL,-1.2117,-1.2117,-0.5,-0.5,-0.25,-0.25,-0.25,-1.0,-1.0,-1.0,-1.0,-1.0,-1.0
GBPUSD.dk,2024.05.07 04:00:00,0.49,0.5,BE,-0.1083,-0.1083,0.5,0.5,0.5,0.5,1.25,0.5,0.5,0.0,0.5,0.5,0.5
GBPUSD.dk,2024.05.21 16:00:00,0.53,0.5,BE,-0.4634,-0.4634,0.5,0.5,0.5,0.5,0.75,0.5,0.5,0.0,0.5,0.5,0.5
GBPUSD.dk,2024.05.22 12:00:00,-1.0,-1.0,SL,-1.3342,,-0.5,-1.0,-1.0,-0.75,-0.75,-1.0,-1.0,-1.0,-0.496,-1.0,-1.0
GBPUSD.dk,2024.05.24 08:00:00,0.5,0.5,BE,-0.2857,-0.2857,0.5,0.5,0.5,0.5,0.875,0.5,0.5,0.0,0.5,0.5,0.5
GBPUSD.dk,2024.05.30 12:00:00,0.5,0.5,BE,-0.7299,-0.7299,-0.5,-0.5,-0.25,-0.5,-0.5,0.25,0.5,0.0,0.5,0.5,0.5
GBPUSD.dk,2024.06.11 16:00:00,0.6,0.5,BE,-0.122,-0.0849,0.5,0.5,0.5,0.5,1.5,0.5,0.5,0.0,0.5,0.5,0.5
GBPUSD.dk,2024.06.13 16:00:00,-1.01,-1.0,SL,,,-1.0,-1.0,-1.0,-1.0,-1.0,-1.0,-1.0,-1.0,-1.0,-1.0,-1.0
GBPUSD.dk,2024.06.17 20:00:00,-1.0,-1.0,SL,-1.0074,,-0.5,-1.0,-1.0,-0.75,-0.75,-1.0,-1.0,-1.0,-0.1273,0.1162,-1.0
GBPUSD.dk,2024.06.24 12:00:00,-1.0,-1.0,SL,-1.5,,-0.5,-1.0,-1.0,-0.75,-0.75,-1.0,-1.0,-1.0,-0.1769,-1.0,-1.0
GBPUSD.dk,2024.07.09 16:00:00,2.51,2.5035,TP,-0.3944,-0.0915,2.5035,2.5035,2.5035,2.5035,2.5035,2.5035,2.5035,2.5035,2.5035,2.5035,2.5035
GBPUSD.dk,2024.07.10 12:00:00,0.54,0.5,BE,-0.208,-0.208,0.5,0.5,0.5,0.5,1.75,0.5,0.5,0.0,0.5,0.5,0.5
GBPUSD.dk,2024.07.31 16:00:00,-1.0,-1.0,SL,,,-1.0,-1.0,-1.0,-1.0,-1.0,-1.0,-1.0,-1.0,-1.0,-1.0,-1.0
GBPUSD.dk,2024.08.02 12:00:00,-1.0,-1.0,SL,,,-1.0,-1.0,-1.0,-1.0,-1.0,-1.0,-1.0,-1.0,-0.3298,-1.0,-1.0
GBPUSD.dk,2024.08.08 12:00:00,2.5,2.4994,TP,-0.187,0.1481,2.4994,2.4994,2.4994,2.4994,2.4994,2.4994,2.4994,2.4994,0.2911,2.4994,2.4994
GBPUSD.dk,2024.08.29 00:00:00,-1.02,-1.0,SL,-1.4599,,-0.5,-1.0,-1.0,-0.75,-0.75,-1.0,-1.0,-1.0,-1.0,-1.0,-1.0
GBPUSD.dk,2024.08.30 04:00:00,-1.0,-1.0,SL,-1.9581,,-0.5,-1.0,-1.0,-0.75,-0.75,-1.0,-1.0,-1.0,-1.0,-1.0,-1.0
GBPUSD.dk,2024.09.04 12:00:00,0.51,0.5,BE,-0.3318,-0.3318,0.5,0.5,0.5,0.5,0.5,0.5,0.0,0.0,0.5,0.5,0.5
GBPUSD.dk,2024.09.12 12:00:00,2.53,2.499,TP,-0.0059,-0.0059,2.499,2.499,2.499,2.499,1.375,2.499,2.499,2.499,2.499,2.499,2.499
GBPUSD.dk,2024.09.18 20:00:00,-1.0,-1.0,SL,,,-1.0,-1.0,-1.0,-1.0,-1.0,-1.0,-1.0,-1.0,-1.0,-1.0,-1.0
GBPUSD.dk,2024.09.19 00:00:00,0.51,0.5,BE,-1.0245,-1.0245,0.5,0.5,0.5,0.5,0.75,0.5,0.5,0.0,0.5,0.5,0.5
GBPUSD.dk,2024.10.14 20:00:00,-1.01,-1.0,SL,-2.1714,-2.1714,-0.5,-0.5,-0.25,-0.25,-0.25,-1.0,-1.0,-1.0,-1.0,-1.0,-1.0
GBPUSD.dk,2024.10.18 04:00:00,-1.0,-1.0,SL,-1.4777,,-0.5,-1.0,-1.0,-0.75,-0.75,-1.0,-1.0,-1.0,-0.0526,-1.0,-1.0
GBPUSD.dk,2024.10.24 08:00:00,0.49,0.5,BE,-0.5612,-0.5612,-0.5,-0.5,-0.25,-0.25,-0.25,0.25,0.0,0.0,0.2109,-0.0434,-0.0295
GBPUSD.dk,2024.10.31 04:00:00,-1.01,-1.0,SL,,,-1.0,-1.0,-1.0,-1.0,-1.0,-1.0,-1.0,-1.0,-1.0,-1.0,-1.0
GBPUSD.dk,2024.11.01 12:00:00,0.51,0.5,BE,-1.2023,-1.2023,0.5,0.5,0.5,0.5,0.5,0.25,0.5,0.0,0.2261,0.3995,0.5
GBPUSD.dk,2024.11.19 08:00:00,-1.0,-1.0,SL,,,-1.0,-1.0,-1.0,-1.0,-1.0,-1.0,-1.0,-1.0,-1.0,-1.0,-1.0
GBPUSD.dk,2024.11.20 08:00:00,0.5,0.5,BE,-0.4562,-0.4562,0.5,0.5,0.5,0.5,1.5,0.5,0.5,0.0,0.5,0.5,0.5
GBPUSD.dk,2024.12.02 12:00:00,-1.0,-1.0,SL,,,-1.0,-1.0,-1.0,-1.0,-1.0,-1.0,-1.0,-1.0,-0.3452,-0.8147,-1.0
GBPUSD.dk,2024.12.09 00:00:00,-1.0,-1.0,SL,,,-1.0,-1.0,-1.0,-1.0,-1.0,-1.0,-1.0,-1.0,-1.0,-1.0,-1.0
GBPUSD.dk,2024.12.10 04:00:00,-1.01,-1.0,SL,-1.4449,-1.4449,-0.5,-0.5,-0.25,-0.5,-0.5,-1.0,-1.0,-1.0,-1.0,-1.0,-1.0
GBPUSD.dk,2024.12.11 04:00:00,-1.0,-1.0,SL,-1.0623,,-0.5,-1.0,-1.0,-0.75,-0.75,-1.0,-1.0,-1.0,-1.0,-1.0,-1.0
GBPUSD.dk,2024.12.12 08:00:00,2.53,2.499,TP,-0.0748,-0.0748,2.499,2.499,2.499,2.499,1.25,2.499,2.499,2.499,2.499,2.499,2.499
GBPUSD.dk,2024.12.19 16:00:00,0.5,0.5,BE,-0.4269,-0.4269,0.5,0.5,-0.25,-0.25,-0.25,0.5,0.5,0.0,-0.5629,-0.0808,-0.2102
GBPUSD.dk,2025.01.29 08:00:00,-1.0,-1.0,SL,-1.2042,-1.2042,-0.5,-0.5,-0.25,-0.5,-0.5,-1.0,-1.0,-1.0,-1.0,-1.0,-1.0
GBPUSD.dk,2025.01.30 20:00:00,1.12,0.5,BE,-0.8564,-0.8564,-0.5,-0.5,-0.25,-0.5,-0.5,0.5,0.5,0.0,0.5,0.5,0.5
GBPUSD.dk,2025.02.06 08:00:00,0.51,0.5,BE,-0.7867,-0.7867,-0.5,-0.5,-0.25,-0.5,-0.5,0.25,0.0,0.0,0.5,0.5,0.5
GBPUSD.dk,2025.02.19 08:00:00,-1.01,-1.0,SL,-1.0589,,-0.5,-1.0,-1.0,-0.75,-0.75,-1.0,-1.0,-1.0,-0.4393,-1.0,-1.0
GBPUSD.dk,2025.02.24 12:00:00,-1.0,-1.0,SL,,,-1.0,-1.0,-1.0,-1.0,-1.0,-1.0,-1.0,-1.0,-0.5238,-1.0,-1.0
GBPUSD.dk,2025.02.27 20:00:00,-1.0,-1.0,SL,-1.2416,,-0.5,-1.0,-1.0,-0.75,-0.75,-1.0,-1.0,-1.0,0.1867,-1.0,-1.0
GBPUSD.dk,2025.03.10 08:00:00,-1.0,-1.0,SL,-1.1788,,-0.5,-1.0,-1.0,-0.75,-0.75,-1.0,-1.0,-1.0,-1.0,-1.0,-1.0
GBPUSD.dk,2025.03.11 00:00:00,0.52,0.5,BE,-0.5188,-0.5188,0.5,0.5,0.5,0.5,1.125,0.5,0.5,2.4984,0.5,0.5,0.5
GBPUSD.dk,2025.03.24 04:00:00,-1.0,-1.0,SL,-1.0924,,-0.5,-1.0,-1.0,-0.75,-0.75,-1.0,-1.0,-1.0,-0.746,-0.6501,-1.0
GBPUSD.dk,2025.03.27 08:00:00,0.5,0.5,BE,-0.1505,-0.1505,0.5,0.5,0.5,0.5,0.5,0.25,2.5,2.5,0.5,0.5,0.5
GBPUSD.dk,2025.03.28 12:00:00,0.52,0.5,BE,-1.0448,-1.0448,-0.5,0.5,0.5,-0.75,-0.75,0.25,0.0,0.0,0.5,0.5,0.5
GBPUSD.dk,2025.04.01 00:00:00,-1.0,-1.0,SL,,,-1.0,-1.0,-1.0,-1.0,-1.0,-1.0,-1.0,-1.0,-1.0,-1.0,-1.0
GBPUSD.dk,2025.04.02 08:00:00,2.5,2.501,TP,-0.2802,-0.2802,2.501,2.501,2.501,2.501,2.501,2.501,2.501,2.501,2.501,2.501,2.501
GBPUSD.dk,2025.04.24 08:00:00,0.5,0.5,BE,-0.634,-0.634,-0.5,-0.5,-0.25,-0.5,-0.5,0.5,0.5,0.0,0.5,0.5,0.5
GBPUSD.dk,2025.05.05 08:00:00,0.51,0.5,BE,-0.9624,-0.4564,-0.5,0.5,0.5,-0.75,-0.75,0.25,0.5,0.0,0.5,0.5,0.5
GBPUSD.dk,2025.05.08 00:00:00,-1.0,-1.0,SL,,,-1.0,-1.0,-1.0,-1.0,-1.0,-1.0,-1.0,-1.0,-1.0,-1.0,-1.0
GBPUSD.dk,2025.05.08 08:00:00,-1.0,-1.0,SL,,,-1.0,-1.0,-1.0,-1.0,-1.0,-1.0,-1.0,-1.0,-1.0,-1.0,-1.0
GBPUSD.dk,2025.05.09 12:00:00,-1.0,-1.0,SL,,,-1.0,-1.0,-1.0,-1.0,-1.0,-1.0,-1.0,-1.0,-1.0,-1.0,-1.0
GBPUSD.dk,2025.05.13 12:00:00,2.56,2.4995,TP,-0.2902,-0.2902,2.4995,2.4995,-0.25,-0.25,-0.25,2.4995,2.4995,2.4995,2.4995,2.4995,2.4995
GBPUSD.dk,2025.06.30 08:00:00,-1.0,-1.0,SL,,,-1.0,-1.0,-1.0,-1.0,-1.0,-1.0,-1.0,-1.0,-1.0,-1.0,-1.0
GBPUSD.dk,2025.06.30 12:00:00,0.5,0.5,BE,-0.334,-0.334,0.5,0.5,0.5,0.5,0.625,0.25,0.0,0.0,0.5,0.5,0.5
GBPUSD.dk,2025.07.01 16:00:00,-1.0,-1.0,SL,-2.13,,-0.5,-1.0,-1.0,-0.75,-0.75,-1.0,-1.0,-1.0,-1.0,-1.0,-1.0
GBPUSD.dk,2025.07.10 04:00:00,-1.0,-1.0,SL,,,-1.0,-1.0,-1.0,-1.0,-1.0,-1.0,-1.0,-1.0,-1.0,-1.0,-1.0
GBPUSD.dk,2025.07.17 20:00:00,0.51,0.5,BE,-0.5338,-0.5338,-0.5,-0.5,-0.25,-0.25,-0.25,0.5,0.5,0.0,0.5,0.5,0.5
GBPUSD.dk,2025.08.01 20:00:00,0.5,0.5,BE,-0.1656,-0.0251,0.5,0.5,0.5,0.5,1.0,0.5,0.5,0.0,-0.0487,0.0891,0.5
GBPUSD.dk,2025.10.10 20:00:00,-1.0,-1.0,SL,,,-1.0,-1.0,-1.0,-1.0,-1.0,-1.0,-1.0,-1.0,-0.2339,-1.0,-1.0
GBPUSD.dk,2025.10.15 00:00:00,0.51,0.5,BE,-0.6701,-0.6701,0.5,0.5,0.5,0.5,1.25,0.5,0.5,0.0,0.5,0.5,0.5
GBPUSD.dk,2025.10.27 08:00:00,-1.0,-1.0,SL,-1.1791,-1.1791,-0.5,-0.5,-0.25,-0.5,-0.5,-1.0,-1.0,-1.0,-1.0,-1.0,-1.0
GBPUSD.dk,2025.11.11 04:00:00,-1.0,-1.0,SL,-1.1896,-1.1896,-0.5,-0.5,-0.25,-0.5,-0.5,-1.0,-1.0,-1.0,-0.3225,-1.0,-1.0
GBPUSD.dk,2025.11.14 00:00:00,0.51,0.5,BE,-0.7466,-0.7466,-0.5,-0.5,-0.25,-0.5,-0.5,0.25,0.5,0.0,0.5,0.5,0.5
GBPUSD.dk,2025.11.28 08:00:00,-1.0,-1.0,SL,,,-1.0,-1.0,-1.0,-1.0,-1.0,-1.0,-1.0,-1.0,-1.0,-1.0,-1.0
GBPUSD.dk,2025.12.01 16:00:00,-1.0,-1.0,SL,-1.2712,,-0.5,-1.0,-1.0,-0.75,-0.75,-1.0,-1.0,-1.0,0.0424,-1.0,-1.0
GBPUSD.dk,2025.12.08 20:00:00,0.52,0.5,BE,-1.6923,-1.6923,0.5,0.5,0.5,0.5,0.5,0.25,0.0,0.0,0.5,0.5,0.5
GBPUSD.dk,2025.12.09 08:00:00,-1.0,-1.0,SL,,,-1.0,-1.0,-1.0,-1.0,-1.0,-1.0,-1.0,-1.0,-1.0,-1.0,-1.0
GBPUSD.dk,2025.12.10 04:00:00,2.58,2.4983,TP,-0.6403,-0.2838,2.4983,2.4983,2.4983,2.4983,1.75,2.4983,2.4983,2.4983,2.4983,2.4983,2.4983
GBPUSD.dk,2025.12.16 16:00:00,-1.15,-1.0,SL,,,-1.0,-1.0,-1.0,-1.0,-1.0,-1.0,-1.0,-1.0,-1.0,-1.0,-1.0
US100.dk,2012.11.01 12:00:00,-1.02,-1.0,SL,-1.4594,,-0.5,-1.0,-1.0,-0.75,-0.75,-1.0,-1.0,-1.0,-0.6455,-0.1545,-1.0
US100.dk,2012.12.04 16:00:00,-1.12,-1.0,SL,-2.5515,,-0.5,-1.0,-1.0,-0.75,-0.75,-1.0,-1.0,-1.0,-1.0,-1.0,-1.0
US100.dk,2012.12.06 12:00:00,0.49,0.5,BE,-0.7343,-0.4,-0.5,0.5,0.5,0.5,0.5,0.25,0.0,0.0,0.1086,0.5,0.5
US100.dk,2013.02.28 16:00:00,2.61,2.4983,TP,-0.2877,-0.2158,2.4983,2.4983,2.4983,2.4983,1.125,2.4983,2.4983,2.4983,0.2192,2.4983,2.4983
US100.dk,2013.05.22 20:00:00,-1.0,-1.0,SL,,,-1.0,-1.0,-1.0,-1.0,-1.0,-1.0,-1.0,-1.0,-1.0,-1.0,-1.0
US100.dk,2013.05.23 12:00:00,0.5,0.5,BE,-0.295,-0.118,0.5,0.5,0.5,0.5,0.625,0.25,0.0,0.0,0.0501,0.5,0.5
US100.dk,2013.05.30 08:00:00,0.5,0.5,BE,-0.4952,-0.4952,0.5,0.5,0.5,0.5,0.5,0.25,0.0,0.0,0.5,0.5,0.5
US100.dk,2013.05.31 12:00:00,-1.01,-1.0,SL,,,-1.0,-1.0,-1.0,-1.0,-1.0,-1.0,-1.0,-1.0,-1.0,-1.0,-1.0
US100.dk,2013.06.04 12:00:00,-1.01,-1.0,SL,,,-1.0,-1.0,-1.0,-1.0,-1.0,-1.0,-1.0,-1.0,-1.0,-1.0,-1.0
US100.dk,2013.06.07 12:00:00,-1.0,-1.0,SL,-1.0957,-1.0957,-0.5,-0.5,-0.25,-0.5,-0.5,-1.0,-1.0,-1.0,0.2897,-1.0,-1.0
US100.dk,2013.06.26 08:00:00,2.53,2.5,TP,-0.2022,0.1208,2.5,2.5,2.5,2.5,0.875,2.5,2.5,2.5,2.5,2.5,2.5
US100.dk,2013.07.22 20:00:00,-1.01,-1.0,SL,-1.4305,,-0.5,-1.0,-1.0,-0.75,-0.75,-1.0,-1.0,-1.0,-1.0,-1.0,-1.0
US100.dk,2013.07.24 04:00:00,0.49,0.5,BE,-0.877,-0.0595,-0.5,0.5,0.5,-0.75,-0.75,0.5,0.5,2.502,-0.1151,-0.0556,0.5
US100.dk,2013.09.15 20:00:00,-1.01,-1.0,SL,,,-1.0,-1.0,-1.0,-1.0,-1.0,-1.0,-1.0,-1.0,-1.0,-1.0,-1.0
US100.dk,2013.09.24 12:00:00,-1.01,-1.0,SL,-1.2544,,-0.5,-1.0,-1.0,-0.75,-0.75,-1.0,-1.0,-1.0,-1.0,-1.0,-1.0
US100.dk,2013.09.25 12:00:00,-1.18,-1.0,SL,-1.1783,-1.1783,-0.5,-0.5,-0.25,-0.25,-0.25,-1.0,-1.0,-1.0,-1.0,-1.0,-1.0
US100.dk,2013.10.31 08:00:00,-1.02,-1.0,SL,,,-1.0,-1.0,-1.0,-1.0,-1.0,-1.0,-1.0,-1.0,-1.0,-1.0,-1.0
US100.dk,2013.10.31 12:00:00,-1.0,-1.0,SL,-1.0152,,-0.5,-1.0,-1.0,-0.75,-0.75,-1.0,-1.0,-1.0,-1.0,-1.0,-1.0
US100.dk,2013.11.04 00:00:00,-1.0,-1.0,SL,-1.0718,-1.0718,-0.5,-0.5,-0.25,-0.5,-0.5,-1.0,-1.0,-1.0,-1.0,-1.0,-1.0
US100.dk,2013.11.05 12:00:00,-1.01,-1.0,SL,-1.7733,-1.7733,-0.5,-0.5,-0.25,-0.25,-0.25,-1.0,-1.0,-1.0,-1.0,-1.0,-1.0
US100.dk,2013.11.08 16:00:00,2.5,2.5012,TP,-0.3155,0.065,2.5012,2.5012,2.5012,2.5012,0.75,2.5012,2.5012,2.5012,0.1903,0.2135,2.5012
US100.dk,2013.12.30 16:00:00,0.49,0.5,BE,-0.0815,-0.0815,0.5,0.5,0.5,0.5,0.625,0.25,0.5,0.0,0.5,0.5,0.5
US100.dk,2014.01.07 12:00:00,-1.0,-1.0,SL,-1.2178,-1.2178,-0.5,-0.5,-0.25,-0.25,-0.25,-1.0,-1.0,-1.0,-1.0,-1.0,-1.0
US100.dk,2014.01.30 16:00:00,-1.0,-1.0,SL,,,-1.0,-1.0,-1.0,-1.0,-1.0,-1.0,-1.0,-1.0,-0.6723,-1.0,-1.0
US100.dk,2014.02.07 12:00:00,0.48,0.5,BE,-0.0994,-0.0994,0.5,0.5,0.5,0.5,1.375,0.5,0.5,0.0,0.5,0.5,0.5
US100.dk,2014.04.09 12:00:00,0.5,0.5,BE,-1.0296,-1.0296,0.5,0.5,0.5,0.5,0.625,0.25,0.5,0.0,0.5,0.5,0.5
US100.dk,2014.04.15 16:00:00,0.46,0.5,BE,-0.0312,-0.0162,0.5,0.5,0.5,0.5,0.75,0.5,0.5,2.5,0.5,0.5,0.5
US100.dk,2014.04.29 00:00:00,2.5,2.5007,TP,-0.745,-0.745,-0.5,-0.5,-0.25,-0.25,-0.25,2.5007,2.5007,2.5007,0.0487,0.3983,2.5007
US100.dk,2014.06.24 12:00:00,-1.0,-1.0,SL,,,-1.0,-1.0,-1.0,-1.0,-1.0,-1.0,-1.0,-1.0,-1.0,-1.0,-1.0
US100.dk,2014.06.25 08:00:00,-1.0,-1.0,SL,,,-1.0,-1.0,-1.0,-1.0,-1.0,-1.0,-1.0,-1.0,-1.0,-1.0,-1.0
US100.dk,2014.06.25 12:00:00,0.5,0.5,BE,-0.6414,-0.6414,0.5,0.5,0.5,0.5,0.5,0.25,2.4949,2.4949,0.5,0.5,0.5
US100.dk,2014.06.26 16:00:00,2.51,2.5016,TP,-0.1464,-0.1464,2.5016,2.5016,2.5016,2.5016,1.5,2.5016,2.5016,2.5016,2.5016,2.5016,2.5016
US100.dk,2014.08.10 20:00:00,2.5,2.4982,TP,-0.0438,0.0547,2.4982,2.4982,2.4982,2.4982,0.625,2.4982,2.4982,2.4982,2.4982,2.4982,2.4982
US100.dk,2014.08.27 12:00:00,-1.01,-1.0,SL,,,-1.0,-1.0,-1.0,-1.0,-1.0,-1.0,-1.0,-1.0,-1.0,-1.0,-1.0
US100.dk,2014.08.28 16:00:00,0.51,0.5,BE,-0.3871,-0.3871,0.5,0.5,0.5,0.5,0.75,0.5,0.5,0.0,0.5,0.5,0.5
US100.dk,2014.08.29 12:00:00,0.5,0.5,BE,-0.7981,-0.7981,0.5,0.5,0.5,0.5,0.75,0.5,0.5,0.0,0.0577,0.5,0.5
US100.dk,2014.09.04 12:00:00,-1.0,-1.0,SL,,,-1.0,-1.0,-1.0,-1.0,-1.0,-1.0,-1.0,-1.0,-1.0,-1.0,-1.0
US100.dk,2014.09.05 16:00:00,-1.0,-1.0,SL,-1.6613,-1.6613,-0.5,-0.5,-0.25,-0.75,-0.75,-1.0,-1.0,-1.0,0.0747,-0.0427,-1.0
US100.dk,2014.09.16 16:00:00,0.49,0.5,BE,-0.3477,-0.3477,0.5,0.5,0.5,0.5,0.5,0.25,0.0,0.0,0.1279,0.5,0.5
US100.dk,2014.09.24 12:00:00,-1.01,-1.0,SL,-1.516,,-0.5,-1.0,-1.0,-0.75,-0.75,-1.0,-1.0,-1.0,-1.0,-1.0,-1.0
US100.dk,2014.09.26 16:00:00,-1.01,-1.0,SL,,,-1.0,-1.0,-1.0,-1.0,-1.0,-1.0,-1.0,-1.0,-1.0,-1.0,-1.0
US100.dk,2014.09.29 12:00:00,-1.02,-1.0,SL,-1.0869,,-0.5,-1.0,-1.0,-0.75,-0.75,-1.0,-1.0,-1.0,0.2754,-1.0,-1.0
US100.dk,2014.10.03 12:00:00,-1.01,-1.0,SL,-1.0122,-1.0122,-0.5,-0.5,-0.25,-0.5,-0.5,-1.0,-1.0,-1.0,-1.0,-1.0,-1.0
US100.dk,2014.10.08 16:00:00,-1.01,-1.0,SL,,,-1.0,-1.0,-1.0,-1.0,-1.0,-1.0,-1.0,-1.0,-0.6651,-1.0,-1.0
US100.dk,2014.10.20 12:00:00,2.51,2.4988,TP,-0.0723,-0.0723,2.4988,2.4988,2.4988,2.4988,2.4988,2.4988,2.4988,2.4988,2.4988,2.4988,2.4988
US100.dk,2014.10.30 12:00:00,2.51,2.4986,TP,-0.1436,-0.1436,2.4986,2.4986,2.4986,2.4986,1.25,2.4986,2.4986,2.4986,2.4986,2.4986,2.4986
US100.dk,2014.11.18 12:00:00,0.49,0.5,BE,-0.9811,-0.0377,-0.5,0.5,0.5,-0.5,-0.5,0.5,0.5,0.0,-0.7579,0.1195,0.5
US100.dk,2014.11.21 20:00:00,2.52,2.5,TP,-0.1064,-0.0284,2.5,2.5,2.5,2.5,1.875,2.5,2.5,2.5,2.5,2.5,2.5
US100.dk,2014.12.01 08:00:00,-1.01,-1.0,SL,,,-1.0,-1.0,-1.0,-1.0,-1.0,-1.0,-1.0,-1.0,-1.0,-1.0,-1.0
US100.dk,2014.12.02 16:00:00,-1.0,-1.0,SL,-1.8282,-1.8282,-0.5,-0.5,-0.25,-0.5,-0.5,-1.0,-1.0,-1.0,-0.0172,-1.0,-1.0
US100.dk,2014.12.09 20:00:00,-1.0,-1.0,SL,,,-1.0,-1.0,-1.0,-1.0,-1.0,-1.0,-1.0,-1.0,-0.835,-0.7685,-1.0
US100.dk,2014.12.17 20:00:00,0.49,0.5,BE,-0.1737,-0.1737,0.5,0.5,0.5,0.5,1.0,0.5,0.5,0.0,0.5,0.5,0.5
US100.dk,2015.01.08 00:00:00,0.5,0.5,BE,-0.4347,-0.4347,0.5,0.5,0.5,0.5,0.5,0.25,0.0,0.0,0.5,0.5,0.5
US100.dk,2015.01.13 08:00:00,0.5,0.5,BE,-1.8497,-1.8497,0.5,0.5,0.5,0.5,0.625,0.25,0.5,0.0,0.5,0.5,0.5
US100.dk,2015.01.15 04:00:00,-1.0,-1.0,SL,,,-1.0,-1.0,-1.0,-1.0,-1.0,-1.0,-1.0,-1.0,-1.0,-1.0,-1.0
US100.dk,2015.01.16 20:00:00,0.48,0.5,BE,-0.3182,-0.2033,0.5,0.5,0.5,0.5,0.75,0.5,0.5,2.4994,-0.1271,0.3646,0.5
US100.dk,2015.01.29 20:00:00,-1.0,-1.0,SL,,,-1.0,-1.0,-1.0,-1.0,-1.0,-1.0,-1.0,-1.0,-0.5457,-1.0,-1.0
US100.dk,2015.02.02 20:00:00,2.5,1.6704,end,-0.1592,-0.0477,1.6704,1.6704,1.6704,1.6704,1.375,1.6704,1.6704,1.6704,0.2434,1.6704,1.6704
US100.dk,2015.07.24 04:00:00,-1.0,-1.0,SL,,,-1.0,-1.0,-1.0,-1.0,-1.0,-1.0,-1.0,-1.0,-1.0,-1.0,-1.0
US100.dk,2015.07.29 04:00:00,0.5,0.5,BE,-0.8953,-0.8953,-0.5,-0.5,-0.25,-0.5,-0.5,0.25,0.5,0.0,0.5,0.5,0.5
US100.dk,2015.08.05 08:00:00,0.49,0.5,BE,-2.9264,-2.9264,0.5,0.5,0.5,0.5,0.875,0.5,0.5,0.0,0.5,0.5,0.5
US100.dk,2015.08.31 16:00:00,0.76,0.5,BE,-0.2716,-0.2716,0.5,0.5,0.5,0.5,1.0,0.5,0.5,0.0,0.5,0.5,0.5
US100.dk,2015.09.03 16:00:00,-1.45,-1.0,SL,-1.7655,-1.7655,-0.5,-0.5,-0.25,-0.25,-0.25,-1.0,-1.0,-1.0,-1.0,-1.0,-1.0
US100.dk,2015.09.09 16:00:00,-1.0,-1.0,SL,,,-1.0,-1.0,-1.0,-1.0,-1.0,-1.0,-1.0,-1.0,-0.379,-0.7633,-0.5035
US100.dk,2015.09.18 20:00:00,0.47,0.5,BE,-0.552,-0.0699,-0.5,0.5,0.5,0.5,0.75,0.5,0.5,2.5009,0.2419,0.5,0.5
US100.dk,2015.10.01 12:00:00,-1.0,-1.0,SL,,,-1.0,-1.0,-1.0,-1.0,-1.0,-1.0,-1.0,-1.0,-1.0,-1.0,-1.0
US100.dk,2015.10.16 04:00:00,2.55,2.4993,TP,-0.2436,-0.2436,2.4993,2.4993,2.4993,2.4993,2.4993,2.4993,2.4993,2.4993,0.0989,2.4993,2.4993
US100.dk,2015.11.06 12:00:00,-1.0,-1.0,SL,,,-1.0,-1.0,-1.0,-1.0,-1.0,-1.0,-1.0,-1.0,-1.0,-1.0,-1.0
US100.dk,2015.11.17 08:00:00,2.52,2.5033,TP,-0.8395,-0.8395,-0.5,-0.5,-0.25,-0.75,-0.75,2.5033,2.5033,2.5033,2.5033,2.5033,2.5033
US100.dk,2015.11.23 20:00:00,-1.0,-1.0,SL,-1.6877,,-0.5,-1.0,-1.0,-0.75,-0.75,-1.0,-1.0,-1.0,-1.0,-1.0,-1.0
US100.dk,2015.11.24 16:00:00,0.49,0.5,BE,-0.3511,-0.3511,0.5,0.5,-0.25,0.5,0.5,0.25,0.5,0.0,0.0294,0.5,0.5
US100.dk,2015.12.04 12:00:00,-1.0,-1.0,SL,-1.0853,-1.0853,-0.5,-0.5,-0.25,-0.5,-0.5,-1.0,-1.0,-1.0,-1.0,-1.0,-1.0
US100.dk,2015.12.15 12:00:00,0.5,0.5,BE,-0.6918,-0.6918,0.5,0.5,0.5,0.5,0.5,0.25,0.0,0.0,0.5,0.5,0.5
US100.dk,2016.01.13 12:00:00,2.54,2.4991,TP,-0.1985,-0.1985,2.4991,2.4991,2.4991,2.4991,1.375,2.4991,2.4991,2.4991,2.4991,2.4991,2.4991
US100.dk,2016.01.19 12:00:00,0.49,0.5,BE,-0.1826,-0.1826,0.5,0.5,0.5,0.5,1.25,0.5,0.5,0.0,0.5,0.5,0.5
US100.dk,2016.01.21 04:00:00,-1.0,-1.0,SL,,,-1.0,-1.0,-1.0,-1.0,-1.0,-1.0,-1.0,-1.0,-1.0,-1.0,-1.0
US100.dk,2016.01.25 20:00:00,-1.0,-1.0,SL,-1.0328,-1.0328,-0.5,-0.5,-0.25,-0.75,-0.75,-1.0,-1.0,-1.0,-0.329,-1.0,-1.0
US100.dk,2016.02.02 16:00:00,0.5,0.5,BE,-0.3637,-0.3637,0.5,0.5,0.5,0.5,1.375,0.5,0.5,0.0,0.5,0.5,0.5
US100.dk,2016.02.23 16:00:00,0.49,0.5,BE,-0.3529,-0.3529,0.5,0.5,0.5,0.5,0.75,0.5,0.5,0.0,0.5,0.5,0.5
US100.dk,2016.02.29 04:00:00,-1.0,-1.0,SL,,,-1.0,-1.0,-1.0,-1.0,-1.0,-1.0,-1.0,-1.0,-1.0,-1.0,-1.0
US100.dk,2016.02.29 20:00:00,-1.0,-1.0,SL,,,-1.0,-1.0,-1.0,-1.0,-1.0,-1.0,-1.0,-1.0,-1.0,-1.0,-1.0
US100.dk,2016.03.07 08:00:00,0.5,0.5,BE,-0.8537,-0.8537,-0.5,0.5,0.5,-0.75,-0.75,0.25,0.5,0.0,0.5,0.5,0.5
US100.dk,2016.03.08 20:00:00,-1.0,-1.0,SL,-2.094,-2.094,-0.5,-0.5,-0.25,-0.5,-0.5,-1.0,-1.0,-1.0,-1.0,-1.0,-1.0
US100.dk,2016.03.10 12:00:00,-1.0,-1.0,SL,-1.1543,-1.1543,-0.5,-0.5,-0.25,-0.25,-0.25,-1.0,-1.0,-1.0,-1.0,-1.0,-1.0
US100.dk,2016.03.22 20:00:00,-1.0,-1.0,SL,-1.0657,,-0.5,-1.0,-1.0,-0.75,-0.75,-1.0,-1.0,-1.0,-1.0,-1.0,-1.0
US100.dk,2016.03.28 04:00:00,0.5,0.5,BE,-0.3193,-0.3193,0.5,0.5,0.5,0.5,0.75,0.5,0.5,0.0,-0.7865,0.5,0.5
US100.dk,2016.04.12 16:00:00,0.49,0.5,BE,-0.0303,-0.0303,0.5,0.5,0.5,0.5,0.625,0.25,0.5,0.0,0.5,0.5,0.5
US100.dk,2016.05.12 12:00:00,-1.0,-1.0,SL,,,-1.0,-1.0,-1.0,-1.0,-1.0,-1.0,-1.0,-1.0,-0.1386,-1.0,-1.0
US100.dk,2016.05.17 16:00:00,-1.0,-1.0,SL,-1.5464,-1.5464,-0.5,-0.5,-0.25,-0.5,-0.5,-1.0,-1.0,-1.0,-0.1844,-1.0,-1.0
US100.dk,2016.06.01 12:00:00,-1.01,-1.0,SL,-1.6938,,-0.5,-1.0,-1.0,-0.75,-0.75,-1.0,-1.0,-1.0,-1.0,-1.0,-1.0
US100.dk,2016.06.02 16:00:00,-1.0,-1.0,SL,,,-1.0,-1.0,-1.0,-1.0,-1.0,-1.0,-1.0,-1.0,-1.0,-1.0,-1.0
US100.dk,2016.06.06 04:00:00,-1.01,-1.0,SL,-1.1468,-1.1468,-0.5,-0.5,-0.25,-0.25,-0.25,-1.0,-1.0,-1.0,-1.0,-1.0,-1.0
US100.dk,2016.06.21 20:00:00,0.5,0.5,BE,-0.7305,-0.7305,-0.5,0.5,-0.25,0.5,0.875,0.5,0.5,0.0,0.5,0.5,0.5
US100.dk,2016.06.23 08:00:00,-4.72,-1.0,SL,-4.9059,-4.9059,-0.5,-0.5,-0.25,-0.5,-0.5,-1.0,-1.0,-1.0,-1.0,-1.0,-1.0
US100.dk,2016.07.22 12:00:00,2.53,2.5,TP,-0.5994,-0.5994,2.5,2.5,-0.25,2.5,1.375,2.5,2.5,2.5,-0.0475,2.5,2.5
US100.dk,2016.08.10 16:00:00,2.52,2.5037,TP,0.1259,0.1259,2.5037,2.5037,2.5037,2.5037,1.125,2.5037,2.5037,2.5037,2.5037,2.5037,2.5037
US100.dk,2016.08.17 16:00:00,-1.0,-1.0,SL,-1.0785,-1.0785,-0.5,-0.5,-0.25,-0.25,-0.25,-1.0,-1.0,-1.0,0.064,0.1047,-1.0
US100.dk,2016.08.29 12:00:00,-1.0,-1.0,SL,,,-1.0,-1.0,-1.0,-1.0,-1.0,-1.0,-1.0,-1.0,-1.0,-1.0,-1.0
US100.dk,2016.09.01 04:00:00,-1.0,-1.0,SL,,,-1.0,-1.0,-1.0,-1.0,-1.0,-1.0,-1.0,-1.0,-1.0,-1.0,-1.0
US100.dk,2016.09.01 16:00:00,0.5,0.5,BE,-0.1501,-0.1501,0.5,0.5,0.5,0.5,0.75,0.5,0.5,0.0,0.5,0.5,0.5
US100.dk,2016.09.12 16:00:00,0.43,0.5,BE,-0.1856,-0.0446,0.5,0.5,0.5,0.5,0.5,0.25,0.5,0.0,-0.3072,-0.2165,0.2403
US100.dk,2016.11.07 04:00:00,-0.43,0.5,BE,-1.8219,-1.8219,0.5,0.5,0.5,0.5,0.5,0.25,0.0,0.0,0.5,0.5,0.5
US100.dk,2016.11.09 12:00:00,2.5,2.4997,TP,-0.5148,-0.5148,-0.5,-0.5,-0.25,-0.5,-0.5,2.4997,2.4997,2.4997,2.4997,2.4997,2.4997
US100.dk,2017.05.04 16:00:00,2.51,2.5024,TP,-0.3349,-0.3349,2.5024,2.5024,2.5024,2.5024,1.5,2.5024,2.5024,2.5024,2.5024,2.5024,2.5024
US100.dk,2017.05.17 04:00:00,-1.14,-1.0,SL,-7.6204,-7.6204,-0.5,-0.5,-0.25,-0.5,-0.5,-1.0,-1.0,-1.0,-1.0,-1.0,-1.0
US100.dk,2017.05.19 12:00:00,2.55,2.5,TP,-0.3402,-0.3402,2.5,2.5,2.5,2.5,1.625,2.5,2.5,2.5,2.5,2.5,2.5
US100.dk,2017.06.01 20:00:00,-1.0,-1.0,SL,-2.8172,-2.8172,-0.5,-0.5,-0.25,-0.25,-0.25,-1.0,-1.0,-1.0,-1.0,-1.0,-1.0
US100.dk,2017.06.14 12:00:00,-1.02,-1.0,SL,,,-1.0,-1.0,-1.0,-1.0,-1.0,-1.0,-1.0,-1.0,-1.0,-1.0,-1.0
US100.dk,2017.06.19 08:00:00,0.45,0.5,BE,-0.4261,-0.4261,0.5,0.5,0.5,0.5,0.5,0.25,0.5,0.0,0.5,0.5,0.5
US100.dk,2017.06.21 12:00:00,0.48,0.5,BE,-0.1532,-0.1532,0.5,0.5,0.5,0.5,0.5,0.25,0.0,0.0,0.5,0.5,0.5
US100.dk,2017.06.28 16:00:00,-1.0,-1.0,SL,,,-1.0,-1.0,-1.0,-1.0,-1.0,-1.0,-1.0,-1.0,-1.0,-1.0,-1.0
US100.dk,2017.07.05 16:00:00,2.63,2.4994,TP,0.0117,0.1993,2.4994,2.4994,2.4994,2.4994,2.4994,2.4994,2.4994,2.4994,-0.5653,0.3333,2.4994
US100.dk,2017.07.31 04:00:00,-1.0,-1.0,SL,,,-1.0,-1.0,-1.0,-1.0,-1.0,-1.0,-1.0,-1.0,-1.0,-1.0,-1.0
US100.dk,2017.08.02 16:00:00,0.5,0.5,BE,-0.2426,-0.2426,0.5,0.5,0.5,0.5,0.5,0.25,0.0,0.0,-0.409,0.0676,0.2929
US100.dk,2017.08.09 16:00:00,-1.0,-1.0,SL,,,-1.0,-1.0,-1.0,-1.0,-1.0,-1.0,-1.0,-1.0,-1.0,-1.0,-1.0
US100.dk,2017.08.14 04:00:00,0.49,0.5,BE,-0.4644,-0.4644,0.5,0.5,0.5,0.5,0.5,0.25,0.0,0.0,0.5,0.5,0.5
US100.dk,2017.08.22 12:00:00,-1.02,-1.0,SL,-1.2358,,-0.5,-1.0,-1.0,-0.75,-0.75,-1.0,-1.0,-1.0,-0.2013,-0.4607,-0.9041
US100.dk,2017.08.29 20:00:00,0.48,0.5,BE,-0.3105,-0.3105,0.5,0.5,0.5,0.5,0.625,2.4995,0.5,2.4995,0.5,0.5,0.5
US100.dk,2017.09.27 16:00:00,2.54,2.501,TP,-0.262,-0.262,2.501,2.501,2.501,2.501,1.875,2.501,2.501,2.501,0.004,2.501,2.501
US100.dk,2017.11.02 16:00:00,0.56,0.5,BE,-0.2986,-0.1424,0.5,0.5,0.5,0.5,0.625,0.5,0.5,2.4992,0.5,0.5,0.5
US100.dk,2017.11.09 20:00:00,-1.01,-1.0,SL,-1.2757,,-0.5,-1.0,-1.0,-0.75,-0.75,-1.0,-1.0,-1.0,0.1305,0.1305,-1.0
US100.dk,2017.11.16 12:00:00,0.47,0.5,BE,-0.648,-0.2663,-0.5,0.5,0.5,0.5,0.875,0.5,0.5,0.0,-0.1359,-0.3408,0.5
US100.dk,2017.12.04 08:00:00,-1.0,-1.0,SL,,,-1.0,-1.0,-1.0,-1.0,-1.0,-1.0,-1.0,-1.0,-1.0,-1.0,-1.0
US100.dk,2017.12.06 16:00:00,2.66,2.5007,TP,-0.1508,0.0014,2.5007,2.5007,2.5007,2.5007,1.5,2.5007,2.5007,2.5007,2.5007,2.5007,2.5007
US100.dk,2018.01.10 12:00:00,2.66,2.5021,TP,-0.1162,-0.1162,2.5021,2.5021,2.5021,2.5021,1.875,2.5021,2.5021,2.5021,2.5021,2.5021,2.5021
US100.dk,2018.01.16 20:00:00,2.94,2.5013,TP,-0.3446,-0.3446,2.5013,2.5013,-0.25,2.5013,1.125,2.5013,2.5013,2.5013,2.5013,2.5013,2.5013
US100.dk,2018.01.25 20:00:00,0.49,0.5,BE,-0.0723,-0.0723,0.5,0.5,0.5,0.5,0.75,0.5,0.5,0.0,0.5,0.5,0.5
US100.dk,2018.01.31 04:00:00,-1.02,-1.0,SL,-1.1382,,-0.5,-1.0,-1.0,-0.75,-0.75,-1.0,-1.0,-1.0,-0.0734,-1.0,-1.0
US100.dk,2018.02.01 12:00:00,-1.01,-1.0,SL,,,-1.0,-1.0,-1.0,-1.0,-1.0,-1.0,-1.0,-1.0,-1.0,-1.0,-1.0
US100.dk,2018.02.07 12:00:00,-1.0,-1.0,SL,,,-1.0,-1.0,-1.0,-1.0,-1.0,-1.0,-1.0,-1.0,-1.0,-1.0,-1.0
US100.dk,2018.02.12 16:00:00,2.59,2.4996,TP,-0.6084,-0.6084,-0.5,2.4996,2.4996,2.4996,1.25,2.4996,2.4996,2.4996,0.134,2.4996,2.4996
US100.dk,2018.03.14 04:00:00,-1.01,-1.0,SL,-1.1468,,-0.5,-1.0,-1.0,-0.5,-0.5,-1.0,-1.0,-1.0,-1.0,-1.0,-1.0
US100.dk,2018.03.15 12:00:00,-1.01,-1.0,SL,,,-1.0,-1.0,-1.0,-1.0,-1.0,-1.0,-1.0,-1.0,-1.0,-1.0,-1.0
US100.dk,2018.03.26 16:00:00,-1.0,-1.0,SL,,,-1.0,-1.0,-1.0,-1.0,-1.0,-1.0,-1.0,-1.0,-1.0,-1.0,-1.0
US100.dk,2018.04.04 16:00:00,0.33,1.8075,end,-0.5527,-0.5527,-0.5,-0.5,-0.25,-0.25,-0.25,1.8075,1.8075,1.8075,-0.2928,-0.4042,-0.1206
US100.dk,2018.10.29 16:00:00,-1.0,-1.0,SL,-1.0833,,-0.5,-1.0,-1.0,-0.75,-0.75,-1.0,-1.0,-1.0,-0.3232,-1.0,-1.0
US100.dk,2018.11.02 16:00:00,-1.0,-1.0,SL,-1.1885,-1.1885,-0.5,-0.5,-0.25,-0.5,-0.5,-1.0,-1.0,-1.0,-1.0,-1.0,-1.0
US100.dk,2018.11.09 20:00:00,2.57,2.5,TP,-0.1895,-0.1895,2.5,2.5,2.5,2.5,1.125,2.5,2.5,2.5,2.5,2.5,2.5
US100.dk,2018.11.19 16:00:00,-1.0,-1.0,SL,-1.0285,-1.0285,-0.5,-0.5,-0.25,-0.25,-0.25,-1.0,-1.0,-1.0,-1.0,-1.0,-1.0
US100.dk,2018.12.04 20:00:00,0.44,0.5,BE,-0.1315,-0.1315,0.5,0.5,0.5,0.5,0.5,2.4998,0.5,2.4998,0.5,0.5,0.5
US100.dk,2018.12.13 16:00:00,2.57,2.4995,TP,-0.0825,-0.0825,2.4995,2.4995,2.4995,2.4995,1.25,2.4995,2.4995,2.4995,2.4995,2.4995,2.4995
US100.dk,2018.12.19 16:00:00,0.5,0.5,BE,-0.0639,-0.0639,0.5,0.5,0.5,0.5,1.25,0.5,0.5,0.0,0.5,0.5,0.5
US100.dk,2019.01.02 04:00:00,-1.0,-1.0,SL,-1.1393,-1.1393,-0.5,-0.5,-0.25,-0.5,-0.5,-1.0,-1.0,-1.0,-1.0,-1.0,-1.0
US100.dk,2019.01.02 20:00:00,-1.0,-1.0,SL,-1.2207,,-0.5,-1.0,-1.0,-0.75,-0.75,-1.0,-1.0,-1.0,0.2534,-1.0,-1.0
US100.dk,2019.01.14 00:00:00,-1.0,-1.0,SL,-1.6774,,-0.5,-1.0,-1.0,-0.75,-0.75,-1.0,-1.0,-1.0,-0.6311,-1.0,-1.0
US100.dk,2019.01.17 04:00:00,-1.0,-1.0,SL,,,-1.0,-1.0,-1.0,-1.0,-1.0,-1.0,-1.0,-1.0,-1.0,-1.0,-1.0
US100.dk,2019.01.22 00:00:00,0.45,0.5,BE,-0.3878,-0.3878,0.5,0.5,0.5,0.5,1.25,0.5,0.5,0.0,0.5,0.5,0.5
US100.dk,2019.01.30 04:00:00,-1.01,-1.0,SL,,,-1.0,-1.0,-1.0,-1.0,-1.0,-1.0,-1.0,-1.0,-1.0,-1.0,-1.0
US100.dk,2019.02.11 08:00:00,2.51,2.5,TP,-0.8697,-0.8697,-0.5,-0.5,-0.25,-0.5,-0.5,2.5,2.5,2.5,2.5,2.5,2.5
US100.dk,2019.02.26 04:00:00,0.5,0.5,BE,-0.4147,-0.2829,0.5,0.5,0.5,0.5,0.75,0.5,0.5,0.0,0.5,0.5,0.5
US100.dk,2019.02.27 16:00:00,0.46,0.5,BE,-0.591,-0.591,0.5,0.5,0.5,0.5,0.5,0.25,0.5,0.0,-0.093,0.5,0.5
US100.dk,2019.03.05 04:00:00,-1.0,-1.0,SL,-1.141,-1.141,-0.5,-0.5,-0.25,-0.5,-0.5,-1.0,-1.0,-1.0,-1.0,-1.0,-1.0
US100.dk,2019.03.11 12:00:00,2.59,2.5004,TP,0.1486,0.1605,2.5004,2.5004,2.5004,2.5004,1.5,2.5004,2.5004,2.5004,2.5004,2.5004,2.5004
US100.dk,2019.04.10 16:00:00,2.57,2.5011,TP,-0.7914,-0.7914,-0.5,-0.5,-0.25,-0.5,-0.5,2.5011,2.5011,2.5011,2.5011,2.5011,2.5011
US100.dk,2019.04.26 04:00:00,-1.01,-1.0,SL,,,-1.0,-1.0,-1.0,-1.0,-1.0,-1.0,-1.0,-1.0,-1.0,-1.0,-1.0
US100.dk,2019.04.26 12:00:00,0.48,0.5,BE,-0.1868,-0.1868,0.5,0.5,0.5,0.5,0.5,0.25,0.0,0.0,0.5,0.5,0.5
US100.dk,2019.04.30 20:00:00,-1.0,-1.0,SL,,,-1.0,-1.0,-1.0,-1.0,-1.0,-1.0,-1.0,-1.0,-1.0,-1.0,-1.0
US100.dk,2019.05.03 08:00:00,-0.0,0.5,BE,-1.7284,-1.7284,0.5,0.5,0.5,0.5,0.75,0.5,0.5,0.0,0.5,0.5,0.5
US100.dk,2019.05.06 12:00:00,-1.0,-1.0,SL,-1.2416,-1.2416,-0.5,-0.5,-0.25,-0.5,-0.5,-1.0,-1.0,-1.0,-1.0,-1.0,-1.0
US100.dk,2019.05.10 20:00:00,-1.0,-1.0,SL,,,-1.0,-1.0,-1.0,-1.0,-1.0,-1.0,-1.0,-1.0,-1.0,-1.0,-1.0
US100.dk,2019.05.15 12:00:00,-1.0,-1.0,SL,-1.1858,-1.1858,-0.5,-0.5,-0.25,-0.25,-0.25,-1.0,-1.0,-1.0,-1.0,-1.0,-1.0
US100.dk,2019.05.28 00:00:00,-1.01,-1.0,SL,-1.4779,,-0.5,-1.0,-1.0,-0.75,-0.75,-1.0,-1.0,-1.0,-1.0,-1.0,-1.0
US100.dk,2019.05.28 12:00:00,-1.0,-1.0,SL,,,-1.0,-1.0,-1.0,-1.0,-1.0,-1.0,-1.0,-1.0,-1.0,-1.0,-1.0
US100.dk,2019.06.12 20:00:00,-1.0,-1.0,SL,,,-1.0,-1.0,-1.0,-1.0,-1.0,-1.0,-1.0,-1.0,-1.0,-1.0,-1.0
US100.dk,2019.06.13 04:00:00,2.56,2.4993,TP,-0.5433,-0.5433,-0.5,-0.5,-0.25,-0.5,-0.5,2.4993,2.4993,2.4993,2.4993,2.4993,2.4993
US100.dk,2019.06.25 08:00:00,-1.0,-1.0,SL,,,-1.0,-1.0,-1.0,-1.0,-1.0,-1.0,-1.0,-1.0,-1.0,-1.0,-1.0
US100.dk,2019.06.27 04:00:00,2.84,2.4992,TP,-0.7983,0.8198,-0.5,2.4992,2.4992,2.4992,1.25,2.4992,2.4992,2.4992,-0.0149,2.4992,2.4992
US100.dk,2019.07.10 12:00:00,0.47,0.5,BE,-1.1369,-1.1369,-0.5,-0.5,-0.25,-0.25,-0.25,0.25,0.5,0.0,0.3321,0.3038,0.5
US100.dk,2019.08.01 12:00:00,-1.0,-1.0,SL,,,-1.0,-1.0,-1.0,-1.0,-1.0,-1.0,-1.0,-1.0,-1.0,-1.0,-1.0
US100.dk,2019.08.07 16:00:00,0.46,0.5,BE,-0.2527,-0.2527,0.5,0.5,-0.25,-0.25,-0.25,0.25,0.5,0.0,0.5,0.5,0.5
US100.dk,2019.08.16 08:00:00,0.48,0.5,BE,-0.6358,-0.6358,0.5,0.5,0.5,0.5,1.125,0.5,0.5,0.0,0.5,0.5,0.5
US100.dk,2019.08.27 08:00:00,-1.0,-1.0,SL,-1.031,-1.031,-0.5,-0.5,-0.25,-0.5,-0.5,-1.0,-1.0,-1.0,-1.0,-1.0,-1.0
US100.dk,2019.08.28 12:00:00,0.5,0.5,BE,-0.3264,-0.3264,0.5,0.5,0.5,0.5,0.875,0.5,0.5,2.5011,0.5,0.5,0.5
US100.dk,2019.09.04 00:00:00,2.5,2.4985,TP,-0.0102,-0.0102,2.4985,2.4985,2.4985,2.4985,1.75,2.4985,2.4985,2.4985,2.4985,2.4985,2.4985
US100.dk,2019.09.11 20:00:00,-1.0,-1.0,SL,,,-1.0,-1.0,-1.0,-1.0,-1.0,-1.0,-1.0,-1.0,-0.1317,-0.4449,-1.0
US100.dk,2019.09.17 16:00:00,-1.0,-1.0,SL,,,-1.0,-1.0,-1.0,-1.0,-1.0,-1.0,-1.0,-1.0,-1.0,-1.0,-1.0
US100.dk,2019.09.18 16:00:00,-1.0,-1.0,SL,-1.2977,-1.2977,-0.5,-0.5,-0.25,-0.5,-0.5,-1.0,-1.0,-1.0,-1.0,-1.0,-1.0
US100.dk,2019.09.25 16:00:00,-1.0,-1.0,SL,,,-1.0,-1.0,-1.0,-1.0,-1.0,-1.0,-1.0,-1.0,-0.1715,-1.0,-1.0
US100.dk,2019.09.30 16:00:00,0.5,0.5,BE,-1.2273,-1.2273,-0.5,-0.5,-0.25,-0.25,-0.25,0.25,0.0,0.0,0.5,0.5,0.5
US100.dk,2019.10.03 16:00:00,2.64,2.5,TP,-0.3639,-0.3639,2.5,2.5,-0.25,-0.25,-0.25,2.5,2.5,2.5,2.5,2.5,2.5
US100.dk,2019.12.02 00:00:00,-1.0,-1.0,SL,,,-1.0,-1.0,-1.0,-1.0,-1.0,-1.0,-1.0,-1.0,-1.0,-1.0,-1.0
US100.dk,2019.12.05 04:00:00,-1.0,-1.0,SL,-1.1839,,-0.5,-1.0,-1.0,-0.75,-0.75,-1.0,-1.0,-1.0,-1.0,-1.0,-1.0
US100.dk,2019.12.05 20:00:00,0.5,0.5,BE,-0.3996,-0.3996,0.5,0.5,0.5,0.5,1.125,0.5,0.5,2.5011,0.5,0.5,0.5
US100.dk,2019.12.10 12:00:00,2.57,2.4995,TP,-0.0994,-0.0994,2.4995,2.4995,2.4995,2.4995,2.4995,2.4995,2.4995,2.4995,-0.1118,2.4995,2.4995
US100.dk,2019.12.31 20:00:00,0.48,0.5,BE,-0.4036,-0.4036,0.5,0.5,0.5,0.5,0.75,0.5,0.5,0.0,0.5,0.5,0.5
US100.dk,2020.01.03 12:00:00,-1.0,-1.0,SL,-1.0653,,-0.5,-1.0,-1.0,-0.75,-0.75,-1.0,-1.0,-1.0,-1.0,-1.0,-1.0
US100.dk,2020.01.06 12:00:00,-1.01,-1.0,SL,-1.3609,-1.3609,-0.5,-0.5,-0.25,-0.5,-0.5,-1.0,-1.0,-1.0,-1.0,-1.0,-1.0
US100.dk,2020.01.08 04:00:00,2.62,2.4997,TP,-0.049,0.2171,2.4997,2.4997,2.4997,2.4997,1.5,2.4997,2.4997,2.4997,2.4997,2.4997,2.4997
US100.dk,2020.02.10 00:00:00,0.48,0.5,BE,-0.4167,-0.4167,0.5,0.5,0.5,0.5,1.0,0.5,0.5,0.0,0.5,0.5,0.5
US100.dk,2020.03.02 20:00:00,-1.0,-1.0,SL,-1.0664,,-0.5,-1.0,-1.0,-0.75,-0.75,-1.0,-1.0,-1.0,-0.5806,0.0432,-0.3208
US100.dk,2020.03.13 12:00:00,-1.0,-1.0,SL,,,-1.0,-1.0,-1.0,-1.0,-1.0,-1.0,-1.0,-1.0,-1.0,-1.0,-1.0
US100.dk,2020.03.15 20:00:00,-1.0,-1.0,SL,-1.104,-1.104,-0.5,-0.5,-0.25,-0.5,-0.5,-1.0,-1.0,-1.0,-0.3558,-0.1364,-0.207
US100.dk,2020.04.20 12:00:00,-1.0,-1.0,SL,,,-1.0,-1.0,-1.0,-1.0,-1.0,-1.0,-1.0,-1.0,-1.0,-1.0,-1.0
US100.dk,2020.04.22 16:00:00,0.33,0.5,BE,-0.9227,-0.9227,-0.5,-0.5,-0.25,-0.25,-0.25,0.5,0.5,2.4997,0.5,0.5,0.5
US100.dk,2020.05.04 16:00:00,2.68,2.5,TP,-0.0005,0.1143,2.5,2.5,2.5,2.5,1.125,2.5,2.5,2.5,2.5,2.5,2.5
US100.dk,2020.06.02 20:00:00,0.42,0.5,BE,-0.587,-0.5343,-0.5,0.5,0.5,0.5,1.25,0.5,0.5,0.0,0.1161,-0.3229,0.5
US100.dk,2020.06.15 16:00:00,0.4,0.5,BE,-0.1033,-0.1033,0.5,0.5,0.5,0.5,0.625,2.4999,0.5,2.4999,0.5,0.5,0.5
US100.dk,2020.06.29 20:00:00,2.72,2.5002,TP,-0.1982,0.1643,2.5002,2.5002,2.5002,2.5002,1.875,2.5002,2.5002,2.5002,2.5002,2.5002,2.5002
US100.dk,2020.08.10 08:00:00,-1.0,-1.0,SL,,,-1.0,-1.0,-1.0,-1.0,-1.0,-1.0,-1.0,-1.0,-1.0,-1.0,-1.0
US100.dk,2020.08.11 00:00:00,-1.0,-1.0,SL,-1.5085,,-0.5,-1.0,-1.0,-0.75,-0.75,-1.0,-1.0,-1.0,-1.0,-1.0,-1.0
US100.dk,2020.08.12 12:00:00,2.5,2.5002,TP,-0.1534,-0.1534,2.5002,2.5002,2.5002,2.5002,2.5002,2.5002,2.5002,2.5002,0.3869,2.5002,2.5002
US100.dk,2020.09.02 16:00:00,-1.0,-1.0,SL,,,-1.0,-1.0,-1.0,-1.0,-1.0,-1.0,-1.0,-1.0,-1.0,-1.0,-1.0
US100.dk,2020.09.09 20:00:00,-1.0,-1.0,SL,-1.3133,,-0.5,-1.0,-1.0,-0.75,-0.75,-1.0,-1.0,-1.0,-1.0,-1.0,-1.0
US100.dk,2020.09.14 12:00:00,0.42,0.5,BE,-0.5802,-0.5802,0.5,0.5,0.5,0.5,0.625,0.25,0.5,0.0,0.5,0.5,0.5
US100.dk,2020.09.21 20:00:00,0.4,0.5,BE,-0.9616,-0.9616,-0.5,-0.5,-0.25,-0.5,-0.5,0.5,0.5,2.5001,0.2921,0.5,0.5
US100.dk,2020.11.03 12:00:00,0.43,0.5,BE,-0.3726,-0.3726,0.5,0.5,0.5,0.5,0.75,0.5,0.5,2.4998,0.5,0.5,0.5
US100.dk,2020.11.04 08:00:00,0.33,0.5,BE,-0.1062,-0.1062,0.5,0.5,0.5,0.5,1.25,0.5,0.5,2.4998,0.5,0.5,0.5
US100.dk,2020.11.11 12:00:00,0.5,0.5,BE,-0.1304,-0.1304,0.5,0.5,0.5,0.5,0.5,2.5002,2.5002,2.5002,0.5,0.5,0.5
US100.dk,2020.11.19 16:00:00,2.64,2.5,TP,-0.0276,-0.0276,2.5,2.5,2.5,2.5,0.75,2.5,2.5,2.5,-0.073,-0.4298,-0.026
US100.dk,2020.12.18 20:00:00,-1.01,-1.0,SL,,,-1.0,-1.0,-1.0,-1.0,-1.0,-1.0,-1.0,-1.0,-1.0,-1.0,-1.0
US100.dk,2020.12.21 16:00:00,0.45,0.5,BE,-0.6685,-0.6685,0.5,0.5,0.5,0.5,0.5,0.25,0.5,2.5002,0.0842,0.0993,0.095
US100.dk,2021.01.05 16:00:00,-1.0,-1.0,SL,-1.2218,,-0.5,-1.0,-1.0,-0.75,-0.75,-1.0,-1.0,-1.0,-1.0,-1.0,-1.0
US100.dk,2021.01.06 12:00:00,0.5,0.5,BE,-0.1982,-0.1982,0.5,0.5,0.5,0.5,0.625,0.5,0.5,2.4996,0.5,0.5,0.5
US100.dk,2021.01.19 00:00:00,2.6,2.4996,TP,-0.5833,0.2428,2.4996,2.4996,2.4996,2.4996,2.4996,2.4996,2.4996,2.4996,2.4996,2.4996,2.4996
US100.dk,2021.01.25 16:00:00,-1.0,-1.0,SL,-1.0376,-1.0376,-0.5,-0.5,-0.25,-0.5,-0.5,-1.0,-1.0,-1.0,0.2359,-1.0,-1.0
US100.dk,2021.01.28 12:00:00,-1.0,-1.0,SL,-1.1531,,-0.5,-1.0,-1.0,-0.75,-0.75,-1.0,-1.0,-1.0,-0.4409,-1.0,-1.0
US100.dk,2021.02.01 16:00:00,0.43,0.5,BE,-0.1377,-0.1377,0.5,0.5,0.5,0.5,1.0,0.5,0.5,0.0,0.5,0.5,0.5
US100.dk,2021.02.24 20:00:00,-1.0,-1.0,SL,,,-1.0,-1.0,-1.0,-1.0,-1.0,-1.0,-1.0,-1.0,-1.0,-1.0,-1.0
US100.dk,2021.03.01 00:00:00,0.5,0.5,BE,-0.0935,-0.0785,0.5,0.5,0.5,0.5,0.625,0.25,0.5,0.0,0.5,0.5,0.5
US100.dk,2021.03.03 04:00:00,-1.0,-1.0,SL,,,-1.0,-1.0,-1.0,-1.0,-1.0,-1.0,-1.0,-1.0,-1.0,-1.0,-1.0
US100.dk,2021.03.09 08:00:00,2.71,2.5002,TP,-0.2019,-0.2019,2.5002,2.5002,2.5002,2.5002,0.875,2.5002,2.5002,2.5002,2.5002,2.5002,2.5002
US100.dk,2021.04.09 12:00:00,0.47,0.5,BE,-0.4056,-0.4056,0.5,0.5,-0.25,0.5,1.0,0.5,0.5,0.0,0.5,0.5,0.5
US100.dk,2021.04.21 12:00:00,0.42,0.5,BE,-0.9369,-0.2869,-0.5,0.5,0.5,-0.75,-0.75,0.25,0.0,0.0,0.186,0.2776,0.5
US100.dk,2021.04.29 16:00:00,-1.0,-1.0,SL,,,-1.0,-1.0,-1.0,-1.0,-1.0,-1.0,-1.0,-1.0,-0.6566,-1.0,-1.0
US100.dk,2021.05.07 00:00:00,0.42,0.5,BE,-1.0369,-1.0369,0.5,0.5,0.5,0.5,0.5,0.25,0.0,0.0,0.5,0.5,0.5
US100.dk,2021.05.14 08:00:00,0.47,0.5,BE,-0.2173,-0.2173,0.5,0.5,0.5,0.5,0.75,0.5,0.5,0.0,0.5,0.5,0.5
US100.dk,2021.05.17 16:00:00,-1.01,-1.0,SL,-1.0731,-1.0731,-0.5,-0.5,-0.25,-0.25,-0.25,-1.0,-1.0,-1.0,-1.0,-1.0,-1.0
US100.dk,2021.05.19 16:00:00,2.72,2.5,TP,-0.0276,-0.0276,2.5,2.5,2.5,2.5,2.5,2.5,2.5,2.5,2.5,2.5,2.5
US100.dk,2021.07.01 16:00:00,2.56,2.5,TP,-0.4387,0.0661,2.5,2.5,2.5,2.5,1.375,2.5,2.5,2.5,2.5,2.5,2.5
US100.dk,2021.07.07 20:00:00,-1.0,-1.0,SL,,,-1.0,-1.0,-1.0,-1.0,-1.0,-1.0,-1.0,-1.0,-1.0,-1.0,-1.0
US100.dk,2021.07.08 16:00:00,0.46,0.5,BE,-0.2888,-0.0826,0.5,0.5,0.5,0.5,0.625,0.25,0.5,0.0,0.5,0.5,0.5
US100.dk,2021.07.20 12:00:00,2.64,2.4997,TP,-0.1758,0.0091,2.4997,2.4997,2.4997,2.4997,1.0,2.4997,2.4997,2.4997,0.406,2.4997,2.4997
US100.dk,2021.09.03 00:00:00,0.5,0.5,BE,-0.9435,-0.9435,0.5,0.5,0.5,0.5,0.5,0.25,0.5,0.0,0.5,0.5,0.5
US100.dk,2021.09.07 12:00:00,-1.0,-1.0,SL,-2.1426,-2.1426,-0.5,-0.5,-0.25,-0.5,-0.5,-1.0,-1.0,-1.0,-1.0,-1.0,-1.0
US100.dk,2021.09.10 08:00:00,-1.0,-1.0,SL,,,-1.0,-1.0,-1.0,-1.0,-1.0,-1.0,-1.0,-1.0,-1.0,-1.0,-1.0
US100.dk,2021.09.15 16:00:00,-1.0,-1.0,SL,,,-1.0,-1.0,-1.0,-1.0,-1.0,-1.0,-1.0,-1.0,0.0807,-1.0,-1.0
US100.dk,2021.09.22 12:00:00,0.46,0.5,BE,-0.5079,-0.5079,0.5,0.5,0.5,0.5,0.625,0.25,0.5,0.0,0.5,0.5,0.5
US100.dk,2021.10.03 20:00:00,-1.0,-1.0,SL,,,-1.0,-1.0,-1.0,-1.0,-1.0,-1.0,-1.0,-1.0,-1.0,-1.0,-1.0
US100.dk,2021.10.05 12:00:00,-1.0,-1.0,SL,,,-1.0,-1.0,-1.0,-1.0,-1.0,-1.0,-1.0,-1.0,-1.0,-1.0,-1.0
US100.dk,2021.10.06 12:00:00,0.44,0.5,BE,-0.3701,-0.2498,0.5,0.5,0.5,0.5,0.625,2.4996,0.5,2.4996,0.5,0.5,0.5
US100.dk,2021.10.13 08:00:00,2.59,2.4992,TP,-0.4886,-0.1362,2.4992,2.4992,2.4992,2.4992,2.4992,2.4992,2.4992,2.4992,2.4992,2.4992,2.4992
US100.dk,2021.10.25 00:00:00,0.5,2.5008,TP,-0.4787,-0.4787,2.5008,2.5008,-0.25,2.5008,1.375,2.5008,2.5008,2.5008,2.5008,2.5008,2.5008
US100.dk,2021.10.25 12:00:00,2.58,2.4996,TP,-0.0169,-0.0169,2.4996,2.4996,2.4996,2.4996,1.0,2.4996,2.4996,2.4996,2.4996,2.4996,2.4996
US100.dk,2021.11.12 12:00:00,0.5,0.5,BE,-0.234,-0.234,0.5,0.5,0.5,0.5,0.625,2.4991,0.5,2.4991,0.5,0.5,0.5
US100.dk,2021.11.15 16:00:00,2.63,2.4995,TP,-0.3051,-0.3051,2.4995,2.4995,-0.25,2.4995,2.4995,2.4995,2.4995,2.4995,2.4995,2.4995,2.4995
US100.dk,2021.11.25 00:00:00,-1.0,-1.0,SL,,,-1.0,-1.0,-1.0,-1.0,-1.0,-1.0,-1.0,-1.0,-0.5383,-1.0,-1.0
US100.dk,2021.11.29 12:00:00,0.47,0.5,BE,-0.3091,-0.3091,0.5,0.5,0.5,0.5,0.625,0.25,0.5,0.0,0.5,0.5,0.5
US100.dk,2021.12.01 00:00:00,-1.0,-1.0,SL,-1.8753,,-0.5,-1.0,-1.0,-0.75,-0.75,-1.0,-1.0,-1.0,-1.0,-1.0,-1.0
US100.dk,2021.12.12 20:00:00,-1.0,-1.0,SL,,,-1.0,-1.0,-1.0,-1.0,-1.0,-1.0,-1.0,-1.0,-1.0,-1.0,-1.0
US100.dk,2021.12.29 16:00:00,-1.0,-1.0,SL,-1.2306,-1.2306,-0.5,-0.5,-0.25,-0.5,-0.5,-1.0,-1.0,-1.0,-1.0,-1.0,-1.0
US100.dk,2022.01.03 08:00:00,-1.01,-1.0,SL,,,-1.0,-1.0,-1.0,-1.0,-1.0,-1.0,-1.0,-1.0,-1.0,-1.0,-1.0
US100.dk,2022.01.03 16:00:00,-1.0,-1.0,SL,-1.2928,,-0.5,-1.0,-1.0,-0.75,-0.75,-1.0,-1.0,-1.0,-1.0,-1.0,-1.0
US100.dk,2022.01.11 16:00:00,-1.0,-1.0,SL,-1.0011,-1.0011,-0.5,-0.5,-0.25,-0.5,-0.5,-1.0,-1.0,-1.0,-1.0,-1.0,-1.0
US100.dk,2022.01.26 12:00:00,-1.01,-1.0,SL,,,-1.0,-1.0,-1.0,-1.0,-1.0,-1.0,-1.0,-1.0,-1.0,-1.0,-1.0
US100.dk,2022.01.26 16:00:00,0.4,0.5,BE,-0.3588,-0.3588,0.5,0.5,0.5,0.5,0.5,0.25,0.0,0.0,0.5,0.5,0.5
US100.dk,2022.01.27 16:00:00,-1.0,-1.0,SL,-1.0044,,-0.5,-1.0,-1.0,-0.75,-0.75,-1.0,-1.0,-1.0,-0.4721,-1.0,-1.0
US100.dk,2022.02.02 20:00:00,0.5,0.5,BE,-0.5657,-0.5657,-0.5,-0.5,-0.25,-0.25,-0.25,0.5,0.5,2.5001,0.5,0.5,0.5
US100.dk,2022.04.04 08:00:00,0.5,0.5,BE,-0.3516,-0.3516,0.5,0.5,0.5,0.5,1.0,0.5,0.5,0.0,0.5,0.5,0.5
US100.dk,2022.04.12 16:00:00,-1.0,-1.0,SL,-1.0105,-1.0105,-0.5,-0.5,-0.25,-0.5,-0.5,-1.0,-1.0,-1.0,-0.7897,0.1244,-1.0
US100.dk,2022.04.20 12:00:00,2.5,2.4996,TP,-0.8841,0.2221,-0.5,2.4996,2.4996,-0.75,-0.75,2.4996,2.4996,2.4996,0.3018,2.4996,2.4996
US100.dk,2022.04.28 12:00:00,-1.0,-1.0,SL,,,-1.0,-1.0,-1.0,-1.0,-1.0,-1.0,-1.0,-1.0,-1.0,-1.0,-1.0
US100.dk,2022.04.28 20:00:00,0.43,0.5,BE,-0.98,-0.98,0.5,0.5,0.5,0.5,0.75,0.5,0.5,2.4997,0.5,0.5,0.5
US100.dk,2022.05.05 12:00:00,0.34,0.5,BE,-0.1179,-0.0299,0.5,0.5,0.5,0.5,0.75,0.5,0.5,0.0,0.1812,0.5,0.5
US100.dk,2022.06.01 12:00:00,-1.0,-1.0,SL,,,-1.0,-1.0,-1.0,-1.0,-1.0,-1.0,-1.0,-1.0,-0.5593,-1.0,-1.0
US100.dk,2022.06.03 12:00:00,3.0,2.5,TP,-0.6206,-0.162,-0.5,2.5,2.5,2.5,1.75,2.5,2.5,2.5,-0.5065,0.2145,-0.3578
US100.dk,2022.06.20 00:00:00,-1.04,-1.0,SL,-1.6291,,-0.5,-1.0,-1.0,-0.75,-0.75,-1.0,-1.0,-1.0,-1.0,-1.0,-1.0
US100.dk,2022.06.22 04:00:00,-1.0,-1.0,SL,,,-1.0,-1.0,-1.0,-1.0,-1.0,-1.0,-1.0,-1.0,-1.0,-1.0,-1.0
US100.dk,2022.06.28 12:00:00,0.4,0.5,BE,-0.1165,-0.0684,0.5,0.5,0.5,0.5,0.5,0.25,0.0,0.0,0.5,0.5,0.5
US100.dk,2022.07.11 12:00:00,0.4,0.5,BE,-0.6186,-0.6186,-0.5,-0.5,-0.25,-0.25,-0.25,0.5,0.5,0.0,0.5,0.5,0.5
US100.dk,2022.07.13 20:00:00,-1.0,-1.0,SL,-1.0604,-1.0604,-0.5,-0.5,-0.25,-0.5,-0.5,-1.0,-1.0,-1.0,-1.0,-1.0,-1.0
US100.dk,2022.07.18 16:00:00,-1.0,-1.0,SL,,,-1.0,-1.0,-1.0,-1.0,-1.0,-1.0,-1.0,-1.0,-1.0,-1.0,-1.0
US100.dk,2022.07.24 20:00:00,-1.0,-1.0,SL,,,-1.0,-1.0,-1.0,-1.0,-1.0,-1.0,-1.0,-1.0,-1.0,-1.0,-1.0
US100.dk,2022.07.25 12:00:00,0.5,0.5,BE,-0.5748,-0.5748,0.5,0.5,0.5,0.5,1.0,0.5,0.5,0.0,0.5,0.5,0.5
US100.dk,2022.08.07 20:00:00,-1.02,-1.0,SL,,,-1.0,-1.0,-1.0,-1.0,-1.0,-1.0,-1.0,-1.0,-1.0,-1.0,-1.0
US100.dk,2022.08.08 16:00:00,-1.0,-1.0,SL,-1.0951,-1.0951,-0.5,-0.5,-0.25,-0.25,-0.25,-1.0,-1.0,-1.0,-1.0,-1.0,-1.0
US100.dk,2022.08.16 12:00:00,-1.0,-1.0,SL,-1.0186,,-0.5,-1.0,-1.0,-0.75,-0.75,-1.0,-1.0,-1.0,-1.0,-1.0,-1.0
US100.dk,2022.08.18 08:00:00,-1.0,-1.0,SL,-1.344,,-0.5,-1.0,-1.0,-0.75,-0.75,-1.0,-1.0,-1.0,-1.0,-1.0,-1.0
US100.dk,2022.08.26 12:00:00,0.4,0.5,BE,-0.0154,-0.0144,0.5,0.5,0.5,0.5,1.0,0.5,0.5,2.4998,0.5,0.5,0.5
US100.dk,2022.09.13 12:00:00,0.33,0.5,BE,-0.0874,-0.0239,0.5,0.5,0.5,0.5,1.25,0.5,0.5,0.6392,0.0975,0.364,0.5
US100.dk,2022.12.14 16:00:00,2.5,2.4996,TP,-0.1312,0.2304,2.4996,2.4996,2.4996,2.4996,1.5,2.4996,2.4996,2.4996,2.4996,2.4996,2.4996
US100.dk,2022.12.30 12:00:00,-1.0,-1.0,SL,-1.1415,-1.1415,-0.5,-0.5,-0.25,-0.5,-0.5,-1.0,-1.0,-1.0,-1.0,-1.0,-1.0
US100.dk,2023.01.03 12:00:00,0.5,0.5,BE,-0.8318,-0.8318,0.5,0.5,-0.25,0.5,0.5,0.25,0.0,0.0,0.5,0.5,0.5
US100.dk,2023.01.18 16:00:00,-1.0,-1.0,SL,-1.5076,-1.5076,-0.5,-0.5,-0.25,-0.25,-0.25,-1.0,-1.0,-1.0,-1.0,-1.0,-1.0
US100.dk,2023.01.25 08:00:00,0.5,0.5,BE,-1.0821,-1.0821,0.5,0.5,0.5,0.5,0.5,0.25,0.0,0.0,0.5,0.5,0.5
US100.dk,2023.02.01 20:00:00,-1.0,-1.0,SL,-1.1924,-1.1924,-0.5,-0.5,-0.25,-0.25,-0.25,-1.0,-1.0,-1.0,-1.0,-1.0,-1.0
US100.dk,2023.03.23 20:00:00,-1.0,-1.0,SL,-1.4396,-1.4396,-0.5,-0.5,-0.25,-0.75,-0.75,-1.0,-1.0,-1.0,0.2763,-1.0,-1.0
US100.dk,2023.03.29 04:00:00,2.51,2.5,TP,-0.0668,-0.0668,2.5,2.5,2.5,2.5,1.875,2.5,2.5,2.5,2.5,2.5,2.5
US100.dk,2023.04.04 20:00:00,-1.0,-1.0,SL,,,-1.0,-1.0,-1.0,-1.0,-1.0,-1.0,-1.0,-1.0,-1.0,-1.0,-1.0
US100.dk,2023.04.06 16:00:00,-1.0,-1.0,SL,-1.0196,,-0.5,-1.0,-1.0,-0.75,-0.75,-1.0,-1.0,-1.0,-0.0687,0.0103,-0.3482
US100.dk,2023.04.18 16:00:00,-1.0,-1.0,SL,,,-1.0,-1.0,-1.0,-1.0,-1.0,-1.0,-1.0,-1.0,-1.0,-1.0,-1.0
US100.dk,2023.04.20 12:00:00,-1.0,-1.0,SL,-1.0533,,-0.5,-1.0,-1.0,-0.75,-0.75,-1.0,-1.0,-1.0,-1.0,-1.0,-1.0
US100.dk,2023.04.27 04:00:00,2.5,2.5,TP,-0.1527,-0.1527,2.5,2.5,2.5,2.5,1.25,2.5,2.5,2.5,2.5,2.5,2.5
US100.dk,2023.05.16 20:00:00,2.62,2.5007,TP,-0.3369,-0.3209,2.5007,2.5007,2.5007,2.5007,2.5007,2.5007,2.5007,2.5007,2.5007,2.5007,2.5007
US100.dk,2023.05.23 12:00:00,-1.0,-1.0,SL,,,-1.0,-1.0,-1.0,-1.0,-1.0,-1.0,-1.0,-1.0,-1.0,-1.0,-1.0
US100.dk,2023.05.24 20:00:00,2.72,2.5002,TP,-0.0211,0.019,2.5002,2.5002,2.5002,2.5002,1.25,2.5002,2.5002,2.5002,2.5002,2.5002,2.5002
US100.dk,2023.06.14 16:00:00,0.44,0.5,BE,-0.5792,-0.5792,0.5,0.5,0.5,0.5,0.5,0.25,0.0,0.0,0.5,0.5,0.5
US100.dk,2023.06.20 16:00:00,-1.0,-1.0,SL,,,-1.0,-1.0,-1.0,-1.0,-1.0,-1.0,-1.0,-1.0,-1.0,-1.0,-1.0
US100.dk,2023.06.22 12:00:00,-1.0,-1.0,SL,-1.4148,,-0.5,-1.0,-1.0,-0.75,-0.75,-1.0,-1.0,-1.0,-0.4597,-0.5045,-1.0
US100.dk,2023.06.27 16:00:00,0.44,0.5,BE,-0.3708,-0.0256,0.5,0.5,0.5,0.5,0.625,2.4998,0.5,2.4998,0.1468,0.0238,0.5
US100.dk,2023.07.11 08:00:00,-1.0,-1.0,SL,,,-1.0,-1.0,-1.0,-1.0,-1.0,-1.0,-1.0,-1.0,-1.0,-1.0,-1.0
US100.dk,2023.07.11 12:00:00,2.51,2.5,TP,-0.5893,0.3624,2.5,2.5,2.5,2.5,2.5,2.5,2.5,2.5,2.5,2.5,2.5
US100.dk,2023.07.20 00:00:00,-1.04,-1.0,SL,-1.3665,,-0.5,-1.0,-1.0,-0.75,-0.75,-1.0,-1.0,-1.0,-1.0,-1.0,-1.0
US100.dk,2023.07.20 08:00:00,-1.0,-1.0,SL,,,-1.0,-1.0,-1.0,-1.0,-1.0,-1.0,-1.0,-1.0,-1.0,-1.0,-1.0
US100.dk,2023.07.25 12:00:00,-1.0,-1.0,SL,-1.2225,-1.2225,-0.5,-0.5,-0.25,-0.5,-0.5,-1.0,-1.0,-1.0,-1.0,-1.0,-1.0
US100.dk,2023.07.26 20:00:00,0.43,0.5,BE,-0.9189,-0.9189,0.5,0.5,0.5,0.5,0.75,0.5,0.5,0.0,0.5,0.5,0.5
US100.dk,2023.07.28 04:00:00,0.5,0.5,BE,-0.3188,-0.3188,0.5,0.5,0.5,0.5,0.875,0.5,0.5,0.0,0.5,0.5,0.5
US100.dk,2023.08.04 12:00:00,-1.0,-1.0,SL,,,-1.0,-1.0,-1.0,-1.0,-1.0,-1.0,-1.0,-1.0,-1.0,-1.0,-1.0
US100.dk,2023.08.07 16:00:00,-1.01,-1.0,SL,,,-1.0,-1.0,-1.0,-1.0,-1.0,-1.0,-1.0,-1.0,-1.0,-1.0,-1.0
US100.dk,2023.08.14 12:00:00,-1.0,-1.0,SL,-1.464,-1.464,-0.5,-0.5,-0.25,-0.5,-0.5,-1.0,-1.0,-1.0,-1.0,-1.0,-1.0
US100.dk,2023.08.21 16:00:00,0.5,0.5,BE,-0.2575,-0.2575,0.5,0.5,-0.25,0.5,1.0,0.5,0.5,0.0,0.5,0.5,0.5
US100.dk,2023.08.25 16:00:00,0.5,0.5,BE,-0.0187,-0.0187,0.5,0.5,0.5,0.5,1.375,0.5,0.5,0.0,0.5,0.5,0.5
US100.dk,2023.09.28 12:00:00,-1.0,-1.0,SL,-1.1943,-1.1943,-0.5,-0.5,-0.25,-0.5,-0.5,-1.0,-1.0,-1.0,-1.0,-1.0,-1.0
US100.dk,2023.10.04 12:00:00,0.33,0.5,BE,-0.7071,-0.7071,0.5,0.5,0.5,0.5,0.875,0.5,0.5,0.0,-0.3718,0.5,0.5
US100.dk,2023.10.24 08:00:00,-1.0,-1.0,SL,-1.0396,-1.0396,-0.5,-0.5,-0.25,-0.5,-0.5,-1.0,-1.0,-1.0,-1.0,-1.0,-1.0
US100.dk,2023.10.24 16:00:00,-1.0,-1.0,SL,-1.7759,-1.7759,-0.5,-0.5,-0.25,-0.5,-0.5,-1.0,-1.0,-1.0,-1.0,-1.0,-1.0
US100.dk,2023.11.01 00:00:00,2.5,2.4991,TP,-0.4761,-0.4761,2.4991,2.4991,2.4991,2.4991,2.4991,2.4991,2.4991,2.4991,2.4991,2.4991,2.4991
US100.dk,2023.11.10 12:00:00,2.75,2.4997,TP,-0.0088,-0.0088,2.4997,2.4997,2.4997,2.4997,1.875,2.4997,2.4997,2.4997,2.4997,2.4997,2.4997
US100.dk,2023.11.21 16:00:00,0.47,0.5,BE,-0.4721,-0.4721,0.5,0.5,0.5,0.5,1.25,0.5,0.5,0.0,0.5,0.5,0.5
US100.dk,2023.11.27 12:00:00,0.5,0.5,BE,-0.8848,-0.0576,-0.5,0.5,0.5,-0.75,-0.75,0.5,0.0,0.0,-0.2531,0.5,0.5
US100.dk,2023.11.30 00:00:00,-1.15,-1.0,SL,-3.5626,,-0.5,-1.0,-1.0,-0.75,-0.75,-1.0,-1.0,-1.0,-1.0,-1.0,-1.0
US100.dk,2023.12.01 16:00:00,-1.0,-1.0,SL,,,-1.0,-1.0,-1.0,-1.0,-1.0,-1.0,-1.0,-1.0,-1.0,-1.0,-1.0
US100.dk,2023.12.05 12:00:00,2.5,2.5,TP,-0.7612,-0.2577,-0.5,2.5,-0.25,-0.75,-0.75,2.5,2.5,2.5,-0.0731,0.2572,2.5
US100.dk,2023.12.21 20:00:00,0.5,0.5,BE,-0.6343,-0.6343,0.5,0.5,-0.25,0.5,0.75,0.5,0.5,0.0,0.5,0.5,0.5
US100.dk,2024.01.08 12:00:00,2.72,2.5002,TP,-0.0591,0.0045,2.5002,2.5002,2.5002,2.5002,0.625,2.5002,2.5002,2.5002,2.5002,2.5002,2.5002
US100.dk,2024.01.26 08:00:00,0.48,0.5,BE,-1.3908,-1.3908,-0.5,-0.5,-0.25,-0.25,-0.25,0.5,0.5,0.0,0.5,0.5,0.5
US100.dk,2024.02.01 16:00:00,0.42,0.5,BE,-0.1606,-0.1606,0.5,0.5,0.5,0.5,0.875,0.5,0.5,2.5,0.5,0.5,0.5
US100.dk,2024.02.21 20:00:00,0.33,0.5,BE,-0.0658,-0.0658,0.5,0.5,0.5,0.5,0.875,0.5,0.5,0.0,0.5,0.5,0.5
US100.dk,2024.04.23 12:00:00,0.49,0.5,BE,-0.9558,-0.9558,-0.5,-0.5,-0.25,-0.25,-0.25,0.5,0.5,2.5,0.5,0.5,0.5
US100.dk,2024.05.02 16:00:00,2.5,2.5002,TP,-0.0175,-0.0175,2.5002,2.5002,2.5002,2.5002,2.5002,2.5002,2.5002,2.5002,2.5002,2.5002,2.5002
US100.dk,2024.05.19 20:00:00,0.48,0.5,BE,-0.2473,-0.2473,0.5,0.5,0.5,0.5,0.625,0.5,0.5,0.0,0.5,0.5,0.5
US100.dk,2024.05.24 12:00:00,-1.0,-1.0,SL,-1.0238,,-0.5,-1.0,-1.0,-0.75,-0.75,-1.0,-1.0,-1.0,-0.0706,0.1498,-0.3306
US100.dk,2024.06.03 00:00:00,0.51,0.5,BE,-1.8443,-1.8443,-0.5,0.5,0.5,0.5,0.5,0.25,0.0,0.0,0.5,0.5,0.5
US100.dk,2024.06.03 16:00:00,2.67,2.5004,TP,-0.3674,0.3252,2.5004,2.5004,2.5004,2.5004,2.5004,2.5004,2.5004,2.5004,0.2035,2.5004,2.5004
US100.dk,2024.06.25 12:00:00,0.44,0.5,BE,-0.3131,-0.1268,0.5,0.5,0.5,0.5,0.625,2.4996,2.4996,2.4996,0.2569,0.5,0.5
US100.dk,2024.07.01 00:00:00,-1.01,-1.0,SL,-1.1773,,-0.5,-1.0,-1.0,-0.75,-0.75,-1.0,-1.0,-1.0,-1.0,-1.0,-1.0
US100.dk,2024.07.01 16:00:00,0.46,0.5,BE,-0.4876,-0.0546,0.5,0.5,0.5,0.5,1.75,0.5,0.5,0.0,0.5,0.5,0.5
US100.dk,2024.07.22 16:00:00,-1.01,-1.0,SL,-1.3643,,-0.5,-1.0,-1.0,-0.75,-0.75,-1.0,-1.0,-1.0,-0.3349,-1.0,-1.0
US100.dk,2024.07.30 08:00:00,-1.0,-1.0,SL,,,-1.0,-1.0,-1.0,-1.0,-1.0,-1.0,-1.0,-1.0,-1.0,-1.0,-1.0
US100.dk,2024.07.31 04:00:00,-1.0,-1.0,SL,-1.0171,-1.0171,-0.5,-0.5,-0.25,-0.25,-0.25,-1.0,-1.0,-1.0,-1.0,-1.0,-1.0
US100.dk,2024.08.08 20:00:00,0.33,0.5,BE,-0.1306,-0.1306,0.5,0.5,0.5,0.5,1.0,0.5,0.5,2.5001,0.0129,0.067,0.5
US100.dk,2024.09.10 16:00:00,-1.0,-1.0,SL,,,-1.0,-1.0,-1.0,-1.0,-1.0,-1.0,-1.0,-1.0,-1.0,-1.0,-1.0
US100.dk,2024.09.11 16:00:00,3.0,2.5001,TP,0.0149,0.1347,2.5001,2.5001,2.5001,2.5001,1.375,2.5001,2.5001,2.5001,0.2843,0.3958,0.1786
US100.dk,2024.12.18 00:00:00,-1.01,-1.0,SL,-3.5685,-3.5685,-0.5,-0.5,-0.25,-0.5,-0.5,-1.0,-1.0,-1.0,-1.0,-1.0,-1.0
US100.dk,2024.12.20 16:00:00,-1.0,-1.0,SL,-1.011,-1.011,-0.5,-0.5,-0.25,-0.5,-0.5,-1.0,-1.0,-1.0,-0.1746,0.3884,-1.0
US100.dk,2025.01.15 12:00:00,0.4,0.5,BE,-0.2978,-0.2978,0.5,0.5,-0.25,0.5,0.875,0.5,0.5,0.0,0.5,0.5,0.5
US100.dk,2025.01.28 16:00:00,-1.02,-1.0,SL,-1.3613,-1.3613,-0.5,-0.5,-0.25,-0.5,-0.5,-1.0,-1.0,-1.0,-0.156,0.0997,-1.0
US100.dk,2025.02.18 20:00:00,-1.0,-1.0,SL,-1.918,,-0.5,-1.0,-1.0,-0.75,-0.75,-1.0,-1.0,-1.0,-0.2214,-1.0,-1.0
US100.dk,2025.02.20 20:00:00,-1.0,-1.0,SL,-2.1723,,-0.5,-1.0,-1.0,-0.75,-0.75,-1.0,-1.0,-1.0,-1.0,-1.0,-1.0
US100.dk,2025.03.03 08:00:00,-1.0,-1.0,SL,,,-1.0,-1.0,-1.0,-1.0,-1.0,-1.0,-1.0,-1.0,-1.0,-1.0,-1.0
US100.dk,2025.03.05 16:00:00,-1.0,-1.0,SL,,,-1.0,-1.0,-1.0,-1.0,-1.0,-1.0,-1.0,-1.0,-1.0,-1.0,-1.0
US100.dk,2025.03.12 16:00:00,0.5,0.5,BE,-0.4425,-0.1308,0.5,0.5,0.5,0.5,0.5,0.5,0.5,0.0,0.5,0.5,0.5
US100.dk,2025.03.18 12:00:00,-1.0,-1.0,SL,,,-1.0,-1.0,-1.0,-1.0,-1.0,-1.0,-1.0,-1.0,-0.6675,-1.0,-1.0
US100.dk,2025.03.20 08:00:00,-1.0,-1.0,SL,-1.08,-1.08,-0.5,-0.5,-0.25,-0.25,-0.25,-1.0,-1.0,-1.0,0.1769,-1.0,-1.0
US100.dk,2025.03.26 12:00:00,3.0,2.4998,TP,-0.08,-0.015,2.4998,2.4998,2.4998,2.4998,1.875,2.4998,2.4998,2.4998,2.4998,2.4998,2.4998
US100.dk,2025.04.02 20:00:00,-0.0,0.5,BE,-0.4608,-0.4608,0.5,0.5,0.5,0.5,1.0,0.5,0.5,0.0,0.1832,0.5,0.5
US100.dk,2025.04.15 20:00:00,0.39,0.5,BE,-0.3045,-0.3045,0.5,0.5,-0.25,0.5,0.625,0.5,0.5,0.0,0.5,0.5,0.5
US100.dk,2025.05.19 12:00:00,-1.0,-1.0,SL,-1.0576,,-0.5,-1.0,-1.0,-0.75,-0.75,-1.0,-1.0,-1.0,0.0203,0.2643,-1.0
US100.dk,2025.05.25 20:00:00,0.43,0.5,BE,-0.3821,-0.3821,0.5,0.5,0.5,0.5,1.125,0.5,0.5,2.4997,0.1709,0.5,0.5
US100.dk,2025.06.02 12:00:00,2.72,2.5003,TP,-0.1149,0.1142,2.5003,2.5003,2.5003,2.5003,0.875,2.5003,2.5003,2.5003,2.5003,2.5003,2.5003
US100.dk,2025.07.02 00:00:00,-1.0,-1.0,SL,-1.3508,,-0.5,-1.0,-1.0,-0.75,-0.75,-1.0,-1.0,-1.0,-1.0,-1.0,-1.0
US100.dk,2025.07.02 12:00:00,0.5,0.5,BE,-0.124,-0.124,0.5,0.5,0.5,0.5,0.5,2.5,0.5,2.5,0.5,0.5,0.5
US100.dk,2025.07.08 00:00:00,0.46,0.5,BE,-0.5048,-0.0469,-0.5,0.5,0.5,0.5,0.625,0.25,0.5,2.5,-0.2745,0.5,0.5
US100.dk,2025.07.10 20:00:00,-1.0,-1.0,SL,,,-1.0,-1.0,-1.0,-1.0,-1.0,-1.0,-1.0,-1.0,-1.0,-1.0,-1.0
US100.dk,2025.07.11 12:00:00,-1.01,-1.0,SL,-1.177,,-0.5,-1.0,-1.0,-0.75,-0.75,-1.0,-1.0,-1.0,-1.0,-1.0,-1.0
US100.dk,2025.07.14 12:00:00,0.5,0.5,BE,-0.1377,-0.1377,0.5,0.5,0.5,0.5,0.5,0.25,2.4998,2.4998,0.5,0.5,0.5
US100.dk,2025.07.16 08:00:00,-1.0,-1.0,SL,,,-1.0,-1.0,-1.0,-1.0,-1.0,-1.0,-1.0,-1.0,-1.0,-1.0,-1.0
US100.dk,2025.07.16 16:00:00,0.51,0.5,BE,-0.1838,-0.025,0.5,0.5,0.5,0.5,0.625,0.5,0.5,2.5002,0.5,0.5,0.5
US100.dk,2025.08.04 12:00:00,0.33,0.5,BE,-0.6177,-0.5514,-0.5,0.5,0.5,0.5,1.25,0.5,0.5,2.5,-0.2824,0.3786,0.5
US100.dk,2025.08.22 12:00:00,-1.0,-1.0,SL,-1.021,,-0.5,-1.0,-1.0,-0.75,-0.75,-1.0,-1.0,-1.0,-0.1712,-0.2158,0.05
US100.dk,2025.09.03 08:00:00,2.62,2.5007,TP,-0.7689,-0.7689,-0.5,-0.5,-0.25,-0.5,-0.5,2.5007,2.5007,2.5007,2.5007,2.5007,2.5007
US100.dk,2025.09.10 20:00:00,2.59,2.5008,TP,-0.2292,-0.1531,2.5008,2.5008,2.5008,2.5008,2.5008,2.5008,2.5008,2.5008,2.5008,2.5008,2.5008
US100.dk,2025.09.17 16:00:00,0.44,0.5,BE,-0.1537,-0.1537,0.5,0.5,0.5,0.5,1.125,0.5,0.5,2.5004,0.5,0.5,0.5
US100.dk,2025.09.26 16:00:00,0.5,0.5,BE,-0.3919,-0.3919,0.5,0.5,0.5,0.5,0.5,0.5,0.5,0.0,0.5,0.5,0.5
US100.dk,2025.10.01 08:00:00,0.42,0.5,BE,-0.5269,-0.5269,0.5,0.5,0.5,0.5,1.125,0.5,0.5,0.0,0.5,0.5,0.5
US100.dk,2025.10.15 04:00:00,-1.0,-1.0,SL,-1.0792,-1.0792,-0.5,-0.5,-0.25,-0.25,-0.25,-1.0,-1.0,-1.0,-1.0,-1.0,-1.0
US100.dk,2025.10.15 20:00:00,-1.01,-1.0,SL,-1.6886,-1.6886,-0.5,-0.5,-0.25,-0.25,-0.25,-1.0,-1.0,-1.0,-1.0,-1.0,-1.0
US100.dk,2025.10.17 12:00:00,0.5,0.5,BE,-0.0782,-0.0782,0.5,0.5,0.5,0.5,0.5,0.5,0.5,0.0,0.5,0.5,0.5
US100.dk,2025.10.23 12:00:00,2.56,2.4998,TP,-0.0356,0.3685,2.4998,2.4998,2.4998,2.4998,2.4998,2.4998,2.4998,2.4998,2.4998,2.4998,2.4998
US100.dk,2025.10.30 20:00:00,-1.0,-1.0,SL,-1.2573,,-0.5,-1.0,-1.0,-0.75,-0.75,-1.0,-1.0,-1.0,-0.5523,-0.1518,-1.0
US100.dk,2025.11.05 16:00:00,-1.0,-1.0,SL,,,-1.0,-1.0,-1.0,-1.0,-1.0,-1.0,-1.0,-1.0,-1.0,-1.0,-1.0
US100.dk,2025.11.10 00:00:00,-1.0,-1.0,SL,-1.1218,-1.1218,-0.5,-0.5,-0.25,-0.25,-0.25,-1.0,-1.0,-1.0,-1.0,-1.0,-1.0
US100.dk,2025.11.17 04:00:00,-1.0,-1.0,SL,,,-1.0,-1.0,-1.0,-1.0,-1.0,-1.0,-1.0,-1.0,-1.0,-1.0,-1.0
US100.dk,2025.11.19 20:00:00,-1.0,-1.0,SL,-1.4393,,-0.5,-1.0,-1.0,-0.75,-0.75,-1.0,-1.0,-1.0,-1.0,-1.0,-1.0
US100.dk,2025.11.24 12:00:00,0.5,0.5,BE,-0.3889,-0.0437,0.5,0.5,0.5,0.5,1.25,0.5,0.5,0.0,0.0937,0.5,0.5
US500.dk,2012.10.15 20:00:00,0.51,0.5,BE,-0.1387,-0.1387,0.5,0.5,0.5,0.5,0.5,0.25,0.5,0.0,0.5,0.5,0.5
US500.dk,2012.10.30 12:00:00,0.56,0.5,BE,-0.0933,-0.0933,0.5,0.5,0.5,0.5,0.5,0.25,0.5,0.0,0.5,0.5,0.5
US500.dk,2012.11.28 16:00:00,0.5,0.5,BE,-0.3179,-0.3179,0.5,0.5,-0.25,-0.25,-0.25,0.5,0.5,2.5026,0.5,0.5,0.5
US500.dk,2012.12.31 20:00:00,2.53,2.4983,TP,-0.0034,-0.0034,2.4983,2.4983,2.4983,2.4983,1.75,2.4983,2.4983,2.4983,2.4983,2.4983,2.4983
US500.dk,2013.03.20 12:00:00,0.5,0.5,BE,-0.9111,-0.9111,-0.5,-0.5,-0.25,-0.5,-0.5,0.5,0.5,2.4972,-0.0611,0.5,0.5
US500.dk,2013.04.16 16:00:00,-1.0,-1.0,SL,,,-1.0,-1.0,-1.0,-1.0,-1.0,-1.0,-1.0,-1.0,-1.0,-1.0,-1.0
US500.dk,2013.05.02 12:00:00,2.54,2.5,TP,-0.0268,-0.0268,2.5,2.5,2.5,2.5,2.5,2.5,2.5,2.5,2.5,2.5,2.5
US500.dk,2013.05.28 00:00:00,0.5,0.5,BE,-0.3723,-0.3723,0.5,0.5,0.5,0.5,0.75,0.5,0.0,0.0,0.5,0.5,0.5
US500.dk,2013.05.30 08:00:00,-1.0,-1.0,SL,-1.8596,-1.8596,-0.5,-0.5,-0.25,-0.25,-0.25,-1.0,-1.0,-1.0,-1.0,-1.0,-1.0
US500.dk,2013.06.04 12:00:00,-1.07,-1.0,SL,,,-1.0,-1.0,-1.0,-1.0,-1.0,-1.0,-1.0,-1.0,-1.0,-1.0,-1.0
US500.dk,2013.06.07 12:00:00,-1.0,-1.0,SL,-1.0762,,-0.5,-1.0,-1.0,-0.75,-0.75,-1.0,-1.0,-1.0,0.3048,-0.5524,-0.1286
US500.dk,2013.06.26 04:00:00,2.51,2.5,TP,-0.0598,-0.0598,2.5,2.5,2.5,2.5,1.25,2.5,2.5,2.5,2.5,2.5,2.5
US500.dk,2013.07.16 16:00:00,-0.99,-1.0,SL,,,-1.0,-1.0,-1.0,-1.0,-1.0,-1.0,-1.0,-1.0,-1.0,-1.0,-1.0
US500.dk,2013.07.17 12:00:00,0.51,0.5,BE,-0.3085,-0.3085,0.5,0.5,0.5,0.5,0.625,0.5,0.5,0.0,0.5,0.5,0.5
US500.dk,2013.07.25 16:00:00,-1.0,-1.0,SL,,,-1.0,-1.0,-1.0,-1.0,-1.0,-1.0,-1.0,-1.0,-1.0,-1.0,-1.0
US500.dk,2013.07.26 16:00:00,0.5,0.5,BE,-0.4167,-0.131,0.5,0.5,0.5,0.5,0.5,0.25,0.5,0.0,-0.5179,-0.0952,0.0833
US500.dk,2013.08.08 00:00:00,-1.35,-1.0,SL,-1.7091,,-0.5,-1.0,-1.0,-0.75,-0.75,-1.0,-1.0,-1.0,-0.1455,-1.0,-1.0
US500.dk,2013.08.13 04:00:00,-1.04,-1.0,SL,-2.383,-2.383,-0.5,-0.5,-0.25,-0.5,-0.5,-1.0,-1.0,-1.0,-1.0,-1.0,-1.0
US500.dk,2013.08.13 16:00:00,-1.0,-1.0,SL,,,-1.0,-1.0,-1.0,-1.0,-1.0,-1.0,-1.0,-1.0,-0.7188,-1.0,-1.0
US500.dk,2013.08.22 12:00:00,-1.01,-1.0,SL,-1.3316,-1.3316,-0.5,-0.5,-0.25,-0.25,-0.25,-1.0,-1.0,-1.0,-1.0,-1.0,-1.0
US500.dk,2013.08.29 12:00:00,-1.01,-1.0,SL,,,-1.0,-1.0,-1.0,-1.0,-1.0,-1.0,-1.0,-1.0,-0.8605,-1.0,-1.0
US500.dk,2013.09.02 00:00:00,2.52,2.5025,TP,-0.5245,-0.3578,2.5025,2.5025,-0.25,2.5025,2.5025,2.5025,2.5025,2.5025,0.1422,-0.4167,2.5025
US500.dk,2013.09.18 16:00:00,-1.0,-1.0,SL,-1.1235,,-0.5,-1.0,-1.0,-0.75,-0.75,-1.0,-1.0,-1.0,-0.1275,-0.5139,-1.0
US500.dk,2013.09.26 20:00:00,-1.03,-1.0,SL,,,-1.0,-1.0,-1.0,-1.0,-1.0,-1.0,-1.0,-1.0,-1.0,-1.0,-1.0
US500.dk,2013.10.02 16:00:00,-1.0,-1.0,SL,,,-1.0,-1.0,-1.0,-1.0,-1.0,-1.0,-1.0,-1.0,-1.0,-1.0,-1.0
US500.dk,2013.10.04 16:00:00,-1.0,-1.0,SL,,,-1.0,-1.0,-1.0,-1.0,-1.0,-1.0,-1.0,-1.0,-1.0,-1.0,-1.0
US500.dk,2013.10.10 12:00:00,2.55,2.5017,TP,-0.0801,0.1463,2.5017,2.5017,2.5017,2.5017,1.625,2.5017,2.5017,2.5017,2.5017,2.5017,2.5017
US500.dk,2013.11.19 00:00:00,-0.99,-1.0,SL,-1.0625,,-0.5,-1.0,-1.0,-0.75,-0.75,-1.0,-1.0,-1.0,-1.0,-1.0,-1.0
US500.dk,2013.11.19 12:00:00,-1.0,-1.0,SL,,,-1.0,-1.0,-1.0,-1.0,-1.0,-1.0,-1.0,-1.0,-1.0,-1.0,-1.0
US500.dk,2013.11.19 20:00:00,-1.01,-1.0,SL,-1.4462,-1.4462,-0.5,-0.5,-0.25,-0.25,-0.25,-1.0,-1.0,-1.0,-1.0,-1.0,-1.0
US500.dk,2013.11.21 12:00:00,0.54,0.5,BE,-0.1892,-0.1892,0.5,0.5,0.5,0.5,0.625,0.25,0.5,0.0,0.4324,0.5,0.5
US500.dk,2013.12.06 08:00:00,0.5,0.5,BE,-0.7895,-0.7895,0.5,0.5,0.5,0.5,0.875,0.5,0.5,0.0,0.5,0.5,0.5
US500.dk,2013.12.16 08:00:00,0.5,0.5,BE,-0.6622,-0.6622,-0.5,0.5,0.5,0.5,1.5,0.5,0.5,0.0,0.1486,0.0586,0.5
US500.dk,2014.02.06 12:00:00,2.53,2.5024,TP,0.0048,0.0048,2.5024,2.5024,2.5024,2.5024,1.875,2.5024,2.5024,2.5024,2.5024,2.5024,2.5024
US500.dk,2014.02.24 12:00:00,0.51,0.5,BE,-0.8704,-0.8704,-0.5,-0.5,-0.25,-0.75,-0.75,0.5,0.5,0.0,-0.2685,-0.1759,-0.3102
US500.dk,2014.03.17 12:00:00,0.51,0.5,BE,-0.4115,-0.4115,0.5,0.5,-0.25,-0.25,-0.25,0.25,0.5,0.0,0.5,0.5,0.5
US500.dk,2014.04.09 16:00:00,-1.0,-1.0,SL,,,-1.0,-1.0,-1.0,-1.0,-1.0,-1.0,-1.0,-1.0,-1.0,-1.0,-1.0
US500.dk,2014.04.28 08:00:00,-1.02,-1.0,SL,,,-1.0,-1.0,-1.0,-1.0,-1.0,-1.0,-1.0,-1.0,-1.0,-1.0,-1.0
US500.dk,2014.04.28 20:00:00,0.5,0.5,BE,-0.557,-0.557,-0.5,-0.5,-0.25,-0.25,-0.25,2.4958,0.5,2.4958,0.0928,0.5,0.5
US500.dk,2014.06.02 12:00:00,0.51,2.5,TP,-0.7187,-0.2083,2.5,2.5,2.5,2.5,1.5,2.5,2.5,2.5,-0.4687,0.1771,2.5
US500.dk,2014.06.05 12:00:00,0.5,0.5,BE,-0.2051,-0.2051,0.5,0.5,0.5,0.5,0.5,0.25,0.5,0.0,0.5,0.5,0.5
US500.dk,2014.06.16 16:00:00,2.51,2.5056,TP,-0.6667,-0.6667,-0.5,-0.5,-0.25,-0.5,-0.5,2.5056,2.5056,2.5056,2.5056,2.5056,2.5056
US500.dk,2014.07.09 16:00:00,-1.0,-1.0,SL,,,-1.0,-1.0,-1.0,-1.0,-1.0,-1.0,-1.0,-1.0,-1.0,-1.0,-1.0
US500.dk,2014.07.11 20:00:00,0.51,0.5,BE,-0.2549,-0.2549,0.5,0.5,0.5,0.5,0.5,0.25,0.5,0.0,0.5,0.5,0.5
US500.dk,2014.07.15 16:00:00,0.51,0.5,BE,-0.6559,-0.6559,0.5,0.5,0.5,0.5,0.5,0.25,0.0,0.0,0.5,0.5,0.5
US500.dk,2014.07.18 12:00:00,0.5,0.5,BE,-0.4438,-0.0059,0.5,0.5,0.5,0.5,0.5,0.25,0.5,0.0,0.0296,0.3609,0.5
US500.dk,2014.07.29 08:00:00,-1.01,-1.0,SL,,,-1.0,-1.0,-1.0,-1.0,-1.0,-1.0,-1.0,-1.0,-1.0,-1.0,-1.0
US500.dk,2014.08.08 12:00:00,2.52,2.496,TP,-0.152,-0.152,2.496,2.496,2.496,2.496,1.75,2.496,2.496,2.496,2.496,2.496,2.496
US500.dk,2014.09.24 12:00:00,-1.0,-1.0,SL,-1.5517,-1.5517,-0.5,-0.5,-0.25,-0.5,-0.5,-1.0,-1.0,-1.0,-1.0,-1.0,-1.0
US500.dk,2014.09.26 16:00:00,-1.01,-1.0,SL,,,-1.0,-1.0,-1.0,-1.0,-1.0,-1.0,-1.0,-1.0,-1.0,-1.0,-1.0
US500.dk,2014.09.30 04:00:00,-1.01,-1.0,SL,-1.6716,-1.6716,-0.5,-0.5,-0.25,-0.5,-0.5,-1.0,-1.0,-1.0,-1.0,-1.0,-1.0
US500.dk,2014.10.03 12:00:00,-1.0,-1.0,SL,-1.0559,-1.0559,-0.5,-0.5,-0.25,-0.25,-0.25,-1.0,-1.0,-1.0,-1.0,-1.0,-1.0
US500.dk,2014.10.08 16:00:00,-1.01,-1.0,SL,,,-1.0,-1.0,-1.0,-1.0,-1.0,-1.0,-1.0,-1.0,-0.9,-1.0,-1.0
US500.dk,2014.10.17 00:00:00,-1.0,-1.0,SL,,,-1.0,-1.0,-1.0,-1.0,-1.0,-1.0,-1.0,-1.0,-1.0,-1.0,-1.0
US500.dk,2014.10.27 16:00:00,2.55,2.5,TP,-0.0357,0.2054,2.5,2.5,2.5,2.5,1.25,2.5,2.5,2.5,2.5,2.5,2.5
US500.dk,2014.11.04 16:00:00,2.51,2.4959,TP,-0.2439,0.1707,2.4959,2.4959,2.4959,2.4959,1.0,2.4959,2.4959,2.4959,2.4959,2.4959,2.4959
US500.dk,2014.11.26 16:00:00,0.51,0.5,BE,-0.0909,-0.0909,0.5,0.5,0.5,0.5,0.625,0.25,0.5,0.0,0.5,0.5,0.5
US500.dk,2014.11.28 12:00:00,-1.0,-1.0,SL,,,-1.0,-1.0,-1.0,-1.0,-1.0,-1.0,-1.0,-1.0,-1.0,-1.0,-1.0
US500.dk,2014.12.02 12:00:00,0.51,0.5,BE,-0.2087,-0.2087,0.5,0.5,0.5,0.5,0.5,0.25,0.5,0.0,0.5,0.5,0.5
US500.dk,2014.12.04 16:00:00,-1.0,-1.0,SL,-1.6733,-1.6733,-0.5,-0.5,-0.25,-0.25,-0.25,-1.0,-1.0,-1.0,-1.0,-1.0,-1.0
US500.dk,2014.12.11 12:00:00,-1.0,-1.0,SL,,,-1.0,-1.0,-1.0,-1.0,-1.0,-1.0,-1.0,-1.0,-1.0,-1.0,-1.0
US500.dk,2014.12.17 16:00:00,0.49,0.5,BE,-0.3056,-0.3056,0.5,0.5,0.5,0.5,1.875,0.5,0.5,2.5,0.5,0.5,0.5
US500.dk,2015.01.08 00:00:00,0.5,0.5,BE,-0.045,-0.0208,0.5,0.5,0.5,0.5,0.5,0.25,0.0,0.0,0.5,0.5,0.5
US500.dk,2015.01.09 16:00:00,-1.02,-1.0,SL,-2.3303,-2.3303,-0.5,-0.5,-0.25,-0.5,-0.5,-1.0,-1.0,-1.0,-1.0,-1.0,-1.0
US500.dk,2015.01.13 08:00:00,-1.01,-1.0,SL,-2.0788,-2.0788,-0.5,-0.5,-0.25,-0.25,-0.25,-1.0,-1.0,-1.0,-1.0,-1.0,-1.0
US500.dk,2015.01.15 04:00:00,-1.01,-1.0,SL,,,-1.0,-1.0,-1.0,-1.0,-1.0,-1.0,-1.0,-1.0,-1.0,-1.0,-1.0
US500.dk,2015.01.16 16:00:00,0.49,0.5,BE,-0.3827,-0.3827,0.5,0.5,0.5,0.5,0.875,0.5,0.5,2.2315,0.5,0.5,0.5
US500.dk,2015.02.09 04:00:00,-1.0,-1.0,SL,,,-1.0,-1.0,-1.0,-1.0,-1.0,-1.0,-1.0,-1.0,-1.0,-1.0,-1.0
US500.dk,2015.02.09 20:00:00,0.51,2.5108,TP,-0.4946,-0.2151,2.5108,2.5108,2.5108,2.5108,0.625,2.5108,2.5108,2.5108,2.5108,2.5108,2.5108
US500.dk,2015.02.10 12:00:00,2.51,2.5065,TP,-0.1818,-0.1818,2.5065,2.5065,2.5065,2.5065,1.125,2.5065,2.5065,2.5065,2.5065,2.5065,2.5065
US500.dk,2015.02.11 20:00:00,0.51,0.5,BE,-0.365,-0.365,0.5,0.5,0.5,0.5,1.125,0.5,0.5,0.0,0.5,0.5,0.5
US500.dk,2015.03.12 12:00:00,-1.0,-1.0,SL,-1.1921,-1.1921,-0.5,-0.5,-0.25,-0.5,-0.5,-1.0,-1.0,-1.0,-1.0,-1.0,-1.0
US500.dk,2015.03.16 08:00:00,2.52,2.4901,TP,-0.0297,-0.0297,2.4901,2.4901,2.4901,2.4901,1.125,2.4901,2.4901,2.4901,2.4901,2.4901,2.4901
US500.dk,2015.03.18 20:00:00,-1.0,-1.0,SL,-1.1982,,-0.5,-1.0,-1.0,-0.75,-0.75,-1.0,-1.0,-1.0,-0.3371,0.0752,0.0137
US500.dk,2015.03.30 04:00:00,-1.13,-1.0,SL,-1.5748,-1.5748,-0.5,-0.5,-0.25,-0.5,-0.5,-1.0,-1.0,-1.0,-1.0,-1.0,-1.0
US500.dk,2015.04.02 12:00:00,-1.02,-1.0,SL,-1.3472,,-0.5,-1.0,-1.0,-0.75,-0.75,-1.0,-1.0,-1.0,-1.0,-1.0,-1.0
US500.dk,2015.04.06 12:00:00,0.5,0.5,BE,-0.3394,-0.3394,0.5,0.5,-0.25,-0.25,-0.25,0.25,0.5,0.0,0.1606,-0.003,0.2485
US500.dk,2015.05.28 16:00:00,-1.0,-1.0,SL,-1.8667,,-0.5,-1.0,-1.0,-0.75,-0.75,-1.0,-1.0,-1.0,-1.0,-1.0,-1.0
US500.dk,2015.06.03 04:00:00,0.5,0.5,BE,-0.746,-0.746,0.5,0.5,0.5,0.5,0.625,0.25,0.5,0.0,0.5,0.5,0.5
US500.dk,2015.06.03 16:00:00,-1.0,-1.0,SL,,,-1.0,-1.0,-1.0,-1.0,-1.0,-1.0,-1.0,-1.0,-1.0,-1.0,-1.0
US500.dk,2015.06.10 12:00:00,-1.01,-1.0,SL,-1.3214,,-0.5,-1.0,-1.0,-0.75,-0.75,-1.0,-1.0,-1.0,0.1944,-0.4683,-1.0
US500.dk,2015.06.16 12:00:00,0.1,0.5,BE,-0.8947,-0.8947,0.5,0.5,0.5,0.5,0.875,0.5,0.5,0.0,0.5,0.5,0.5
US500.dk,2015.07.02 04:00:00,-1.83,-1.0,SL,-1.8365,,-0.5,-1.0,-1.0,-0.75,-0.75,-1.0,-1.0,-1.0,-0.4277,-1.0,-1.0
US500.dk,2015.07.07 04:00:00,-1.01,-1.0,SL,,,-1.0,-1.0,-1.0,-1.0,-1.0,-1.0,-1.0,-1.0,-1.0,-1.0,-1.0
US500.dk,2015.07.07 16:00:00,0.5,0.5,BE,-0.1506,-0.1506,0.5,0.5,0.5,0.5,0.5,0.25,0.5,0.0,-0.879,-0.2494,0.1778
US500.dk,2015.07.28 16:00:00,-1.0,-1.0,SL,-1.0038,-1.0038,-0.5,-0.5,-0.25,-0.25,-0.25,-1.0,-1.0,-1.0,-1.0,-1.0,-1.0
US500.dk,2015.09.01 04:00:00,-1.01,-1.0,SL,-1.1361,,-0.5,-1.0,-1.0,-0.75,-0.75,-1.0,-1.0,-1.0,-0.0716,-0.6614,0.1501
US500.dk,2015.09.09 16:00:00,-1.0,-1.0,SL,,,-1.0,-1.0,-1.0,-1.0,-1.0,-1.0,-1.0,-1.0,-0.2043,-0.3674,-0.5403
US500.dk,2015.09.18 08:00:00,0.49,0.5,BE,-0.424,-0.424,0.5,0.5,-0.25,0.5,1.125,0.5,0.5,0.0,0.5,0.5,0.5
US500.dk,2015.10.13 16:00:00,-1.03,-1.0,SL,-1.0714,-1.0714,-0.5,-0.5,-0.25,-0.5,-0.5,-1.0,-1.0,-1.0,-1.0,-1.0,-1.0
US500.dk,2015.10.21 16:00:00,-1.0,-1.0,SL,,,-1.0,-1.0,-1.0,-1.0,-1.0,-1.0,-1.0,-1.0,-1.0,-1.0,-1.0
US500.dk,2015.10.27 16:00:00,0.52,0.5,BE,-0.4138,-0.4138,0.5,0.5,0.5,0.5,0.875,0.5,0.5,2.4885,0.5,0.5,0.5
US500.dk,2015.10.28 16:00:00,-1.0,-1.0,SL,-1.1224,-1.1224,-0.5,-0.5,-0.25,-0.25,-0.25,-1.0,-1.0,-1.0,-0.0524,-0.6224,0.2203
US500.dk,2015.11.16 20:00:00,0.5,0.5,BE,-0.3194,-0.3194,0.5,0.5,0.5,0.5,0.625,0.25,0.5,0.0,-0.1073,0.5,0.5
US500.dk,2015.12.09 12:00:00,-1.0,-1.0,SL,,,-1.0,-1.0,-1.0,-1.0,-1.0,-1.0,-1.0,-1.0,-1.0,-1.0,-1.0
US500.dk,2015.12.16 20:00:00,-1.33,-1.0,SL,-1.4965,-1.4965,-0.5,-0.5,-0.25,-0.5,-0.5,-1.0,-1.0,-1.0,-1.0,-1.0,-1.0
US500.dk,2015.12.22 08:00:00,-1.0,-1.0,SL,-1.5,-1.5,-0.5,-0.5,-0.25,-0.5,-0.5,-1.0,-1.0,-1.0,-1.0,-1.0,-1.0
US500.dk,2016.01.12 12:00:00,0.5,0.5,BE,-0.5607,-0.5607,0.5,0.5,0.5,0.5,0.5,0.25,0.0,0.0,0.5,0.5,0.5
US500.dk,2016.01.13 08:00:00,2.51,2.4962,TP,-0.6489,-0.6489,2.4962,2.4962,2.4962,2.4962,2.4962,2.4962,2.4962,2.4962,2.4962,2.4962,2.4962
US500.dk,2016.01.13 16:00:00,0.49,0.5,BE,-0.6518,-0.3152,-0.5,0.5,-0.25,0.5,0.625,0.25,0.5,0.0,-0.4208,0.5,0.5
US500.dk,2016.01.25 20:00:00,-1.0,-1.0,SL,-1.2597,,-0.5,-1.0,-1.0,-0.75,-0.75,-1.0,-1.0,-1.0,-0.6338,-1.0,-1.0
US500.dk,2016.01.27 16:00:00,-1.0,-1.0,SL,-1.0285,,-0.5,-1.0,-1.0,-0.75,-0.75,-1.0,-1.0,-1.0,-0.1677,-1.0,-1.0
US500.dk,2016.02.02 12:00:00,0.49,0.5,BE,-0.3217,-0.3217,0.5,0.5,-0.25,0.5,0.75,0.5,2.5043,2.5043,0.5,0.5,0.5
US500.dk,2016.02.04 16:00:00,2.52,2.5028,TP,-0.486,-0.324,2.5028,2.5028,2.5028,2.5028,2.5028,2.5028,2.5028,2.5028,2.5028,2.5028,2.5028
US500.dk,2016.02.10 12:00:00,0.27,0.5,BE,-0.9775,-0.9775,0.5,0.5,0.5,0.5,1.5,0.5,0.5,0.0,0.5,0.5,0.5
US500.dk,2016.02.23 16:00:00,0.5,0.5,BE,-0.0419,-0.0419,0.5,0.5,0.5,0.5,0.75,0.5,0.5,0.0,0.5,0.5,0.5
US500.dk,2016.03.08 20:00:00,-1.01,-1.0,SL,-1.0175,-1.0175,-0.5,-0.5,-0.25,-0.75,-0.75,-1.0,-1.0,-1.0,-1.0,-1.0,-1.0
US500.dk,2016.03.10 12:00:00,-1.0,-1.0,SL,-1.0,-1.0,-0.5,-0.5,-0.25,-0.5,-0.5,-1.0,-1.0,-1.0,-1.0,-1.0,-1.0
US500.dk,2016.03.17 04:00:00,0.5,0.5,BE,-0.5019,-0.5019,-0.5,-0.5,-0.25,-0.25,-0.25,0.5,0.5,0.0,0.3629,0.5,0.5
US500.dk,2016.04.08 04:00:00,0.5,0.5,BE,-0.683,-0.125,-0.5,0.5,0.5,0.5,1.25,0.5,0.5,0.0,0.0179,0.0312,0.5
US500.dk,2016.05.02 16:00:00,-1.02,-1.0,SL,,,-1.0,-1.0,-1.0,-1.0,-1.0,-1.0,-1.0,-1.0,-1.0,-1.0,-1.0
US500.dk,2016.05.06 16:00:00,0.5,0.5,BE,-0.1681,-0.1504,0.5,0.5,0.5,0.5,0.5,0.25,0.5,0.0,0.115,0.5,0.5
US500.dk,2016.05.16 12:00:00,-1.0,-1.0,SL,-1.2217,,-0.5,-1.0,-1.0,-0.75,-0.75,-1.0,-1.0,-1.0,-1.0,-1.0,-1.0
US500.dk,2016.05.20 12:00:00,2.51,2.5,TP,-0.9219,-0.0156,-0.5,2.5,2.5,-0.75,-0.75,2.5,2.5,2.5,-0.5313,2.5,2.5
US500.dk,2016.06.03 16:00:00,0.5,0.5,BE,-0.1935,-0.1935,0.5,0.5,0.5,0.5,0.625,0.25,0.5,0.0,0.5,0.5,0.5
US500.dk,2016.06.16 16:00:00,-0.65,0.5,BE,-2.3401,-2.3401,0.5,0.5,0.5,0.5,0.5,0.25,0.5,0.0,-0.2721,0.5,0.5
US500.dk,2016.07.05 16:00:00,0.51,0.5,BE,-1.9649,-1.9649,0.5,0.5,0.5,0.5,0.625,0.25,0.0,0.0,0.5,0.5,0.5
US500.dk,2016.07.06 12:00:00,0.5,0.5,BE,-0.0615,-0.0615,0.5,0.5,0.5,0.5,0.5,2.5028,2.5028,2.5028,0.5,0.5,0.5
US500.dk,2016.07.07 20:00:00,2.51,2.5,TP,-0.1047,-0.1047,2.5,2.5,2.5,2.5,2.5,2.5,2.5,2.5,2.5,2.5,2.5
US500.dk,2016.07.19 08:00:00,0.52,0.5,BE,-0.68,-0.68,-0.5,-0.5,-0.25,-0.5,-0.5,0.5,0.5,2.5,0.5,0.5,0.5
US500.dk,2016.07.22 04:00:00,0.51,0.5,BE,-0.5541,-0.5541,0.5,0.5,-0.25,0.5,0.625,0.25,0.5,0.0,0.5,0.5,0.5
US500.dk,2016.07.25 16:00:00,-1.0,-1.0,SL,,,-1.0,-1.0,-1.0,-1.0,-1.0,-1.0,-1.0,-1.0,-1.0,-1.0,-1.0
US500.dk,2016.07.26 16:00:00,-1.08,-1.0,SL,-1.0943,,-0.5,-1.0,-1.0,-0.75,-0.75,-1.0,-1.0,-1.0,-1.0,-1.0,-1.0
US500.dk,2016.07.28 04:00:00,-1.0,-1.0,SL,-1.4964,-1.4964,-0.5,-0.5,-0.25,-0.25,-0.25,-1.0,-1.0,-1.0,-0.2878,-1.0,-1.0
US500.dk,2016.08.04 08:00:00,-1.01,-1.0,SL,,,-1.0,-1.0,-1.0,-1.0,-1.0,-1.0,-1.0,-1.0,-1.0,-1.0,-1.0
US500.dk,2016.08.04 12:00:00,0.5,0.5,BE,-0.8632,-0.8632,0.5,0.5,0.5,0.5,1.0,0.5,0.5,0.0,0.5,0.5,0.5
US500.dk,2016.09.01 04:00:00,-1.0,-1.0,SL,,,-1.0,-1.0,-1.0,-1.0,-1.0,-1.0,-1.0,-1.0,-1.0,-1.0,-1.0
US500.dk,2016.09.02 12:00:00,-1.0,-1.0,SL,-1.9797,-1.9797,-0.5,-0.5,-0.25,-0.5,-0.5,-1.0,-1.0,-1.0,-0.0068,0.4054,-1.0
US500.dk,2016.09.12 20:00:00,-1.01,-1.0,SL,-1.4555,-1.4555,-0.5,-0.5,-0.25,-0.25,-0.25,-1.0,-1.0,-1.0,-0.5553,-0.6334,-0.3774
US500.dk,2016.11.09 12:00:00,2.5,1.98,end,-0.0024,0.1671,1.98,1.98,1.98,1.98,1.98,1.98,1.98,1.98,1.98,1.98,1.98
US500.dk,2017.07.21 16:00:00,0.5,0.5,BE,-1.7808,-1.7808,0.5,0.5,0.5,0.5,0.75,0.5,0.5,0.0,-0.1233,0.5,0.5
US500.dk,2017.07.31 04:00:00,-1.0,-1.0,SL,-1.0581,-1.0581,-0.5,-0.5,-0.25,-0.5,-0.5,-1.0,-1.0,-1.0,-1.0,-1.0,-1.0
US500.dk,2017.08.02 16:00:00,0.5,0.5,BE,-0.5982,-0.5982,0.5,0.5,0.5,0.5,0.5,0.25,0.5,0.0,-0.4643,0.1786,-0.0089
US500.dk,2017.08.14 04:00:00,-1.0,-1.0,SL,-1.335,-1.335,-0.5,-0.5,-0.25,-0.25,-0.25,-1.0,-1.0,-1.0,-1.0,-1.0,-1.0
US500.dk,2017.08.22 12:00:00,-1.0,-1.0,SL,-1.2994,,-0.5,-1.0,-1.0,-0.75,-0.75,-1.0,-1.0,-1.0,-0.2034,-0.4802,-0.4859
US500.dk,2017.09.20 16:00:00,-1.0,-1.0,SL,,,-1.0,-1.0,-1.0,-1.0,-1.0,-1.0,-1.0,-1.0,-0.7526,-1.0,-1.0
US500.dk,2017.09.27 04:00:00,0.48,0.5,BE,-0.8395,-0.8395,-0.5,-0.5,-0.25,-0.5,-0.5,2.4877,2.4877,2.4877,0.5,0.5,0.5
US500.dk,2017.09.28 12:00:00,2.51,2.4919,TP,-0.1129,-0.1129,2.4919,2.4919,2.4919,2.4919,1.75,2.4919,2.4919,2.4919,2.4919,2.4919,2.4919
US500.dk,2017.10.19 16:00:00,-1.0,-1.0,SL,-1.0164,-1.0164,-0.5,-0.5,-0.25,-0.25,-0.25,-1.0,-1.0,-1.0,-1.0,-1.0,-1.0
US500.dk,2017.10.26 08:00:00,0.5,0.5,BE,-0.0381,-0.0381,0.5,0.5,0.5,0.5,0.75,0.5,0.5,2.5,0.5,0.5,0.5
US500.dk,2017.11.16 12:00:00,-1.0,-1.0,SL,-1.0,-1.0,-0.5,-0.5,-0.25,-0.5,-0.5,-1.0,-1.0,-1.0,-1.0,-1.0,-1.0
US500.dk,2017.11.20 12:00:00,2.52,2.5077,TP,-0.1692,-0.1692,2.5077,2.5077,2.5077,2.5077,2.5077,2.5077,2.5077,2.5077,2.5077,2.5077,2.5077
US500.dk,2017.12.01 20:00:00,0.5,0.5,BE,-0.3935,-0.3935,0.5,0.5,0.5,0.5,1.875,0.5,0.5,0.0,-0.3195,-0.6011,-0.4152
US500.dk,2018.02.07 12:00:00,-1.0,-1.0,SL,,,-1.0,-1.0,-1.0,-1.0,-1.0,-1.0,-1.0,-1.0,-1.0,-1.0,-1.0
US500.dk,2018.02.12 16:00:00,0.49,0.5,BE,-0.7773,-0.0869,-0.5,0.5,0.5,-0.75,-0.75,0.5,0.5,0.0,0.0,0.5,0.5
US500.dk,2018.03.05 16:00:00,0.5,0.5,BE,-0.2405,-0.2405,0.5,0.5,0.5,0.5,0.625,0.25,0.5,0.0,0.0643,0.0148,0.2257
US500.dk,2018.03.27 04:00:00,-1.0,-1.0,SL,,,-1.0,-1.0,-1.0,-1.0,-1.0,-1.0,-1.0,-1.0,-1.0,-1.0,-1.0
US500.dk,2018.03.29 16:00:00,-1.01,-1.0,SL,,,-1.0,-1.0,-1.0,-1.0,-1.0,-1.0,-1.0,-1.0,-1.0,-1.0,-1.0
US500.dk,2018.04.04 16:00:00,0.47,1.6215,end,-0.6251,-0.6251,-0.5,-0.5,-0.25,-0.5,-0.5,1.6215,1.6215,1.6215,-0.1952,-0.4174,-0.2025
US500.dk,2018.10.25 20:00:00,0.5,0.5,BE,-0.6028,-0.6028,-0.5,-0.5,-0.25,-0.25,-0.25,0.25,0.0,0.0,0.5,0.5,0.5
US500.dk,2018.11.04 20:00:00,-1.01,-1.0,SL,,,-1.0,-1.0,-1.0,-1.0,-1.0,-1.0,-1.0,-1.0,-1.0,-1.0,-1.0
US500.dk,2018.11.14 16:00:00,0.47,0.5,BE,-0.6017,-0.6017,0.5,0.5,0.5,0.5,0.625,0.25,0.5,0.0,0.5,0.5,0.5
US500.dk,2018.11.16 08:00:00,-1.0,-1.0,SL,,,-1.0,-1.0,-1.0,-1.0,-1.0,-1.0,-1.0,-1.0,-1.0,-1.0,-1.0
US500.dk,2018.11.19 12:00:00,0.5,0.5,BE,-0.5821,-0.5821,0.5,0.5,0.5,0.5,1.25,0.5,0.5,0.0,0.5,0.5,0.5
US500.dk,2018.12.04 20:00:00,2.5,2.5,TP,-0.0352,-0.0352,2.5,2.5,2.5,2.5,0.75,2.5,2.5,2.5,2.5,2.5,2.5
US500.dk,2018.12.27 12:00:00,-1.0,-1.0,SL,-1.2255,,-0.5,-1.0,-1.0,-0.75,-0.75,-1.0,-1.0,-1.0,-1.0,-1.0,-1.0
US500.dk,2019.01.02 04:00:00,-1.0,-1.0,SL,-1.3284,-1.3284,-0.5,-0.5,-0.25,-0.5,-0.5,-1.0,-1.0,-1.0,-1.0,-1.0,-1.0
US500.dk,2019.01.14 00:00:00,-1.0,-1.0,SL,-1.087,,-0.5,-1.0,-1.0,-0.75,-0.75,-1.0,-1.0,-1.0,-0.9261,-1.0,-1.0
US500.dk,2019.01.17 04:00:00,-1.01,-1.0,SL,,,-1.0,-1.0,-1.0,-1.0,-1.0,-1.0,-1.0,-1.0,-1.0,-1.0,-1.0
US500.dk,2019.01.22 12:00:00,0.5,0.5,BE,-0.6577,-0.6577,0.5,0.5,0.5,0.5,0.75,0.5,0.5,0.0,0.5,0.5,0.5
US500.dk,2019.01.23 12:00:00,0.52,0.5,BE,-0.2714,-0.2714,0.5,0.5,0.5,0.5,0.5,0.25,0.0,0.0,0.5,0.5,0.5
US500.dk,2019.01.23 16:00:00,-1.02,-1.0,SL,,,-1.0,-1.0,-1.0,-1.0,-1.0,-1.0,-1.0,-1.0,-0.3192,-1.0,-1.0
US500.dk,2019.01.28 12:00:00,-1.0,-1.0,SL,-2.0524,,-0.5,-1.0,-1.0,-0.75,-0.75,-1.0,-1.0,-1.0,-0.0175,-0.7692,-1.0
US500.dk,2019.02.08 20:00:00,2.5,2.4985,TP,-0.2932,0.2747,2.4985,2.4985,2.4985,2.4985,0.75,2.4985,2.4985,2.4985,-0.2099,2.4985,2.4985
US500.dk,2019.03.20 04:00:00,-1.01,-1.0,SL,-1.5526,,-0.5,-1.0,-1.0,-0.75,-0.75,-1.0,-1.0,-1.0,-1.0,-1.0,-1.0
US500.dk,2019.03.21 12:00:00,-1.0,-1.0,SL,,,-1.0,-1.0,-1.0,-1.0,-1.0,-1.0,-1.0,-1.0,-1.0,-1.0,-1.0
US500.dk,2019.03.26 08:00:00,0.49,0.5,BE,-0.9197,-0.9197,0.5,0.5,0.5,0.5,0.5,0.25,0.0,0.0,0.5,0.5,0.5
US500.dk,2019.03.26 12:00:00,-1.01,-1.0,SL,-1.939,,-0.5,-1.0,-1.0,-0.75,-0.75,-1.0,-1.0,-1.0,-1.0,-1.0,-1.0
US500.dk,2019.03.28 16:00:00,2.52,2.5026,TP,-0.0838,0.1204,2.5026,2.5026,2.5026,2.5026,2.5026,2.5026,2.5026,2.5026,2.5026,2.5026,2.5026
US500.dk,2019.04.08 16:00:00,-1.01,-1.0,SL,,,-1.0,-1.0,-1.0,-1.0,-1.0,-1.0,-1.0,-1.0,-1.0,-1.0,-1.0
US500.dk,2019.04.10 08:00:00,0.51,0.5,BE,-0.4393,-0.2523,0.5,0.5,0.5,0.5,0.5,2.4953,2.4953,2.4953,0.5,0.5,0.5
US500.dk,2019.04.11 16:00:00,0.55,0.5,BE,-0.3289,-0.0263,0.5,0.5,0.5,0.5,1.375,0.5,0.5,2.5066,0.5,0.5,0.5
US500.dk,2019.04.18 12:00:00,0.5,0.5,BE,-0.4056,-0.15,0.5,0.5,0.5,0.5,0.875,0.5,0.5,0.0,-0.1778,0.4222,0.5
US500.dk,2019.05.14 12:00:00,0.5,0.5,BE,-0.2456,-0.1813,0.5,0.5,0.5,0.5,0.625,0.25,0.5,0.0,0.1696,0.5,0.5
US500.dk,2019.05.21 08:00:00,-1.01,-1.0,SL,-1.0896,-1.0896,-0.5,-0.5,-0.25,-0.25,-0.25,-1.0,-1.0,-1.0,-1.0,-1.0,-1.0
US500.dk,2019.05.28 00:00:00,-1.02,-1.0,SL,,,-1.0,-1.0,-1.0,-1.0,-1.0,-1.0,-1.0,-1.0,-1.0,-1.0,-1.0
US500.dk,2019.06.04 20:00:00,2.55,2.501,TP,-0.2218,0.2137,2.501,2.501,2.501,2.501,1.5,2.501,2.501,2.501,0.1976,2.501,2.501
US500.dk,2019.07.18 16:00:00,-1.0,-1.0,SL,-1.1013,-1.1013,-0.5,-0.5,-0.25,-0.5,-0.5,-1.0,-1.0,-1.0,-1.0,-1.0,-1.0
US500.dk,2019.07.25 20:00:00,0.49,0.5,BE,-0.175,-0.175,0.5,0.5,0.5,0.5,0.75,0.5,0.5,0.0,0.5,0.5,0.5
US500.dk,2019.07.31 00:00:00,-1.0,-1.0,SL,,,-1.0,-1.0,-1.0,-1.0,-1.0,-1.0,-1.0,-1.0,-1.0,-1.0,-1.0
US500.dk,2019.08.01 12:00:00,-1.02,-1.0,SL,,,-1.0,-1.0,-1.0,-1.0,-1.0,-1.0,-1.0,-1.0,-1.0,-1.0,-1.0
US500.dk,2019.08.07 16:00:00,-1.0,-1.0,SL,-1.0595,-1.0595,-0.5,-0.5,-0.25,-0.25,-0.25,-1.0,-1.0,-1.0,-1.0,-1.0,-1.0
US500.dk,2019.08.16 20:00:00,0.49,0.5,BE,-0.8268,-0.8268,0.5,0.5,0.5,0.5,0.5,0.25,0.5,0.0,0.5,0.5,0.5
US500.dk,2019.08.27 08:00:00,-1.0,-1.0,SL,-1.3266,-1.3266,-0.5,-0.5,-0.25,-0.5,-0.5,-1.0,-1.0,-1.0,-1.0,-1.0,-1.0
US500.dk,2019.08.28 12:00:00,0.48,0.5,BE,-0.16,-0.16,0.5,0.5,0.5,0.5,0.75,0.5,0.5,2.5014,0.5,0.5,0.5
US500.dk,2019.10.04 12:00:00,-1.01,-1.0,SL,-1.0175,-1.0175,-0.5,-0.5,-0.25,-0.5,-0.5,-1.0,-1.0,-1.0,0.1796,-1.0,-1.0
US500.dk,2019.10.09 08:00:00,-1.0,-1.0,SL,-1.2781,,-0.5,-1.0,-1.0,-0.75,-0.75,-1.0,-1.0,-1.0,-1.0,-1.0,-1.0
US500.dk,2019.10.10 12:00:00,2.5,2.5012,TP,-0.1847,0.1751,2.5012,2.5012,2.5012,2.5012,2.5012,2.5012,2.5012,2.5012,2.5012,2.5012,2.5012
US500.dk,2019.11.19 16:00:00,-1.0,-1.0,SL,,,-1.0,-1.0,-1.0,-1.0,-1.0,-1.0,-1.0,-1.0,-1.0,-1.0,-1.0
US500.dk,2019.11.20 12:00:00,-1.04,-1.0,SL,,,-1.0,-1.0,-1.0,-1.0,-1.0,-1.0,-1.0,-1.0,-1.0,-1.0,-1.0
US500.dk,2019.11.22 08:00:00,-1.0,-1.0,SL,-1.1413,,-0.5,-1.0,-1.0,-0.75,-0.75,-1.0,-1.0,-1.0,-1.0,-1.0,-1.0
US500.dk,2019.11.22 16:00:00,0.49,0.5,BE,-0.1111,-0.1111,0.5,0.5,0.5,0.5,1.375,0.5,0.5,0.0,0.5,0.5,0.5
US500.dk,2019.12.04 12:00:00,2.54,2.5014,TP,-0.0274,-0.0274,2.5014,2.5014,2.5014,2.5014,1.875,2.5014,2.5014,2.5014,-0.1589,2.5014,2.5014
US500.dk,2020.01.13 00:00:00,2.52,2.4927,TP,-0.4088,0.1095,2.4927,2.4927,2.4927,2.4927,0.75,2.4927,2.4927,2.4927,2.4927,2.4927,2.4927
US500.dk,2020.01.21 12:00:00,0.51,0.5,BE,-0.4275,-0.4275,0.5,0.5,0.5,0.5,0.625,0.25,0.5,0.0,0.5,0.5,0.5
US500.dk,2020.01.23 16:00:00,-1.0,-1.0,SL,-1.7711,,-0.5,-1.0,-1.0,-0.75,-0.75,-1.0,-1.0,-1.0,-1.0,-1.0,-1.0
US500.dk,2020.01.28 16:00:00,-1.0,-1.0,SL,-1.0146,,-0.5,-1.0,-1.0,-0.75,-0.75,-1.0,-1.0,-1.0,0.0704,-1.0,-1.0
US500.dk,2020.01.30 20:00:00,-1.0,-1.0,SL,,,-1.0,-1.0,-1.0,-1.0,-1.0,-1.0,-1.0,-1.0,-1.0,-1.0,-1.0
US500.dk,2020.02.03 12:00:00,2.52,2.5019,TP,-0.5948,0.171,2.5019,2.5019,2.5019,2.5019,1.75,2.5019,2.5019,2.5019,2.5019,2.5019,2.5019
US500.dk,2020.02.13 12:00:00,-1.0,-1.0,SL,-1.2924,-1.2924,-0.5,-0.5,-0.25,-0.5,-0.5,-1.0,-1.0,-1.0,0.1264,-1.0,-1.0
US500.dk,2020.03.03 20:00:00,2.65,2.5003,TP,-0.0438,0.0373,2.5003,2.5003,2.5003,2.5003,0.875,2.5003,2.5003,2.5003,-0.7565,-0.2376,2.5003
US500.dk,2020.03.16 16:00:00,-1.0,-1.0,SL,-1.025,-1.025,-0.5,-0.5,-0.25,-0.5,-0.5,-1.0,-1.0,-1.0,-0.5059,-0.2379,0.0768
US500.dk,2020.04.15 12:00:00,-1.38,-1.0,SL,,,-1.0,-1.0,-1.0,-1.0,-1.0,-1.0,-1.0,-1.0,-0.4571,-1.0,-1.0
US500.dk,2020.04.20 08:00:00,0.48,0.5,BE,-0.3708,-0.3708,0.5,0.5,0.5,0.5,0.625,0.25,0.5,0.0,0.5,0.5,0.5
US500.dk,2020.04.23 20:00:00,-1.0,-1.0,SL,,,-1.0,-1.0,-1.0,-1.0,-1.0,-1.0,-1.0,-1.0,-0.846,-1.0,-1.0
US500.dk,2020.04.30 20:00:00,0.47,0.5,BE,-0.2186,-0.2186,0.5,0.5,0.5,0.5,0.75,0.5,0.5,0.0,0.5,0.5,0.5
US500.dk,2020.05.06 16:00:00,-1.0,-1.0,SL,-1.0968,,-0.5,-1.0,-1.0,-0.75,-0.75,-1.0,-1.0,-1.0,-1.0,-1.0,-1.0
US500.dk,2020.05.12 00:00:00,0.48,0.5,BE,-0.5425,-0.5425,0.5,0.5,0.5,0.5,1.0,0.5,0.5,0.0,0.5,0.5,0.5
US500.dk,2020.05.27 16:00:00,0.46,0.5,BE,-0.5902,-0.5527,-0.5,0.5,0.5,0.5,1.375,0.5,0.5,0.0,-0.0851,0.1356,0.1962
US500.dk,2020.06.15 16:00:00,2.72,2.5004,TP,-0.625,-0.625,-0.5,-0.5,-0.25,-0.25,-0.25,2.5004,2.5004,2.5004,2.5004,2.5004,2.5004
US500.dk,2020.09.09 12:00:00,-1.0,-1.0,SL,-1.1235,,-0.5,-1.0,-1.0,-0.75,-0.75,-1.0,-1.0,-1.0,-0.1055,-0.6667,-1.0
US500.dk,2020.09.14 00:00:00,0.48,0.5,BE,-0.6578,-0.6578,0.5,0.5,0.5,0.5,0.5,0.25,0.5,0.0,0.5,0.5,0.5
US500.dk,2020.09.22 16:00:00,-1.0,-1.0,SL,-1.7214,,-0.5,-1.0,-1.0,-0.75,-0.75,-1.0,-1.0,-1.0,-1.0,-1.0,-1.0
US500.dk,2020.09.25 16:00:00,0.5,0.5,BE,-0.1799,-0.1799,0.5,0.5,0.5,0.5,1.375,0.5,0.5,2.5012,0.5,0.5,0.5
US500.dk,2020.11.02 08:00:00,2.62,2.4985,TP,0.0625,0.0625,2.4985,2.4985,2.4985,2.4985,0.875,2.4985,2.4985,2.4985,2.4985,2.4985,2.4985
US500.dk,2020.11.10 04:00:00,-1.01,-1.0,SL,-1.0201,,-0.5,-1.0,-1.0,-0.75,-0.75,-1.0,-1.0,-1.0,-1.0,-1.0,-1.0
US500.dk,2020.11.10 16:00:00,0.5,0.5,BE,-0.7125,-0.7125,-0.5,-0.5,-0.25,-0.25,-0.25,0.5,0.5,2.4987,0.5,0.5,0.5
US500.dk,2020.11.20 08:00:00,-1.0,-1.0,SL,,,-1.0,-1.0,-1.0,-1.0,-1.0,-1.0,-1.0,-1.0,-1.0,-1.0,-1.0
US500.dk,2020.11.23 04:00:00,2.54,2.5,TP,-0.7941,-0.7941,-0.5,-0.5,-0.25,-0.5,-0.5,2.5,2.5,2.5,2.5,2.5,2.5
US500.dk,2020.12.04 00:00:00,0.5,0.5,BE,-0.3879,-0.3879,0.5,0.5,0.5,0.5,1.0,0.5,0.5,0.0,0.5,0.5,0.5
US500.dk,2020.12.08 12:00:00,-1.0,-1.0,SL,-1.1295,-1.1295,-0.5,-0.5,-0.25,-0.25,-0.25,-1.0,-1.0,-1.0,-1.0,-1.0,-1.0
US500.dk,2020.12.14 00:00:00,-1.0,-1.0,SL,-1.3179,-1.3179,-0.5,-0.5,-0.25,-0.5,-0.5,-1.0,-1.0,-1.0,-1.0,-1.0,-1.0
US500.dk,2020.12.15 16:00:00,0.5,0.5,BE,-2.1238,-2.1238,0.5,0.5,0.5,0.5,0.5,0.25,0.0,0.0,0.3985,0.5,0.5
US500.dk,2020.12.21 16:00:00,0.5,0.5,BE,-0.3727,-0.3727,0.5,0.5,-0.25,-0.25,-0.25,0.5,0.5,2.5005,-0.0554,0.0831,0.0639
US500.dk,2021.02.01 16:00:00,0.48,0.5,BE,-0.207,-0.0017,0.5,0.5,0.5,0.5,1.5,0.5,0.5,2.4992,0.5,0.5,0.5
US500.dk,2021.03.05 16:00:00,2.6,2.5005,TP,-0.3352,0.1553,2.5005,2.5005,2.5005,2.5005,0.625,2.5005,2.5005,2.5005,0.3224,2.5005,2.5005
US500.dk,2021.06.30 12:00:00,0.5,0.5,BE,-0.3216,-0.3216,0.5,0.5,0.5,0.5,1.75,0.5,0.5,2.4971,0.5,0.5,0.5
US500.dk,2021.07.09 08:00:00,0.51,0.5,BE,-0.1448,-0.1448,0.5,0.5,0.5,0.5,0.5,0.25,0.5,0.0,0.5,0.5,0.5
US500.dk,2021.07.20 12:00:00,0.5,0.5,BE,-0.2928,-0.2928,0.5,0.5,0.5,0.5,1.125,0.5,0.5,2.5008,0.4294,0.5,0.5
US500.dk,2021.09.22 12:00:00,0.5,0.5,BE,-0.1423,-0.1423,0.5,0.5,0.5,0.5,0.625,0.25,0.5,0.0,0.5,0.5,0.5
US500.dk,2021.10.01 16:00:00,2.58,2.5012,TP,-0.3688,-0.3688,2.5012,2.5012,-0.25,-0.25,-0.25,2.5012,2.5012,2.5012,-0.695,0.026,-0.3842
US500.dk,2021.11.12 12:00:00,2.5,2.4937,TP,-0.0189,-0.0189,2.4937,2.4937,2.4937,2.4937,1.125,2.4937,2.4937,2.4937,2.4937,2.4937,2.4937
US500.dk,2021.11.24 16:00:00,-1.0,-1.0,SL,-1.0452,-1.0452,-0.5,-0.5,-0.25,-0.5,-0.5,-1.0,-1.0,-1.0,-1.0,-1.0,-1.0
US500.dk,2021.11.29 16:00:00,-1.0,-1.0,SL,,,-1.0,-1.0,-1.0,-1.0,-1.0,-1.0,-1.0,-1.0,-1.0,-1.0,-1.0
US500.dk,2021.12.01 12:00:00,-1.0,-1.0,SL,,,-1.0,-1.0,-1.0,-1.0,-1.0,-1.0,-1.0,-1.0,-1.0,-1.0,-1.0
US500.dk,2021.12.10 08:00:00,0.49,0.5,BE,-0.7417,-0.7417,-0.5,-0.5,-0.25,-0.25,-0.25,0.5,0.5,0.0,0.5,0.5,0.5
US500.dk,2021.12.15 20:00:00,-1.0,-1.0,SL,-1.0907,,-0.5,-1.0,-1.0,-0.75,-0.75,-1.0,-1.0,-1.0,-0.4602,-1.0,-1.0
US500.dk,2021.12.21 16:00:00,0.5,0.5,BE,-0.9663,-0.9663,0.5,0.5,0.5,0.5,1.125,0.5,0.5,0.0,0.5,0.5,0.5
US500.dk,2022.01.11 16:00:00,-1.0,-1.0,SL,-1.241,-1.241,-0.5,-0.5,-0.25,-0.5,-0.5,-1.0,-1.0,-1.0,-1.0,-1.0,-1.0
US500.dk,2022.01.20 12:00:00,-1.0,-1.0,SL,,,-1.0,-1.0,-1.0,-1.0,-1.0,-1.0,-1.0,-1.0,-1.0,-1.0,-1.0
US500.dk,2022.02.07 04:00:00,-1.0,-1.0,SL,-1.1538,,-0.5,-1.0,-1.0,-0.75,-0.75,-1.0,-1.0,-1.0,-1.0,-1.0,-1.0
US500.dk,2022.02.08 16:00:00,0.49,0.5,BE,-0.4206,-0.4206,0.5,0.5,0.5,0.5,1.125,0.5,0.5,0.0,0.5,0.5,0.5
US500.dk,2022.02.17 20:00:00,0.48,0.5,BE,-0.2377,-0.1502,0.5,0.5,0.5,0.5,0.625,0.5,0.5,0.0,0.5,0.5,0.5
US500.dk,2022.02.28 00:00:00,-1.01,-1.0,SL,,,-1.0,-1.0,-1.0,-1.0,-1.0,-1.0,-1.0,-1.0,-0.8006,-1.0,-1.0
US500.dk,2022.03.01 16:00:00,-1.0,-1.0,SL,,,-1.0,-1.0,-1.0,-1.0,-1.0,-1.0,-1.0,-1.0,-0.8029,-1.0,-1.0
US500.dk,2022.03.04 00:00:00,0.5,0.5,BE,-0.3236,-0.2039,0.5,0.5,0.5,0.5,1.0,0.5,0.5,0.0,0.5,0.5,0.5
US500.dk,2022.03.11 16:00:00,-1.0,-1.0,SL,-1.0496,-1.0496,-0.5,-0.5,-0.25,-0.25,-0.25,-1.0,-1.0,-1.0,0.2563,-1.0,-1.0
US500.dk,2022.03.28 16:00:00,-1.0,-1.0,SL,-1.1248,-1.1248,-0.5,-0.5,-0.25,-0.25,-0.25,-1.0,-1.0,-1.0,-1.0,-1.0,-1.0
US500.dk,2022.04.04 12:00:00,-1.0,-1.0,SL,-1.5065,-1.5065,-0.5,-0.5,-0.25,-0.5,-0.5,-1.0,-1.0,-1.0,-1.0,-1.0,-1.0
US500.dk,2022.04.07 20:00:00,-1.0,-1.0,SL,-1.2821,,-0.5,-1.0,-1.0,-0.75,-0.75,-1.0,-1.0,-1.0,-0.2922,-1.0,-1.0
US500.dk,2022.04.19 04:00:00,0.48,0.5,BE,-3.471,-3.471,0.5,0.5,0.5,0.5,0.75,0.5,0.0,0.0,0.5,0.5,0.5
US500.dk,2022.04.21 20:00:00,2.75,2.5004,TP,-0.099,0.3787,2.5004,2.5004,2.5004,2.5004,1.125,2.5004,2.5004,2.5004,2.5004,2.5004,2.5004
US500.dk,2022.05.23 08:00:00,0.5,-1.0,SL,,,-1.0,-1.0,-1.0,-1.0,-1.0,-1.0,-1.0,-1.0,-1.0,-1.0,-1.0
US500.dk,2022.05.24 00:00:00,0.48,0.5,BE,-0.287,-0.287,0.5,0.5,0.5,0.5,0.75,0.5,0.0,0.0,0.5,0.5,0.5
US500.dk,2022.05.25 08:00:00,-1.0,-1.0,SL,,,-1.0,-1.0,-1.0,-1.0,-1.0,-1.0,-1.0,-1.0,-1.0,-1.0,-1.0
US500.dk,2022.06.01 12:00:00,-1.0,-1.0,SL,,,-1.0,-1.0,-1.0,-1.0,-1.0,-1.0,-1.0,-1.0,-0.5212,-1.0,-1.0
US500.dk,2022.06.03 12:00:00,2.58,2.5,TP,-0.7186,-0.0523,-0.5,2.5,2.5,2.5,2.5,2.5,2.5,2.5,-0.5816,0.2267,-0.4919
US500.dk,2022.06.16 00:00:00,2.57,2.5,TP,-0.0618,-0.0618,2.5,2.5,2.5,2.5,2.5,2.5,2.5,2.5,2.5,2.5,2.5
US500.dk,2022.06.16 12:00:00,-1.0,-1.0,SL,-1.0521,,-0.5,-1.0,-1.0,-0.75,-0.75,-1.0,-1.0,-1.0,0.1034,-0.2001,-0.3658
US500.dk,2022.06.28 12:00:00,0.5,0.5,BE,-0.1772,-0.1772,0.5,0.5,0.5,0.5,0.5,0.25,0.5,0.0,0.5,0.5,0.5
US500.dk,2022.07.05 08:00:00,-1.0,-1.0,SL,-1.3499,-1.3499,-0.5,-0.5,-0.25,-0.25,-0.25,-1.0,-1.0,-1.0,-1.0,-1.0,-1.0
US500.dk,2022.07.13 20:00:00,-1.02,-1.0,SL,-1.0372,-1.0372,-0.5,-0.5,-0.25,-0.5,-0.5,-1.0,-1.0,-1.0,-1.0,-1.0,-1.0
US500.dk,2022.07.18 16:00:00,-1.0,-1.0,SL,,,-1.0,-1.0,-1.0,-1.0,-1.0,-1.0,-1.0,-1.0,-1.0,-1.0,-1.0
US500.dk,2022.07.25 20:00:00,0.5,0.5,BE,-0.1051,-0.1051,0.5,0.5,0.5,0.5,0.625,0.25,0.5,0.0,0.5,0.5,0.5
US500.dk,2022.08.02 20:00:00,-1.0,-1.0,SL,,,-1.0,-1.0,-1.0,-1.0,-1.0,-1.0,-1.0,-1.0,-1.0,-1.0,-1.0
US500.dk,2022.08.05 12:00:00,-1.0,-1.0,SL,,,-1.0,-1.0,-1.0,-1.0,-1.0,-1.0,-1.0,-1.0,-1.0,-1.0,-1.0
US500.dk,2022.08.08 16:00:00,-1.0,-1.0,SL,-1.4306,-1.4306,-0.5,-0.5,-0.25,-0.5,-0.5,-1.0,-1.0,-1.0,-1.0,-1.0,-1.0
US500.dk,2022.08.17 16:00:00,-1.01,-1.0,SL,-1.5145,-1.5145,-0.5,-0.5,-0.25,-0.5,-0.5,-1.0,-1.0,-1.0,-1.0,-1.0,-1.0
US500.dk,2022.08.26 00:00:00,-1.0,-1.0,SL,,,-1.0,-1.0,-1.0,-1.0,-1.0,-1.0,-1.0,-1.0,-1.0,-1.0,-1.0
US500.dk,2022.09.02 16:00:00,-1.0,-1.0,SL,-1.1409,,-0.5,-1.0,-1.0,-0.75,-0.75,-1.0,-1.0,-1.0,-0.0916,-0.1142,-0.1739
US500.dk,2022.09.13 12:00:00,0.44,0.5,BE,-0.1003,-0.0448,0.5,0.5,0.5,0.5,1.125,0.5,0.5,0.3607,0.1855,0.3963,0.5
US500.dk,2022.11.16 12:00:00,0.5,0.5,BE,-0.4162,-0.4162,0.5,0.5,0.5,0.5,0.5,0.25,0.5,0.0,0.5,0.5,0.5
US500.dk,2022.11.18 12:00:00,-1.0,-1.0,SL,-1.1469,,-0.5,-1.0,-1.0,-0.75,-0.75,-1.0,-1.0,-1.0,0.1495,-0.1237,-1.0
US500.dk,2022.11.30 20:00:00,-1.0,-1.0,SL,,,-1.0,-1.0,-1.0,-1.0,-1.0,-1.0,-1.0,-1.0,-0.0801,-0.1248,-0.6262
US500.dk,2022.12.22 12:00:00,-1.0,-1.0,SL,-1.0809,,-0.5,-1.0,-1.0,-0.75,-0.75,-1.0,-1.0,-1.0,-0.2124,-0.7157,-0.4
US500.dk,2023.01.18 20:00:00,-1.0,-1.0,SL,-1.2593,,-0.5,-1.0,-1.0,-0.75,-0.75,-1.0,-1.0,-1.0,0.316,-0.4587,-1.0
US500.dk,2023.01.30 12:00:00,-1.0,-1.0,SL,,,-1.0,-1.0,-1.0,-1.0,-1.0,-1.0,-1.0,-1.0,-1.0,-1.0,-1.0
US500.dk,2023.03.13 04:00:00,2.52,2.5023,TP,-0.0329,-0.0329,2.5023,2.5023,2.5023,2.5023,1.5,2.5023,2.5023,2.5023,2.5023,2.5023,2.5023
US500.dk,2023.03.15 08:00:00,-1.02,-1.0,SL,,,-1.0,-1.0,-1.0,-1.0,-1.0,-1.0,-1.0,-1.0,-0.4,-1.0,-1.0
US500.dk,2023.03.17 12:00:00,-1.0,-1.0,SL,-1.0964,-1.0964,-0.5,-0.5,-0.25,-0.5,-0.5,-1.0,-1.0,-1.0,-1.0,-1.0,-1.0
US500.dk,2023.03.23 16:00:00,-1.0,-1.0,SL,-1.0156,-1.0156,-0.5,-0.5,-0.25,-0.5,-0.5,-1.0,-1.0,-1.0,-1.0,-1.0,-1.0
US500.dk,2023.04.04 16:00:00,-1.0,-1.0,SL,-1.6402,,-0.5,-1.0,-1.0,-0.75,-0.75,-1.0,-1.0,-1.0,-1.0,-1.0,-1.0
US500.dk,2023.04.06 08:00:00,-1.0,-1.0,SL,,,-1.0,-1.0,-1.0,-1.0,-1.0,-1.0,-1.0,-1.0,-1.0,-1.0,-1.0
US500.dk,2023.04.06 16:00:00,0.49,0.5,BE,-0.9106,-0.477,-0.5,0.5,-0.25,-0.75,-0.75,0.25,0.5,0.0,0.0705,0.2602,0.5
US500.dk,2023.04.13 12:00:00,0.48,0.5,BE,-0.2827,-0.2827,0.5,0.5,0.5,0.5,0.5,0.5,0.5,0.0,0.5,0.5,0.5
US500.dk,2023.04.14 16:00:00,0.48,0.5,BE,-0.5333,-0.5333,-0.5,0.5,0.5,0.5,0.625,0.25,0.5,0.0,-0.3148,0.5,0.5
US500.dk,2023.04.19 12:00:00,-1.02,-1.0,SL,-1.0779,-1.0779,-0.5,-0.5,-0.25,-0.5,-0.5,-1.0,-1.0,-1.0,-1.0,-1.0,-1.0
US500.dk,2023.04.24 16:00:00,-1.01,-1.0,SL,,,-1.0,-1.0,-1.0,-1.0,-1.0,-1.0,-1.0,-1.0,-1.0,-1.0,-1.0
US500.dk,2023.04.27 12:00:00,0.5,0.5,BE,-0.3547,-0.3547,0.5,0.5,0.5,0.5,1.0,0.5,0.5,0.0,0.5,0.5,0.5
US500.dk,2023.05.05 12:00:00,0.47,0.5,BE,-0.4192,-0.4192,0.5,0.5,-0.25,0.5,0.875,0.5,0.5,2.4981,0.4079,0.0244,-0.1165
US500.dk,2023.05.25 16:00:00,2.56,2.4981,TP,-0.3538,-0.1538,2.4981,2.4981,2.4981,2.4981,1.5,2.4981,2.4981,2.4981,2.4981,2.4981,2.4981
US500.dk,2023.06.15 12:00:00,-1.0,-1.0,SL,-1.0141,-1.0141,-0.5,-0.5,-0.25,-0.5,-0.5,-1.0,-1.0,-1.0,-1.0,-1.0,-1.0
US500.dk,2023.06.27 12:00:00,2.52,2.4983,TP,-0.0483,-0.0483,2.4983,2.4983,2.4983,2.4983,1.625,2.4983,2.4983,2.4983,2.4983,2.4983,2.4983
US500.dk,2023.07.21 04:00:00,0.51,0.5,BE,-0.646,-0.646,-0.5,-0.5,-0.25,-0.5,-0.5,0.5,2.4956,2.4956,0.5,0.5,0.5
US500.dk,2023.07.21 12:00:00,-1.0,-1.0,SL,-1.175,,-0.5,-1.0,-1.0,-0.75,-0.75,-1.0,-1.0,-1.0,-1.0,-1.0,-1.0
US500.dk,2023.07.24 04:00:00,2.53,2.4934,TP,-0.2763,-0.2763,2.4934,2.4934,2.4934,2.4934,1.125,2.4934,2.4934,2.4934,2.4934,2.4934,2.4934
US500.dk,2023.07.28 08:00:00,0.39,0.5,BE,-0.433,-0.433,0.5,0.5,0.5,0.5,0.5,0.25,0.0,0.0,0.5,0.5,0.5
US500.dk,2023.08.04 12:00:00,-1.0,-1.0,SL,,,-1.0,-1.0,-1.0,-1.0,-1.0,-1.0,-1.0,-1.0,-1.0,-1.0,-1.0
US500.dk,2023.08.07 16:00:00,-1.0,-1.0,SL,,,-1.0,-1.0,-1.0,-1.0,-1.0,-1.0,-1.0,-1.0,-1.0,-1.0,-1.0
US500.dk,2023.08.09 04:00:00,-1.0,-1.0,SL,-3.1111,,-0.5,-1.0,-1.0,-0.75,-0.75,-1.0,-1.0,-1.0,-1.0,-1.0,-1.0
US500.dk,2023.08.21 08:00:00,-1.0,-1.0,SL,,,-1.0,-1.0,-1.0,-1.0,-1.0,-1.0,-1.0,-1.0,-1.0,-1.0,-1.0
US500.dk,2023.08.21 16:00:00,0.5,0.5,BE,-0.409,-0.409,0.5,0.5,-0.25,0.5,0.75,0.5,0.5,0.0,0.5,0.5,0.5
US500.dk,2023.09.05 08:00:00,-1.02,-1.0,SL,-1.0542,,-0.5,-1.0,-1.0,-0.75,-0.75,-1.0,-1.0,-1.0,-1.0,-1.0,-1.0
US500.dk,2023.09.11 04:00:00,-1.0,-1.0,SL,-1.0224,-1.0224,-0.5,-0.5,-0.25,-0.5,-0.5,-1.0,-1.0,-1.0,-1.0,-1.0,-1.0
US500.dk,2023.09.13 12:00:00,0.48,0.5,BE,-0.4829,-0.4829,0.5,0.5,0.5,0.5,0.625,0.25,0.5,0.0,0.5,0.5,0.5
US500.dk,2023.09.28 20:00:00,-1.0,-1.0,SL,-1.0395,-1.0395,-0.5,-0.5,-0.25,-0.25,-0.25,-1.0,-1.0,-1.0,-1.0,-1.0,-1.0
US500.dk,2023.10.04 20:00:00,0.5,0.5,BE,-0.7582,-0.7582,-0.5,-0.5,-0.25,-0.5,-0.5,0.5,0.5,0.0,0.5,0.5,0.5
US500.dk,2023.10.05 20:00:00,-1.0,-1.0,SL,,,-1.0,-1.0,-1.0,-1.0,-1.0,-1.0,-1.0,-1.0,-1.0,-1.0,-1.0
US500.dk,2023.10.09 00:00:00,-1.0,-1.0,SL,,,-1.0,-1.0,-1.0,-1.0,-1.0,-1.0,-1.0,-1.0,-1.0,-1.0,-1.0
US500.dk,2023.10.13 04:00:00,-1.01,-1.0,SL,,,-1.0,-1.0,-1.0,-1.0,-1.0,-1.0,-1.0,-1.0,-1.0,-1.0,-1.0
US500.dk,2023.10.16 12:00:00,-1.0,-1.0,SL,-1.3996,,-0.5,-1.0,-1.0,-0.75,-0.75,-1.0,-1.0,-1.0,0.2454,-0.7079,-1.0
US500.dk,2023.10.24 20:00:00,2.56,2.502,TP,-0.0205,0.1393,2.502,2.502,2.502,2.502,1.875,2.502,2.502,2.502,2.502,2.502,2.502
US500.dk,2023.10.31 00:00:00,-1.0,-1.0,SL,,,-1.0,-1.0,-1.0,-1.0,-1.0,-1.0,-1.0,-1.0,-1.0,-1.0,-1.0
US500.dk,2023.11.10 12:00:00,2.51,2.5,TP,-0.0128,-0.0128,2.5,2.5,2.5,2.5,2.5,2.5,2.5,2.5,2.5,2.5,2.5
US500.dk,2023.11.27 08:00:00,-1.0,-1.0,SL,-1.0,-1.0,-0.5,-0.5,-0.25,-0.5,-0.5,-1.0,-1.0,-1.0,-1.0,-1.0,-1.0
US500.dk,2023.11.28 12:00:00,0.5,0.5,BE,-0.6961,-0.6961,-0.5,-0.5,-0.25,-0.5,-0.5,0.25,0.0,0.0,0.5,0.5,0.5
US500.dk,2023.11.30 04:00:00,0.5,-1.0,SL,-1.2087,,-0.5,-1.0,-1.0,-0.75,-0.75,-1.0,-1.0,-1.0,-1.0,-1.0,-1.0
US500.dk,2023.11.30 20:00:00,0.5,0.5,BE,-0.6014,-0.6014,0.5,0.5,0.5,0.5,0.5,0.25,0.5,2.5,0.5,0.5,0.5
US500.dk,2023.12.05 12:00:00,-1.0,-1.0,SL,-1.0433,,-0.5,-1.0,-1.0,-0.75,-0.75,-1.0,-1.0,-1.0,-0.07,-1.0,-1.0
US500.dk,2023.12.07 12:00:00,2.58,2.5,TP,-0.5104,-0.5104,-0.5,2.5,2.5,2.5,2.5,2.5,2.5,2.5,2.5,2.5,2.5
US500.dk,2023.12.21 20:00:00,0.49,0.5,BE,-0.2165,-0.2165,0.5,0.5,0.5,0.5,0.625,0.25,0.5,0.0,0.5,0.5,0.5
US500.dk,2024.01.05 12:00:00,0.5,0.5,BE,-0.0797,-0.0797,0.5,0.5,0.5,0.5,0.625,2.4983,0.5,2.4983,-0.4593,0.5,0.5
US500.dk,2024.01.18 08:00:00,2.56,2.5039,TP,-0.61,-0.61,-0.5,2.5039,2.5039,2.5039,2.5039,2.5039,2.5039,2.5039,2.5039,2.5039,2.5039
US500.dk,2024.01.29 00:00:00,0.51,0.5,BE,-0.5385,-0.5385,0.5,0.5,0.5,0.5,1.875,0.5,0.5,0.0,0.5,0.5,0.5
US500.dk,2024.02.01 16:00:00,2.55,2.499,TP,-0.0904,-0.0904,2.499,2.499,2.499,2.499,0.75,2.499,2.499,2.499,2.499,2.499,2.499
US500.dk,2024.02.27 04:00:00,-1.0,-1.0,SL,-1.4674,-1.4674,-0.5,-0.5,-0.25,-0.5,-0.5,-1.0,-1.0,-1.0,-1.0,-1.0,-1.0
US500.dk,2024.02.27 16:00:00,-1.01,-1.0,SL,-1.1024,,-0.5,-1.0,-1.0,-0.75,-0.75,-1.0,-1.0,-1.0,-1.0,-1.0,-1.0
US500.dk,2024.02.28 12:00:00,-1.01,-1.0,SL,,,-1.0,-1.0,-1.0,-1.0,-1.0,-1.0,-1.0,-1.0,-1.0,-1.0,-1.0
US500.dk,2024.02.29 12:00:00,0.49,0.5,BE,-0.0583,-0.0583,0.5,0.5,0.5,0.5,1.0,0.5,0.5,2.5015,0.5,0.5,0.5
US500.dk,2024.03.06 12:00:00,0.5,0.5,BE,-0.9448,-0.0307,-0.5,0.5,0.5,-0.75,-0.75,0.5,0.5,2.5015,0.5,0.5,0.5
US500.dk,2024.03.25 12:00:00,0.5,0.5,BE,-1.5985,-1.5985,0.5,0.5,0.5,0.5,0.5,0.25,0.5,0.0,0.5,0.5,0.5
US500.dk,2024.03.27 08:00:00,-1.0,-1.0,SL,,,-1.0,-1.0,-1.0,-1.0,-1.0,-1.0,-1.0,-1.0,-1.0,-1.0,-1.0
US500.dk,2024.03.27 16:00:00,-1.0,-1.0,SL,-1.7429,-1.7429,-0.5,-0.5,-0.25,-0.5,-0.5,-1.0,-1.0,-1.0,-0.0874,-1.0,-1.0
US500.dk,2024.04.08 04:00:00,-1.01,-1.0,SL,,,-1.0,-1.0,-1.0,-1.0,-1.0,-1.0,-1.0,-1.0,-1.0,-1.0,-1.0
US500.dk,2024.04.08 12:00:00,-1.01,-1.0,SL,-2.1394,,-0.5,-1.0,-1.0,-0.75,-0.75,-1.0,-1.0,-1.0,-1.0,-1.0,-1.0
US500.dk,2024.04.09 16:00:00,-1.0,-1.0,SL,,,-1.0,-1.0,-1.0,-1.0,-1.0,-1.0,-1.0,-1.0,-1.0,-1.0,-1.0
US500.dk,2024.04.11 16:00:00,-1.0,-1.0,SL,,,-1.0,-1.0,-1.0,-1.0,-1.0,-1.0,-1.0,-1.0,-1.0,-1.0,-1.0
US500.dk,2024.04.22 16:00:00,0.49,0.5,BE,-0.5109,-0.5109,0.5,0.5,0.5,0.5,0.875,0.5,0.5,2.5,0.5,0.5,0.5
US500.dk,2024.04.25 16:00:00,0.48,0.5,BE,-0.2186,-0.2186,0.5,0.5,0.5,0.5,0.5,0.25,0.5,2.5008,0.5,0.5,0.5
US500.dk,2024.05.02 16:00:00,2.57,2.5,TP,-0.0361,0.2737,2.5,2.5,2.5,2.5,2.5,2.5,2.5,2.5,2.5,2.5,2.5
US500.dk,2024.05.17 16:00:00,0.5,0.5,BE,-0.8355,-0.8355,-0.5,-0.5,-0.25,-0.25,-0.25,0.5,0.5,0.0,0.5,0.5,0.5
US500.dk,2024.05.24 12:00:00,-1.0,-1.0,SL,-1.1183,,-0.5,-1.0,-1.0,-0.75,-0.75,-1.0,-1.0,-1.0,-0.0134,0.1962,-0.7634
US500.dk,2024.05.31 16:00:00,2.6,2.4995,TP,0.1328,0.1734,2.4995,2.4995,2.4995,2.4995,2.4995,2.4995,2.4995,2.4995,-0.1392,-0.2355,2.4995
US500.dk,2024.07.15 20:00:00,0.48,0.5,BE,-0.4982,-0.4982,0.5,0.5,0.5,0.5,0.5,0.25,0.0,0.0,0.5,0.5,0.5
US500.dk,2024.07.22 16:00:00,-1.0,-1.0,SL,-1.1281,,-0.5,-1.0,-1.0,-0.75,-0.75,-1.0,-1.0,-1.0,-0.2037,-1.0,-1.0
US500.dk,2024.07.28 20:00:00,-1.0,-1.0,SL,-1.6276,-1.6276,-0.5,-0.5,-0.25,-0.5,-0.5,-1.0,-1.0,-1.0,-1.0,-1.0,-1.0
US500.dk,2024.07.31 00:00:00,0.5,0.5,BE,-0.0928,-0.0329,0.5,0.5,0.5,0.5,0.75,0.5,0.5,0.0,0.5,0.5,0.5
US500.dk,2024.08.07 08:00:00,-1.03,-1.0,SL,-1.141,,-0.5,-1.0,-1.0,-0.75,-0.75,-1.0,-1.0,-1.0,-1.0,-1.0,-1.0
US500.dk,2024.08.08 12:00:00,2.75,2.5008,TP,-0.0789,0.1735,2.5008,2.5008,2.5008,2.5008,1.375,2.5008,2.5008,2.5008,0.2138,2.5008,2.5008
US500.dk,2024.10.16 16:00:00,0.49,0.5,BE,-0.3988,-0.0202,0.5,0.5,0.5,0.5,0.5,0.25,0.0,0.0,0.5,0.5,0.5
US500.dk,2024.10.18 04:00:00,-1.01,-1.0,SL,-1.3929,-1.3929,-0.5,-0.5,-0.25,-0.25,-0.25,-1.0,-1.0,-1.0,-1.0,-1.0,-1.0
US500.dk,2024.10.21 16:00:00,-1.0,-1.0,SL,,,-1.0,-1.0,-1.0,-1.0,-1.0,-1.0,-1.0,-1.0,-1.0,-1.0,-1.0
US500.dk,2024.10.22 16:00:00,-1.0,-1.0,SL,,,-1.0,-1.0,-1.0,-1.0,-1.0,-1.0,-1.0,-1.0,-1.0,-1.0,-1.0
US500.dk,2024.10.25 08:00:00,0.48,0.5,BE,-1.2658,-1.2658,0.5,0.5,0.5,0.5,0.75,0.5,0.0,0.0,0.5,0.5,0.5
US500.dk,2024.10.27 20:00:00,-1.01,-1.0,SL,-1.0108,-1.0108,-0.5,-0.5,-0.25,-0.75,-0.75,-1.0,-1.0,-1.0,-0.2432,0.3919,-1.0
US500.dk,2024.11.05 12:00:00,2.58,2.4978,TP,-0.0933,-0.0933,2.4978,2.4978,2.4978,2.4978,1.75,2.4978,2.4978,2.4978,2.4978,2.4978,2.4978
US500.dk,2024.11.12 16:00:00,-1.01,-1.0,SL,-1.1478,,-0.5,-1.0,-1.0,-0.75,-0.75,-1.0,-1.0,-1.0,-0.2243,-1.0,-1.0
US500.dk,2024.11.19 16:00:00,0.5,0.5,BE,-0.9139,-0.9139,-0.5,0.5,0.5,0.5,1.125,0.5,0.5,0.0,-0.2722,0.5,0.5
US500.dk,2024.12.20 16:00:00,-1.0,-1.0,SL,-1.0291,-1.0291,-0.5,-0.5,-0.25,-0.5,-0.5,-1.0,-1.0,-1.0,-0.2217,0.4344,-1.0
US500.dk,2025.01.14 04:00:00,-1.0,-1.0,SL,-1.2925,-1.2925,-0.5,-0.5,-0.25,-0.5,-0.5,-1.0,-1.0,-1.0,-1.0,-1.0,-1.0
US500.dk,2025.01.15 08:00:00,2.66,2.5,TP,-0.1737,-0.1737,2.5,2.5,2.5,2.5,1.625,2.5,2.5,2.5,2.5,2.5,2.5
US500.dk,2025.01.21 04:00:00,0.49,0.5,BE,-0.3007,-0.3007,0.5,0.5,0.5,0.5,1.0,0.5,0.5,0.0,0.5,0.5,0.5
US500.dk,2025.01.28 12:00:00,0.48,0.5,BE,-0.6238,-0.2048,-0.5,0.5,0.5,0.5,0.5,0.25,0.5,0.0,-0.046,-0.2571,0.5
US500.dk,2025.02.18 20:00:00,-1.0,-1.0,SL,-1.403,,-0.5,-1.0,-1.0,-0.75,-0.75,-1.0,-1.0,-1.0,0.1552,-1.0,-1.0
US500.dk,2025.02.20 20:00:00,-1.01,-1.0,SL,,,-1.0,-1.0,-1.0,-1.0,-1.0,-1.0,-1.0,-1.0,-1.0,-1.0,-1.0
US500.dk,2025.02.27 08:00:00,-1.0,-1.0,SL,,,-1.0,-1.0,-1.0,-1.0,-1.0,-1.0,-1.0,-1.0,-1.0,-1.0,-1.0
US500.dk,2025.02.28 20:00:00,-1.0,-1.0,SL,-1.1679,,-0.5,-1.0,-1.0,-0.75,-0.75,-1.0,-1.0,-1.0,-0.6739,-1.0,-1.0
US500.dk,2025.03.12 12:00:00,0.47,0.5,BE,-0.4282,-0.4282,0.5,0.5,0.5,0.5,0.625,0.25,0.5,0.0,0.5,0.5,0.5
US500.dk,2025.03.18 12:00:00,-1.0,-1.0,SL,,,-1.0,-1.0,-1.0,-1.0,-1.0,-1.0,-1.0,-1.0,-0.7549,-1.0,-1.0
US500.dk,2025.03.21 04:00:00,0.49,0.5,BE,-0.7976,-0.7976,0.5,0.5,0.5,0.5,1.0,0.5,0.5,0.0,0.5,0.5,0.5
US500.dk,2025.03.26 20:00:00,0.5,0.5,BE,-0.3716,-0.2095,0.5,0.5,0.5,0.5,1.125,0.5,0.5,2.5006,0.1047,0.5,0.5
US500.dk,2025.04.02 20:00:00,0.4,0.5,BE,-0.0586,-0.0492,0.5,0.5,0.5,0.5,1.25,0.5,0.5,0.0,0.3341,0.5,0.5
US500.dk,2025.04.10 12:00:00,-1.0,-1.0,SL,-1.0167,,-0.5,-1.0,-1.0,-0.75,-0.75,-1.0,-1.0,-1.0,-0.3203,-0.8195,-0.715
US500.dk,2025.04.30 12:00:00,-1.0,-1.0,SL,,,-1.0,-1.0,-1.0,-1.0,-1.0,-1.0,-1.0,-1.0,-1.0,-1.0,-1.0
US500.dk,2025.05.06 04:00:00,-1.04,-1.0,SL,-1.3746,-1.3746,-0.5,-0.5,-0.25,-0.25,-0.25,-1.0,-1.0,-1.0,-1.0,-1.0,-1.0
US500.dk,2025.05.07 12:00:00,0.49,-1.0,SL,,,-1.0,-1.0,-1.0,-1.0,-1.0,-1.0,-1.0,-1.0,-1.0,-1.0,-1.0
US500.dk,2025.05.07 20:00:00,-1.0,-1.0,SL,,,-1.0,-1.0,-1.0,-1.0,-1.0,-1.0,-1.0,-1.0,-1.0,-1.0,-1.0
US500.dk,2025.05.19 08:00:00,0.5,0.5,BE,-0.5136,-0.5136,0.5,0.5,0.5,0.5,1.375,0.5,0.5,0.0,0.5,0.5,0.5
US500.dk,2025.05.21 12:00:00,-1.0,-1.0,SL,,,-1.0,-1.0,-1.0,-1.0,-1.0,-1.0,-1.0,-1.0,-1.0,-1.0,-1.0
US500.dk,2025.05.25 20:00:00,0.5,0.5,BE,-0.1215,-0.1215,0.5,0.5,0.5,0.5,1.0,0.5,0.5,2.5007,0.205,0.5,0.5
US500.dk,2025.06.02 12:00:00,2.56,2.5009,TP,-0.1533,-0.1533,2.5009,2.5009,2.5009,2.5009,0.75,2.5009,2.5009,2.5009,2.5009,2.5009,2.5009
US500.dk,2025.07.02 12:00:00,0.49,0.5,BE,-0.4732,-0.4732,0.5,0.5,0.5,0.5,1.0,0.5,0.5,2.5,0.5,0.5,0.5
US500.dk,2025.07.08 04:00:00,0.49,0.5,BE,-0.315,-0.315,0.5,0.5,0.5,0.5,0.625,0.25,0.5,0.0,-0.4451,0.5,0.5
US500.dk,2025.07.11 12:00:00,-1.03,-1.0,SL,-1.2867,,-0.5,-1.0,-1.0,-0.75,-0.75,-1.0,-1.0,-1.0,-1.0,-1.0,-1.0
US500.dk,2025.07.14 12:00:00,-1.0,-1.0,SL,-1.3296,-1.3296,-0.5,-0.5,-0.25,-0.25,-0.25,-1.0,-1.0,-1.0,-1.0,-1.0,-1.0
US500.dk,2025.07.16 16:00:00,0.5,0.5,BE,-0.7602,-0.7602,0.5,0.5,0.5,0.5,1.25,0.5,0.5,2.5016,0.5,0.5,0.5
US500.dk,2025.08.04 12:00:00,0.47,0.5,BE,-0.4369,-0.1248,0.5,0.5,0.5,0.5,0.5,2.5,2.5,2.5,-0.2695,0.3901,0.5
US500.dk,2025.08.07 16:00:00,2.54,2.5028,TP,-0.0363,0.0782,2.5028,2.5028,2.5028,2.5028,0.875,2.5028,2.5028,2.5028,2.5028,2.5028,2.5028
US500.dk,2025.08.17 20:00:00,-1.01,-1.0,SL,,,-1.0,-1.0,-1.0,-1.0,-1.0,-1.0,-1.0,-1.0,-1.0,-1.0,-1.0
US500.dk,2025.08.18 20:00:00,-1.0,-1.0,SL,,,-1.0,-1.0,-1.0,-1.0,-1.0,-1.0,-1.0,-1.0,-1.0,-1.0,-1.0
USDJPY.dk,2020.08.20 08:00:00,0.51,0.5,BE,-0.5313,-0.5313,0.5,0.5,0.5,0.5,0.5,0.25,0.0,0.0,0.5,0.5,0.5
USDJPY.dk,2020.08.21 20:00:00,-1.01,-1.0,SL,-1.325,,-0.5,-1.0,-1.0,-0.75,-0.75,-1.0,-1.0,-1.0,-0.6344,-1.0,-1.0
USDJPY.dk,2020.08.26 12:00:00,0.5,-1.0,SL,-1.2535,-1.2535,-0.5,-0.5,-0.25,-0.25,-0.25,-1.0,-1.0,-1.0,-1.0,-1.0,-1.0
USDJPY.dk,2020.08.28 04:00:00,0.49,0.5,BE,-0.5301,-0.5301,-0.5,-0.5,-0.25,-0.25,-0.25,0.5,0.5,1.6752,0.5,0.5,0.5
USDJPY.dk,2020.10.09 00:00:00,2.5,2.5,TP,-0.5,-0.5,2.5,2.5,2.5,2.5,1.375,2.5,2.5,2.5,2.5,2.5,2.5
USDJPY.dk,2020.10.21 08:00:00,0.5,0.5,BE,-0.3063,-0.3063,0.5,0.5,-0.25,-0.25,-0.25,0.25,0.5,0.0,0.5,0.5,0.5
USDJPY.dk,2020.11.03 04:00:00,-1.01,-1.0,SL,-2.6242,,-0.5,-1.0,-1.0,-0.75,-0.75,-1.0,-1.0,-1.0,-1.0,-1.0,-1.0
USDJPY.dk,2020.12.16 20:00:00,0.5,0.5,BE,-0.1844,-0.0195,0.5,0.5,0.5,0.5,0.625,0.25,0.5,0.0,0.5,0.5,0.5
USDJPY.dk,2020.12.18 08:00:00,-1.04,-1.0,SL,-2.1624,-2.1624,-0.5,-0.5,-0.25,-0.25,-0.25,-1.0,-1.0,-1.0,-1.0,-1.0,-1.0
USDJPY.dk,2020.12.21 16:00:00,0.49,0.5,BE,-0.1815,-0.1815,0.5,0.5,0.5,0.5,0.625,0.25,0.5,0.0,-0.5742,-0.4764,-0.5724
USDJPY.dk,2021.01.12 16:00:00,-1.0,-1.0,SL,-1.0324,-1.0324,-0.5,-0.5,-0.25,-0.5,-0.5,-1.0,-1.0,-1.0,-1.0,-1.0,-1.0
USDJPY.dk,2021.02.18 12:00:00,-1.0,-1.0,SL,,,-1.0,-1.0,-1.0,-1.0,-1.0,-1.0,-1.0,-1.0,-1.0,-1.0,-1.0
USDJPY.dk,2021.02.22 00:00:00,-1.0,-1.0,SL,-2.4007,-2.4007,-0.5,-0.5,-0.25,-0.5,-0.5,-1.0,-1.0,-1.0,-1.0,-1.0,-1.0
USDJPY.dk,2021.02.24 00:00:00,2.53,2.4989,TP,0.0354,0.0354,2.4989,2.4989,2.4989,2.4989,0.875,2.4989,2.4989,2.4989,2.4989,2.4989,2.4989
USDJPY.dk,2021.03.11 00:00:00,0.52,0.5,BE,-0.7636,-0.7636,0.5,0.5,0.5,0.5,0.5,0.25,0.5,2.5023,0.5,0.5,0.5
USDJPY.dk,2021.03.11 20:00:00,0.52,0.5,BE,-0.6829,-0.6829,0.5,0.5,0.5,0.5,1.125,0.5,0.5,2.5041,0.5,0.5,0.5
USDJPY.dk,2021.03.24 12:00:00,2.5,2.5013,TP,-0.0836,0.2075,2.5013,2.5013,2.5013,2.5013,1.375,2.5013,2.5013,2.5013,2.5013,2.5013,2.5013
USDJPY.dk,2021.04.02 12:00:00,-1.0,-1.0,SL,,,-1.0,-1.0,-1.0,-1.0,-1.0,-1.0,-1.0,-1.0,-0.5799,-1.0,-1.0
USDJPY.dk,2021.04.09 08:00:00,-1.0,-1.0,SL,-1.1219,,-0.5,-1.0,-1.0,-0.75,-0.75,-1.0,-1.0,-1.0,-0.499,-0.7429,-1.0
USDJPY.dk,2021.04.26 08:00:00,2.52,2.5026,TP,-0.2959,0.1684,2.5026,2.5026,2.5026,2.5026,1.25,2.5026,2.5026,2.5026,2.5026,2.5026,2.5026
USDJPY.dk,2021.05.03 16:00:00,0.52,0.5,BE,-0.2857,-0.2857,0.5,0.5,0.5,0.5,0.75,0.5,0.5,0.0,0.5,0.5,0.5
USDJPY.dk,2021.05.04 12:00:00,-1.0,-1.0,SL,-1.0545,,-0.5,-1.0,-1.0,-0.75,-0.75,-1.0,-1.0,-1.0,-0.2333,-0.5303,-1.0
USDJPY.dk,2021.05.07 08:00:00,-1.03,-1.0,SL,,,-1.0,-1.0,-1.0,-1.0,-1.0,-1.0,-1.0,-1.0,-1.0,-1.0,-1.0
USDJPY.dk,2021.05.11 04:00:00,-1.0,-1.0,SL,,,-1.0,-1.0,-1.0,-1.0,-1.0,-1.0,-1.0,-1.0,-1.0,-1.0,-1.0
USDJPY.dk,2021.05.12 00:00:00,0.51,0.5,BE,-0.3812,-0.3812,0.5,0.5,0.5,0.5,1.25,0.5,0.5,2.4972,0.5,0.5,0.5
USDJPY.dk,2021.05.19 20:00:00,0.49,0.5,BE,-0.0642,-0.0642,0.5,0.5,0.5,0.5,0.625,0.5,0.5,1.7284,-0.5628,-0.4372,-0.6816
USDJPY.dk,2021.06.16 08:00:00,-1.0,-1.0,SL,,,-1.0,-1.0,-1.0,-1.0,-1.0,-1.0,-1.0,-1.0,-1.0,-1.0,-1.0
USDJPY.dk,2021.06.16 16:00:00,-1.0,-1.0,SL,,,-1.0,-1.0,-1.0,-1.0,-1.0,-1.0,-1.0,-1.0,-0.4301,-0.5629,-1.0
USDJPY.dk,2021.06.21 12:00:00,0.5,0.5,BE,-0.8955,-0.8955,0.5,0.5,0.5,0.5,0.875,0.5,0.5,0.0,0.5,0.5,0.5
USDJPY.dk,2021.07.12 12:00:00,-1.0,-1.0,SL,-1.0222,-1.0222,-0.5,-0.5,-0.25,-0.25,-0.25,-1.0,-1.0,-1.0,0.0049,-1.0,-1.0
USDJPY.dk,2021.07.16 04:00:00,-1.0,-1.0,SL,-1.22,,-0.5,-1.0,-1.0,-0.75,-0.75,-1.0,-1.0,-1.0,-0.46,-1.0,-1.0
USDJPY.dk,2021.07.20 12:00:00,0.51,0.5,BE,-0.4838,-0.4838,0.5,0.5,0.5,0.5,0.5,0.25,0.5,0.0,0.5,0.5,0.5
USDJPY.dk,2021.07.28 08:00:00,-1.0,-1.0,SL,-1.0989,-1.0989,-0.5,-0.5,-0.25,-0.5,-0.5,-1.0,-1.0,-1.0,-1.0,-1.0,-1.0
USDJPY.dk,2021.08.04 12:00:00,0.49,0.5,BE,-0.1395,-0.1395,0.5,0.5,0.5,0.5,0.875,0.5,0.5,2.5007,0.4528,0.5,0.5
USDJPY.dk,2021.08.18 00:00:00,0.53,0.5,BE,-0.8649,-0.8649,0.5,0.5,0.5,0.5,1.125,0.5,0.5,0.0,0.5,0.5,0.5
USDJPY.dk,2021.08.19 12:00:00,0.51,0.5,BE,-0.6199,-0.0993,-0.5,0.5,0.5,0.5,0.625,0.25,0.5,0.0,0.0548,0.5,0.5
USDJPY.dk,2021.09.03 00:00:00,-1.0,-1.0,SL,,,-1.0,-1.0,-1.0,-1.0,-1.0,-1.0,-1.0,-1.0,-1.0,-1.0,-1.0
USDJPY.dk,2021.09.13 00:00:00,0.55,0.5,BE,-0.4643,-0.4643,0.5,0.5,0.5,0.5,0.875,0.5,0.5,0.0,0.5,0.5,0.5
USDJPY.dk,2021.09.13 16:00:00,0.45,0.5,BE,-3.336,-3.336,0.5,0.5,-0.25,-0.25,-0.25,0.25,0.0,0.0,0.5,0.5,0.5
USDJPY.dk,2021.09.30 20:00:00,-1.0,-1.0,SL,,,-1.0,-1.0,-1.0,-1.0,-1.0,-1.0,-1.0,-1.0,-1.0,-1.0,-1.0
USDJPY.dk,2021.10.05 00:00:00,2.5,2.4986,TP,-0.2626,-0.1034,2.4986,2.4986,2.4986,2.4986,0.75,2.4986,2.4986,2.4986,2.4986,2.4986,2.4986
USDJPY.dk,2021.10.19 08:00:00,0.51,0.5,BE,-0.2241,-0.2241,0.5,0.5,0.5,0.5,0.625,0.25,0.0,0.0,0.5,0.5,0.5
USDJPY.dk,2021.10.20 16:00:00,-1.01,-1.0,SL,-1.6995,-1.6995,-0.5,-0.5,-0.25,-0.5,-0.5,-1.0,-1.0,-1.0,-1.0,-1.0,-1.0
USDJPY.dk,2021.10.26 00:00:00,0.5,0.5,BE,-0.7857,-0.7857,0.5,0.5,0.5,0.5,0.625,0.25,0.0,0.0,0.5,0.5,0.5
USDJPY.dk,2021.10.29 08:00:00,0.49,0.5,BE,-0.5737,-0.5737,0.5,0.5,0.5,0.5,0.5,0.25,0.5,0.0,0.5,0.5,0.5
USDJPY.dk,2021.11.02 16:00:00,-1.0,-1.0,SL,-1.0367,-1.0367,-0.5,-0.5,-0.25,-0.5,-0.5,-1.0,-1.0,-1.0,-1.0,-1.0,-1.0
USDJPY.dk,2021.11.10 08:00:00,2.5,2.5021,TP,-0.0861,-0.0861,2.5021,2.5021,2.5021,2.5021,1.125,2.5021,2.5021,2.5021,2.5021,2.5021,2.5021
USDJPY.dk,2021.12.03 04:00:00,-1.02,-1.0,SL,-1.8102,-1.8102,-0.5,-0.5,-0.25,-0.5,-0.5,-1.0,-1.0,-1.0,-1.0,-1.0,-1.0
USDJPY.dk,2021.12.08 08:00:00,-1.0,-1.0,SL,-1.0315,-1.0315,-0.5,-0.5,-0.25,-0.5,-0.5,-1.0,-1.0,-1.0,-1.0,-1.0,-1.0
USDJPY.dk,2021.12.10 00:00:00,0.51,0.5,BE,-1.0893,-1.0893,0.5,0.5,0.5,0.5,0.5,0.25,0.5,0.0,0.5,0.5,0.5
USDJPY.dk,2021.12.12 20:00:00,0.52,0.5,BE,-0.4589,-0.4589,0.5,0.5,-0.25,-0.25,-0.25,0.5,0.5,0.0,0.5,0.5,0.5
USDJPY.dk,2021.12.20 08:00:00,2.54,2.5013,TP,-0.0593,-0.0593,2.5013,2.5013,2.5013,2.5013,2.5013,2.5013,2.5013,2.5013,0.0296,2.5013,2.5013
USDJPY.dk,2022.01.03 12:00:00,0.51,0.5,BE,-0.5762,-0.5762,0.5,0.5,0.5,0.5,1.375,0.5,0.5,0.0,0.5,0.5,0.5
USDJPY.dk,2022.01.17 00:00:00,0.51,0.5,BE,-0.6657,-0.6657,0.5,0.5,0.5,0.5,0.875,0.5,0.5,0.0,0.5,0.5,0.5
USDJPY.dk,2022.01.24 20:00:00,2.52,2.5,TP,-0.6103,-0.1051,-0.5,2.5,2.5,2.5,2.5,2.5,2.5,2.5,-0.3077,2.5,2.5
USDJPY.dk,2022.01.31 20:00:00,-1.01,-1.0,SL,-1.0446,,-0.5,-1.0,-1.0,-0.75,-0.75,-1.0,-1.0,-1.0,-1.0,-1.0,-1.0
USDJPY.dk,2022.02.03 08:00:00,0.49,0.5,BE,-0.1929,-0.1199,0.5,0.5,0.5,0.5,1.375,0.5,0.5,2.4991,0.5,0.5,0.5
USDJPY.dk,2022.02.22 20:00:00,-1.0,-1.0,SL,-1.832,,-0.5,-1.0,-1.0,-0.75,-0.75,-1.0,-1.0,-1.0,-0.8197,-1.0,-1.0
USDJPY.dk,2022.02.24 12:00:00,2.56,2.4992,TP,-0.04,0.3605,2.4992,2.4992,2.4992,2.4992,2.4992,2.4992,2.4992,2.4992,-0.0261,-0.0506,-0.6517
USDJPY.dk,2022.03.29 16:00:00,-1.02,-1.0,SL,-1.6087,,-0.5,-1.0,-1.0,-0.75,-0.75,-1.0,-1.0,-1.0,-1.0,-1.0,-1.0
USDJPY.dk,2022.04.01 00:00:00,2.5,2.5004,TP,-0.2877,0.0936,2.5004,2.5004,2.5004,2.5004,2.5004,2.5004,2.5004,2.5004,0.0039,0.1329,2.5004
USDJPY.dk,2022.04.20 20:00:00,0.5,0.5,BE,-0.1993,-0.1993,0.5,0.5,0.5,0.5,0.5,0.5,0.5,0.0,0.5,0.5,0.5
USDJPY.dk,2022.04.22 08:00:00,0.5,0.5,BE,-0.2241,-0.2241,0.5,0.5,0.5,0.5,0.625,0.25,0.0,0.0,0.5,0.5,0.5
USDJPY.dk,2022.04.27 04:00:00,0.49,0.5,BE,-0.4292,-0.4292,0.5,0.5,0.5,0.5,1.375,0.5,0.5,0.0,0.5,0.5,0.5
USDJPY.dk,2022.05.16 04:00:00,-1.0,-1.0,SL,-1.7131,-1.7131,-0.5,-0.5,-0.25,-0.5,-0.5,-1.0,-1.0,-1.0,0.0386,-1.0,-1.0
USDJPY.dk,2022.05.26 00:00:00,-1.0,-1.0,SL,,,-1.0,-1.0,-1.0,-1.0,-1.0,-1.0,-1.0,-1.0,-1.0,-1.0,-1.0
USDJPY.dk,2022.05.29 20:00:00,-1.0,-1.0,SL,,,-1.0,-1.0,-1.0,-1.0,-1.0,-1.0,-1.0,-1.0,-1.0,-1.0,-1.0
USDJPY.dk,2022.05.30 04:00:00,2.53,2.5,TP,0.1123,0.1123,2.5,2.5,2.5,2.5,0.875,2.5,2.5,2.5,2.5,2.5,2.5
USDJPY.dk,2022.06.10 08:00:00,0.5,0.5,BE,-0.6687,-0.6687,0.5,0.5,0.5,0.5,0.875,0.5,0.5,0.0,0.5,0.5,0.5
USDJPY.dk,2022.06.13 16:00:00,0.51,0.5,BE,-0.5985,-0.5985,0.5,0.5,-0.25,0.5,0.625,0.25,0.5,0.0,0.5,0.5,0.5
USDJPY.dk,2022.06.17 00:00:00,0.46,0.5,BE,-0.0076,-0.0076,0.5,0.5,0.5,0.5,0.875,0.5,0.5,0.0,0.3889,0.3171,0.5
USDJPY.dk,2022.08.02 16:00:00,0.47,0.5,BE,-0.4173,-0.4173,0.5,0.5,0.5,0.5,0.5,0.25,2.5,2.5,0.5,0.5,0.5
USDJPY.dk,2022.08.12 08:00:00,-1.0,-1.0,SL,,,-1.0,-1.0,-1.0,-1.0,-1.0,-1.0,-1.0,-1.0,-0.3082,-1.0,-1.0
USDJPY.dk,2022.08.16 04:00:00,2.5,2.5,TP,-0.0422,-0.0422,2.5,2.5,2.5,2.5,2.5,2.5,2.5,2.5,2.5,2.5,2.5
USDJPY.dk,2022.08.23 16:00:00,2.5,2.4995,TP,-0.5799,-0.5799,-0.5,2.4995,2.4995,2.4995,2.4995,2.4995,2.4995,2.4995,0.2871,-0.2756,2.4995
USDJPY.dk,2022.09.12 00:00:00,-1.0,-1.0,SL,-1.0033,-1.0033,-0.5,-0.5,-0.25,-0.5,-0.5,-1.0,-1.0,-1.0,-1.0,-1.0,-1.0
USDJPY.dk,2022.09.13 12:00:00,-1.0,-1.0,SL,-1.311,-1.311,-0.5,-0.5,-0.25,-0.5,-0.5,-1.0,-1.0,-1.0,-0.5014,-0.2702,-0.4628
USDJPY.dk,2022.09.23 12:00:00,2.5,2.5004,TP,0.0512,0.198,2.5004,2.5004,2.5004,2.5004,0.875,2.5004,2.5004,2.5004,2.5004,2.5004,2.5004
USDJPY.dk,2022.10.18 08:00:00,0.51,0.5,BE,-2.7925,-2.7925,0.5,0.5,0.5,0.5,1.125,0.5,0.5,0.0,0.5,0.5,0.5
USDJPY.dk,2022.10.24 04:00:00,-1.0,-1.0,SL,,,-1.0,-1.0,-1.0,-1.0,-1.0,-1.0,-1.0,-1.0,-0.0858,-0.559,-1.0
USDJPY.dk,2022.10.28 04:00:00,0.49,0.5,BE,-0.0742,-0.0742,0.5,0.5,0.5,0.5,0.75,0.5,0.5,0.0,0.5,0.5,0.5
USDJPY.dk,2022.11.01 12:00:00,-1.0,-1.0,SL,,,-1.0,-1.0,-1.0,-1.0,-1.0,-1.0,-1.0,-1.0,-1.0,-1.0,-1.0
USDJPY.dk,2022.11.02 16:00:00,-1.0,-1.0,SL,-1.1187,,-0.5,-1.0,-1.0,-0.75,-0.75,-1.0,-1.0,-1.0,0.2203,-0.4926,-0.6011
USDJPY.dk,2022.11.09 16:00:00,-1.0,-1.0,SL,,,-1.0,-1.0,-1.0,-1.0,-1.0,-1.0,-1.0,-1.0,-1.0,-1.0,-1.0
USDJPY.dk,2022.11.17 08:00:00,0.5,0.5,BE,-0.2309,-0.2309,0.5,0.5,0.5,0.5,1.0,0.5,0.5,0.0,0.5,0.5,0.5
USDJPY.dk,2022.11.25 08:00:00,-1.01,-1.0,SL,,,-1.0,-1.0,-1.0,-1.0,-1.0,-1.0,-1.0,-1.0,-1.0,-1.0,-1.0
USDJPY.dk,2022.11.30 12:00:00,-1.0,-1.0,SL,,,-1.0,-1.0,-1.0,-1.0,-1.0,-1.0,-1.0,-1.0,-1.0,-1.0,-1.0
USDJPY.dk,2022.12.09 00:00:00,-1.01,-1.0,SL,-1.143,,-0.5,-1.0,-1.0,-0.75,-0.75,-1.0,-1.0,-1.0,-0.7916,-1.0,-1.0
USDJPY.dk,2023.01.25 08:00:00,0.49,0.5,BE,-1.5663,-1.5663,-0.5,-0.5,-0.25,-0.5,-0.5,0.5,0.5,0.0,0.5,0.5,0.5
USDJPY.dk,2023.02.07 12:00:00,0.5,0.5,BE,-0.5174,-0.5174,-0.5,-0.5,-0.25,-0.5,-0.5,0.25,0.0,0.0,0.5,0.5,0.5
USDJPY.dk,2023.02.28 20:00:00,-1.0,-1.0,SL,,,-1.0,-1.0,-1.0,-1.0,-1.0,-1.0,-1.0,-1.0,-1.0,-1.0,-1.0
USDJPY.dk,2023.03.01 12:00:00,0.5,0.5,BE,-0.1318,-0.1318,0.5,0.5,0.5,0.5,0.5,0.25,0.5,0.0,0.5,0.5,0.5
USDJPY.dk,2023.03.06 08:00:00,0.51,0.5,BE,-0.1671,-0.1671,0.5,0.5,0.5,0.5,1.0,0.5,0.5,0.0,-0.1372,0.5,0.5
USDJPY.dk,2023.03.10 08:00:00,-1.0,-1.0,SL,,,-1.0,-1.0,-1.0,-1.0,-1.0,-1.0,-1.0,-1.0,-1.0,-1.0,-1.0
USDJPY.dk,2023.03.22 16:00:00,-1.0,-1.0,SL,-1.1117,-1.1117,-0.5,-0.5,-0.25,-0.25,-0.25,-1.0,-1.0,-1.0,0.3426,-1.0,-1.0
USDJPY.dk,2023.04.03 12:00:00,0.53,0.5,BE,-0.4952,-0.4952,0.5,0.5,0.5,0.5,0.5,0.25,0.0,0.0,0.5,0.5,0.5
USDJPY.dk,2023.04.12 20:00:00,0.5,0.5,BE,-0.7875,-0.7875,0.5,0.5,0.5,0.5,0.5,0.25,0.0,0.0,0.5,0.5,0.5
USDJPY.dk,2023.04.20 20:00:00,0.49,0.5,BE,-0.8404,-0.8404,-0.5,-0.5,-0.25,-0.5,-0.5,0.25,0.0,0.0,0.5,0.5,0.5
USDJPY.dk,2023.04.27 20:00:00,-1.0,-1.0,SL,,,-1.0,-1.0,-1.0,-1.0,-1.0,-1.0,-1.0,-1.0,-1.0,-1.0,-1.0
USDJPY.dk,2023.05.02 16:00:00,-1.0,-1.0,SL,-2.5546,-2.5546,-0.5,-0.5,-0.25,-0.5,-0.5,-1.0,-1.0,-1.0,-1.0,-1.0,-1.0
USDJPY.dk,2023.05.07 20:00:00,-1.0,-1.0,SL,-1.4743,,-0.5,-1.0,-1.0,-0.75,-0.75,-1.0,-1.0,-1.0,-0.1704,0.1576,-1.0
USDJPY.dk,2023.05.16 12:00:00,2.5,2.5,TP,-0.1607,0.2231,2.5,2.5,2.5,2.5,1.0,2.5,2.5,2.5,2.5,2.5,2.5
USDJPY.dk,2023.05.30 04:00:00,0.51,-1.0,SL,,,-1.0,-1.0,-1.0,-1.0,-1.0,-1.0,-1.0,-1.0,-1.0,-1.0,-1.0
USDJPY.dk,2023.06.01 04:00:00,-1.01,-1.0,SL,,,-1.0,-1.0,-1.0,-1.0,-1.0,-1.0,-1.0,-1.0,-1.0,-1.0,-1.0
USDJPY.dk,2023.06.02 12:00:00,2.5,2.5005,TP,-0.9226,-0.9226,-0.5,-0.5,-0.25,-0.5,-0.5,2.5005,2.5005,2.5005,2.5005,2.5005,2.5005
USDJPY.dk,2023.07.02 20:00:00,0.53,0.5,BE,-0.9021,-0.9021,0.5,0.5,0.5,0.5,0.75,0.5,0.5,0.0,0.5,0.5,0.5
USDJPY.dk,2023.07.03 04:00:00,-1.0,-1.0,SL,,,-1.0,-1.0,-1.0,-1.0,-1.0,-1.0,-1.0,-1.0,-1.0,-1.0,-1.0
USDJPY.dk,2023.07.03 16:00:00,-1.0,-1.0,SL,,,-1.0,-1.0,-1.0,-1.0,-1.0,-1.0,-1.0,-1.0,-0.3211,-0.0973,-1.0
USDJPY.dk,2023.07.17 12:00:00,-1.0,-1.0,SL,,,-1.0,-1.0,-1.0,-1.0,-1.0,-1.0,-1.0,-1.0,-1.0,-1.0,-1.0
USDJPY.dk,2023.07.18 12:00:00,0.5,0.5,BE,-0.1331,-0.1331,0.5,0.5,0.5,0.5,1.125,0.5,0.5,2.4996,0.5,0.5,0.5
USDJPY.dk,2023.07.28 12:00:00,2.5,2.5,TP,-0.0115,0.2855,2.5,2.5,2.5,2.5,2.5,2.5,2.5,2.5,2.5,2.5,2.5
USDJPY.dk,2023.11.13 20:00:00,-1.0,-1.0,SL,-2.0817,,-0.5,-1.0,-1.0,-0.75,-0.75,-1.0,-1.0,-1.0,-1.0,-1.0,-1.0
USDJPY.dk,2023.11.15 16:00:00,-1.0,-1.0,SL,,,-1.0,-1.0,-1.0,-1.0,-1.0,-1.0,-1.0,-1.0,-0.5608,-1.0,-1.0
USDJPY.dk,2023.11.22 04:00:00,-1.0,-1.0,SL,-1.254,-1.254,-0.5,-0.5,-0.25,-0.25,-0.25,-1.0,-1.0,-1.0,-1.0,-1.0,-1.0
USDJPY.dk,2023.11.30 12:00:00,-1.0,-1.0,SL,-1.1386,,-0.5,-1.0,-1.0,-0.75,-0.75,-1.0,-1.0,-1.0,-0.2345,-1.0,-1.0
USDJPY.dk,2023.12.05 16:00:00,-1.0,-1.0,SL,-2.3262,,-0.5,-1.0,-1.0,-0.75,-0.75,-1.0,-1.0,-1.0,0.1176,-1.0,-1.0
USDJPY.dk,2023.12.11 00:00:00,0.5,0.5,BE,-0.2797,-0.2797,0.5,0.5,0.5,0.5,0.75,0.5,0.5,0.0,0.5,0.5,0.5
USDJPY.dk,2023.12.12 12:00:00,-1.0,-1.0,SL,-2.8476,,-0.5,-1.0,-1.0,-0.75,-0.75,-1.0,-1.0,-1.0,-0.5067,-1.0,-1.0
USDJPY.dk,2023.12.18 20:00:00,-1.05,-1.0,SL,,,-1.0,-1.0,-1.0,-1.0,-1.0,-1.0,-1.0,-1.0,-1.0,-1.0,-1.0
USDJPY.dk,2023.12.20 08:00:00,0.51,0.5,BE,-0.4521,-0.4521,0.5,0.5,0.5,0.5,0.875,0.5,0.5,0.0,0.5,0.5,0.5
USDJPY.dk,2024.01.09 00:00:00,-1.0,-1.0,SL,,,-1.0,-1.0,-1.0,-1.0,-1.0,-1.0,-1.0,-1.0,-1.0,-1.0,-1.0
USDJPY.dk,2024.01.14 20:00:00,2.53,2.5008,TP,-0.0815,-0.0815,2.5008,2.5008,2.5008,2.5008,2.5008,2.5008,2.5008,2.5008,2.5008,2.5008,2.5008
USDJPY.dk,2024.01.22 04:00:00,-1.0,-1.0,SL,-1.2317,-1.2317,-0.5,-0.5,-0.25,-0.25,-0.25,-1.0,-1.0,-1.0,-1.0,-1.0,-1.0
USDJPY.dk,2024.01.22 16:00:00,0.51,0.5,BE,-2.3201,-2.3201,0.5,0.5,0.5,0.5,0.5,0.25,0.0,0.0,0.5,0.5,0.5
USDJPY.dk,2024.01.23 08:00:00,-1.0,-1.0,SL,-1.2608,-1.2608,-0.5,-0.5,-0.25,-0.5,-0.5,-1.0,-1.0,-1.0,-1.0,-1.0,-1.0
USDJPY.dk,2024.01.25 16:00:00,-1.0,-1.0,SL,-2.1157,-2.1157,-0.5,-0.5,-0.25,-0.5,-0.5,-1.0,-1.0,-1.0,0.3209,-1.0,-1.0
USDJPY.dk,2024.02.02 12:00:00,0.48,0.5,BE,-0.325,-0.1679,0.5,0.5,0.5,0.5,0.625,0.25,0.5,2.4998,0.0773,0.1979,-0.095
USDJPY.dk,2024.03.12 12:00:00,2.5,2.4985,TP,-0.387,-0.387,2.4985,2.4985,-0.25,2.4985,2.4985,2.4985,2.4985,2.4985,2.4985,2.4985,2.4985
USDJPY.dk,2024.03.21 04:00:00,2.54,2.501,TP,-0.4071,-0.4071,2.501,2.501,-0.25,2.501,1.75,2.501,2.501,2.501,2.501,2.501,2.501
USDJPY.dk,2024.04.24 16:00:00,0.51,0.5,BE,-0.5993,-0.5993,0.5,0.5,0.5,0.5,1.375,0.5,0.5,2.4991,0.5,0.5,0.5
USDJPY.dk,2024.04.26 08:00:00,0.48,0.5,BE,-1.2093,-1.2093,0.5,0.5,0.5,0.5,0.875,0.5,0.5,0.0,0.5,0.5,0.5
USDJPY.dk,2024.04.29 12:00:00,-1.01,-1.0,SL,-1.6136,-1.6136,-0.5,-0.5,-0.25,-0.5,-0.5,-1.0,-1.0,-1.0,0.3616,-1.0,-1.0
USDJPY.dk,2024.05.06 20:00:00,0.51,0.5,BE,-0.4181,-0.0983,0.5,0.5,0.5,0.5,1.375,0.5,0.5,2.4994,0.5,0.5,0.5
USDJPY.dk,2024.05.16 16:00:00,0.49,0.5,BE,-0.1504,-0.0493,0.5,0.5,0.5,0.5,1.0,0.5,0.5,2.5,0.2252,0.5,0.5
USDJPY.dk,2024.06.05 04:00:00,2.56,2.5,TP,-0.5199,-0.5199,2.5,2.5,-0.25,-0.25,-0.25,2.5,2.5,2.5,0.0929,-0.5094,2.5
USDJPY.dk,2024.07.03 16:00:00,-1.0,-1.0,SL,,,-1.0,-1.0,-1.0,-1.0,-1.0,-1.0,-1.0,-1.0,-0.5052,-1.0,-1.0
USDJPY.dk,2024.07.08 08:00:00,0.51,0.5,BE,-4.5642,-4.5642,0.5,0.5,0.5,0.5,0.5,0.25,0.0,0.0,0.1372,0.5,0.5
USDJPY.dk,2024.07.18 16:00:00,-1.0,-1.0,SL,-1.1381,,-0.5,-1.0,-1.0,-0.75,-0.75,-1.0,-1.0,-1.0,0.1063,-0.2222,-1.0
USDJPY.dk,2024.07.26 08:00:00,-1.03,-1.0,SL,,,-1.0,-1.0,-1.0,-1.0,-1.0,-1.0,-1.0,-1.0,-1.0,-1.0,-1.0
USDJPY.dk,2024.07.30 00:00:00,0.51,0.5,BE,-0.8243,-0.8243,0.5,0.5,0.5,0.5,1.0,0.5,0.5,0.0,0.5,0.5,0.5
USDJPY.dk,2024.08.07 20:00:00,-1.01,-1.0,SL,-1.2596,-1.2596,-0.5,-0.5,-0.25,-0.5,-0.5,-1.0,-1.0,-1.0,-1.0,-1.0,-1.0
USDJPY.dk,2024.08.13 12:00:00,-1.0,-1.0,SL,-2.2934,-2.2934,-0.5,-0.5,-0.25,-0.25,-0.25,-1.0,-1.0,-1.0,-1.0,-1.0,-1.0
USDJPY.dk,2024.08.16 16:00:00,2.51,2.5,TP,-0.2138,-0.2138,2.5,2.5,2.5,2.5,0.875,2.5,2.5,2.5,2.5,2.5,2.5
USDJPY.dk,2024.09.06 12:00:00,0.5,0.5,BE,-0.4507,-0.4507,0.5,0.5,-0.25,0.5,0.625,0.25,0.5,0.0,-0.7339,-0.4917,0.5
USDJPY.dk,2024.10.15 20:00:00,-1.0,-1.0,SL,-1.3533,,-0.5,-1.0,-1.0,-0.75,-0.75,-1.0,-1.0,-1.0,-1.0,-1.0,-1.0
USDJPY.dk,2024.10.25 00:00:00,-1.06,-1.0,SL,,,-1.0,-1.0,-1.0,-1.0,-1.0,-1.0,-1.0,-1.0,-1.0,-1.0,-1.0
USDJPY.dk,2024.10.25 04:00:00,1.18,0.5,BE,-0.4627,-0.0565,0.5,0.5,0.5,0.5,1.75,0.5,0.5,0.0,0.5,0.5,0.5
USDJPY.dk,2024.11.01 12:00:00,-1.0,-1.0,SL,,,-1.0,-1.0,-1.0,-1.0,-1.0,-1.0,-1.0,-1.0,-1.0,-1.0,-1.0
USDJPY.dk,2024.11.06 00:00:00,0.5,0.5,BE,-0.6609,-0.0287,-0.5,0.5,0.5,0.5,0.5,0.25,0.0,0.0,0.1401,-0.4134,-0.3784
USDJPY.dk,2024.11.18 08:00:00,-1.01,-1.0,SL,,,-1.0,-1.0,-1.0,-1.0,-1.0,-1.0,-1.0,-1.0,-1.0,-1.0,-1.0
USDJPY.dk,2024.11.19 16:00:00,-1.0,-1.0,SL,-1.1502,-1.1502,-0.5,-0.5,-0.25,-0.25,-0.25,-1.0,-1.0,-1.0,-1.0,-1.0,-1.0
USDJPY.dk,2024.12.12 20:00:00,2.53,2.5006,TP,-0.0494,-0.0494,2.5006,2.5006,2.5006,2.5006,1.0,2.5006,2.5006,2.5006,2.5006,2.5006,2.5006
USDJPY.dk,2024.12.27 16:00:00,-1.0,-1.0,SL,,,-1.0,-1.0,-1.0,-1.0,-1.0,-1.0,-1.0,-1.0,-1.0,-1.0,-1.0
USDJPY.dk,2024.12.31 16:00:00,0.5,0.5,BE,-0.7991,-0.065,-0.5,0.5,0.5,-0.75,-0.75,0.25,0.0,0.0,-0.121,0.0612,-0.0829
USDJPY.dk,2025.01.13 16:00:00,-1.0,-1.0,SL,-1.02,,-0.5,-1.0,-1.0,-0.75,-0.75,-1.0,-1.0,-1.0,0.1356,-1.0,-1.0
USDJPY.dk,2025.01.17 20:00:00,-1.01,-1.0,SL,-1.1102,,-0.5,-1.0,-1.0,-0.75,-0.75,-1.0,-1.0,-1.0,-1.0,-1.0,-1.0
USDJPY.dk,2025.01.22 00:00:00,0.5,0.5,BE,-0.552,-0.2665,0.5,0.5,0.5,0.5,0.5,0.25,0.5,0.0,0.5,0.5,0.5
USDJPY.dk,2025.01.23 20:00:00,-1.0,-1.0,SL,,,-1.0,-1.0,-1.0,-1.0,-1.0,-1.0,-1.0,-1.0,-1.0,-1.0,-1.0
USDJPY.dk,2025.01.24 08:00:00,-1.0,-1.0,SL,-1.8152,,-0.5,-1.0,-1.0,-0.75,-0.75,-1.0,-1.0,-1.0,-0.1658,-1.0,-1.0
USDJPY.dk,2025.01.28 00:00:00,-1.01,-1.0,SL,,,-1.0,-1.0,-1.0,-1.0,-1.0,-1.0,-1.0,-1.0,-0.1803,-0.7025,-1.0
USDJPY.dk,2025.01.31 08:00:00,0.49,0.5,BE,-0.2525,-0.2525,0.5,0.5,0.5,0.5,0.5,0.25,0.0,0.0,0.5,0.5,0.5
USDJPY.dk,2025.02.03 20:00:00,-1.0,-1.0,SL,,,-1.0,-1.0,-1.0,-1.0,-1.0,-1.0,-1.0,-1.0,-0.8584,-1.0,-1.0
USDJPY.dk,2025.02.18 08:00:00,-1.01,-1.0,SL,-1.1027,-1.1027,-0.5,-0.5,-0.25,-0.5,-0.5,-1.0,-1.0,-1.0,-1.0,-1.0,-1.0
USDJPY.dk,2025.02.19 00:00:00,2.52,2.5011,TP,-0.1354,-0.1354,2.5011,2.5011,2.5011,2.5011,0.625,2.5011,2.5011,2.5011,2.5011,2.5011,2.5011
USDJPY.dk,2025.02.25 00:00:00,0.51,0.5,BE,-0.417,-0.417,0.5,0.5,-0.25,0.5,0.75,0.5,0.5,0.0,0.5,0.5,0.5
USDJPY.dk,2025.02.26 12:00:00,0.51,0.5,BE,-1.0566,-1.0566,0.5,0.5,0.5,0.5,0.75,0.5,0.5,0.0,0.5,0.5,0.5
USDJPY.dk,2025.03.03 20:00:00,0.5,0.5,BE,-0.4218,-0.4218,0.5,0.5,-0.25,0.5,0.625,0.25,0.5,2.5002,0.5,0.5,0.5
USDJPY.dk,2025.03.19 16:00:00,-1.0,-1.0,SL,-1.4053,,-0.5,-1.0,-1.0,-0.75,-0.75,-1.0,-1.0,-1.0,0.0457,-0.3589,-1.0
USDJPY.dk,2025.03.25 12:00:00,-1.01,-1.0,SL,,,-1.0,-1.0,-1.0,-1.0,-1.0,-1.0,-1.0,-1.0,-0.8792,-1.0,-1.0
USDJPY.dk,2025.03.28 04:00:00,0.49,0.5,BE,-0.6395,-0.6395,0.5,0.5,0.5,0.5,0.875,0.5,0.5,2.5006,0.5,0.5,0.5
USDJPY.dk,2025.04.02 20:00:00,0.47,0.5,BE,-0.1717,-0.0397,0.5,0.5,0.5,0.5,0.5,0.5,0.5,0.0,0.5,0.5,0.5
USDJPY.dk,2025.04.08 08:00:00,0.49,0.5,BE,-1.1718,-1.1718,0.5,0.5,0.5,0.5,1.125,0.5,0.5,0.0,0.5,0.5,0.5
USDJPY.dk,2025.04.10 04:00:00,0.5,0.5,BE,-0.0848,-0.0848,0.5,0.5,0.5,0.5,1.125,0.5,0.5,0.0,0.5,0.5,0.5
USDJPY.dk,2025.05.14 08:00:00,0.5,0.5,BE,-0.6027,-0.0704,-0.5,0.5,0.5,0.5,1.25,0.5,0.5,0.0,0.0582,0.5,0.5
USDJPY.dk,2025.05.29 12:00:00,-1.0,-1.0,SL,-1.0169,-1.0169,-0.5,-0.5,-0.25,-0.25,-0.25,-1.0,-1.0,-1.0,-0.0436,-1.0,-1.0
USDJPY.dk,2025.06.23 20:00:00,0.48,0.5,BE,-0.1802,-0.1802,0.5,0.5,0.5,0.5,0.875,0.5,0.5,0.0,0.5,0.5,0.5
USDJPY.dk,2025.07.20 20:00:00,-1.0,-1.0,SL,,,-1.0,-1.0,-1.0,-1.0,-1.0,-1.0,-1.0,-1.0,-1.0,-1.0,-1.0
USDJPY.dk,2025.07.30 04:00:00,2.52,2.4985,TP,-0.7152,-0.7152,2.4985,2.4985,2.4985,2.4985,1.5,2.4985,2.4985,2.4985,2.4985,2.4985,2.4985
USDJPY.dk,2025.07.30 16:00:00,-1.0,-1.0,SL,-1.2,-1.2,-0.5,-0.5,-0.25,-0.25,-0.25,-1.0,-1.0,-1.0,-1.0,-1.0,-1.0
USDJPY.dk,2025.08.11 08:00:00,0.5,0.5,BE,-0.5161,-0.5161,0.5,0.5,0.5,0.5,0.5,0.25,0.5,0.0,0.5,0.5,0.5
USDJPY.dk,2025.08.19 20:00:00,-1.01,-1.0,SL,,,-1.0,-1.0,-1.0,-1.0,-1.0,-1.0,-1.0,-1.0,-1.0,-1.0,-1.0
USDJPY.dk,2025.08.20 04:00:00,-1.0,-1.0,SL,,,-1.0,-1.0,-1.0,-1.0,-1.0,-1.0,-1.0,-1.0,-1.0,-1.0,-1.0
USDJPY.dk,2025.08.27 20:00:00,-1.0,-1.0,SL,-1.6529,-1.6529,-0.5,-0.5,-0.25,-0.25,-0.25,-1.0,-1.0,-1.0,-1.0,-1.0,-1.0
USDJPY.dk,2025.10.05 20:00:00,0.47,0.5,BE,-0.0882,-0.0882,0.5,0.5,0.5,0.5,0.75,0.5,0.5,2.4996,0.3401,0.5,0.5
USDJPY.dk,2025.10.19 20:00:00,-1.0,-1.0,SL,-1.0222,,-0.5,-1.0,-1.0,-0.75,-0.75,-1.0,-1.0,-1.0,-1.0,-1.0,-1.0
USDJPY.dk,2025.10.20 20:00:00,2.52,2.5,TP,-0.7736,-0.7736,2.5,2.5,2.5,2.5,1.25,2.5,2.5,2.5,2.5,2.5,2.5
USDJPY.dk,2025.10.27 12:00:00,-1.0,-1.0,SL,,,-1.0,-1.0,-1.0,-1.0,-1.0,-1.0,-1.0,-1.0,-1.0,-1.0,-1.0
USDJPY.dk,2025.10.29 16:00:00,0.51,2.5005,TP,-0.6514,-0.253,2.5005,2.5005,2.5005,2.5005,0.75,2.5005,2.5005,2.5005,2.5005,2.5005,2.5005
USDJPY.dk,2025.11.07 16:00:00,2.5,2.5008,TP,-0.2559,-0.2559,2.5008,2.5008,-0.25,2.5008,0.75,2.5008,2.5008,2.5008,2.5008,2.5008,2.5008
USDJPY.dk,2025.11.21 08:00:00,-1.0,-1.0,SL,,,-1.0,-1.0,-1.0,-1.0,-1.0,-1.0,-1.0,-1.0,-1.0,-1.0,-1.0
USDJPY.dk,2025.11.23 20:00:00,0.51,0.5,BE,-0.3983,-0.2775,0.5,0.5,0.5,0.5,0.5,0.25,0.0,0.0,0.5,0.5,0.5
USDJPY.dk,2025.11.26 08:00:00,-1.0,-1.0,SL,-1.2258,,-0.5,-1.0,-1.0,-0.75,-0.75,-1.0,-1.0,-1.0,-0.1924,-0.3134,-1.0
USDJPY.dk,2025.12.02 08:00:00,-1.0,-1.0,SL,-1.0302,-1.0302,-0.5,-0.5,-0.25,-0.5,-0.5,-1.0,-1.0,-1.0,-1.0,-1.0,-1.0
USDJPY.dk,2025.12.05 12:00:00,0.51,0.5,BE,-0.3688,-0.3193,0.5,0.5,0.5,0.5,0.875,0.5,0.5,2.5,0.353,0.5,0.5
USDJPY.dk,2025.12.12 08:00:00,-1.0,-1.0,SL,-1.2244,,-0.5,-1.0,-1.0,-0.75,-0.75,-1.0,-1.0,-1.0,-1.0,-1.0,-1.0
USOIL.dk,2013.10.02 12:00:00,-1.0,-1.0,SL,-1.0017,,-0.5,-1.0,-1.0,-0.75,-0.75,-1.0,-1.0,-1.0,0.0248,-0.3311,-0.0373
USOIL.dk,2013.10.10 12:00:00,-1.09,-1.0,SL,,,-1.0,-1.0,-1.0,-1.0,-1.0,-1.0,-1.0,-1.0,-1.0,-1.0,-1.0
USOIL.dk,2013.10.14 04:00:00,-1.02,-1.0,SL,,,-1.0,-1.0,-1.0,-1.0,-1.0,-1.0,-1.0,-1.0,-1.0,-1.0,-1.0
USOIL.dk,2013.10.17 04:00:00,-1.0,-1.0,SL,,,-1.0,-1.0,-1.0,-1.0,-1.0,-1.0,-1.0,-1.0,-1.0,-1.0,-1.0
USOIL.dk,2013.10.28 04:00:00,-1.58,-1.0,SL,-1.5556,,-0.5,-1.0,-1.0,-0.75,-0.75,-1.0,-1.0,-1.0,-1.0,-1.0,-1.0
USOIL.dk,2013.10.29 20:00:00,2.67,2.5005,TP,-0.2492,0.0831,2.5005,2.5005,2.5005,2.5005,2.5005,2.5005,2.5005,2.5005,2.5005,2.5005,2.5005
USOIL.dk,2013.11.07 12:00:00,-1.0,0.5,BE,-0.5632,-0.5632,0.5,0.5,-0.25,-0.25,-0.25,0.25,0.0,0.0,-0.1854,-0.8379,-0.5701
USOIL.dk,2013.11.12 16:00:00,-1.0,-1.0,SL,-1.0365,,-0.5,-1.0,-1.0,-0.75,-0.75,-1.0,-1.0,-1.0,-0.2879,-0.2879,-0.2639
USOIL.dk,2013.11.25 00:00:00,0.49,0.5,BE,-0.5054,-0.5054,-0.5,-0.5,-0.25,-0.5,-0.5,0.5,0.5,0.0,0.5,0.5,0.5
USOIL.dk,2013.12.11 16:00:00,0.5,0.5,BE,-0.0927,-0.0927,0.5,0.5,0.5,0.5,0.5,0.25,0.0,0.0,0.0169,0.5,0.5
USOIL.dk,2013.12.17 08:00:00,-1.02,-1.0,SL,,,-1.0,-1.0,-1.0,-1.0,-1.0,-1.0,-1.0,-1.0,-1.0,-1.0,-1.0
USOIL.dk,2013.12.17 16:00:00,-1.01,-1.0,SL,,,-1.0,-1.0,-1.0,-1.0,-1.0,-1.0,-1.0,-1.0,-1.0,-1.0,-1.0
USOIL.dk,2014.01.10 12:00:00,-1.02,-1.0,SL,-1.5874,-1.5874,-0.5,-0.5,-0.25,-0.25,-0.25,-1.0,-1.0,-1.0,-1.0,-1.0,-1.0
USOIL.dk,2014.01.20 00:00:00,-1.01,-1.0,SL,,,-1.0,-1.0,-1.0,-1.0,-1.0,-1.0,-1.0,-1.0,-0.4881,-1.0,-1.0
USOIL.dk,2014.01.27 12:00:00,-1.03,-1.0,SL,,,-1.0,-1.0,-1.0,-1.0,-1.0,-1.0,-1.0,-1.0,-1.0,-1.0,-1.0
USOIL.dk,2014.01.31 20:00:00,-1.01,-1.0,SL,-1.576,-1.576,-0.5,-0.5,-0.25,-0.5,-0.5,-1.0,-1.0,-1.0,-1.0,-1.0,-1.0
USOIL.dk,2014.02.13 12:00:00,2.61,2.4994,TP,-0.8917,-0.8917,-0.5,-0.5,-0.25,-0.5,-0.5,2.4994,2.4994,2.4994,2.4994,2.4994,2.4994
USOIL.dk,2014.02.24 16:00:00,-1.0,-1.0,SL,,,-1.0,-1.0,-1.0,-1.0,-1.0,-1.0,-1.0,-1.0,-1.0,-1.0,-1.0
USOIL.dk,2014.02.26 08:00:00,0.49,0.5,BE,-0.6173,-0.6173,0.5,0.5,0.5,0.5,0.5,0.25,2.5008,2.5008,0.5,0.5,0.5
USOIL.dk,2014.02.27 08:00:00,0.55,-1.0,SL,,,-1.0,-1.0,-1.0,-1.0,-1.0,-1.0,-1.0,-1.0,-1.0,-1.0,-1.0
USOIL.dk,2014.02.27 12:00:00,3.53,2.5007,TP,-0.837,-0.837,2.5007,2.5007,2.5007,2.5007,1.625,2.5007,2.5007,2.5007,2.5007,2.5007,2.5007
USOIL.dk,2014.03.07 12:00:00,-1.0,-1.0,SL,,,-1.0,-1.0,-1.0,-1.0,-1.0,-1.0,-1.0,-1.0,-1.0,-1.0,-1.0
USOIL.dk,2014.03.14 20:00:00,-1.0,-1.0,SL,,,-1.0,-1.0,-1.0,-1.0,-1.0,-1.0,-1.0,-1.0,-1.0,-1.0,-1.0
USOIL.dk,2014.03.19 20:00:00,0.51,0.5,BE,-0.6892,-0.6892,0.5,0.5,0.5,0.5,0.875,0.5,0.0,0.0,0.5,0.5,0.5
USOIL.dk,2014.04.01 08:00:00,-1.02,-1.0,SL,,,-1.0,-1.0,-1.0,-1.0,-1.0,-1.0,-1.0,-1.0,-1.0,-1.0,-1.0
USOIL.dk,2014.04.15 12:00:00,0.5,0.5,BE,-0.7206,-0.7206,0.5,0.5,0.5,0.5,0.625,0.25,0.5,0.0,0.5,0.5,0.5
USOIL.dk,2014.04.16 16:00:00,0.47,0.5,BE,-0.4203,-0.1731,0.5,0.5,0.5,0.5,0.5,0.25,0.0,0.0,0.5,0.5,0.5
USOIL.dk,2014.04.29 08:00:00,0.5,0.5,BE,-0.828,-0.828,0.5,0.5,0.5,0.5,0.625,0.25,0.0,0.0,0.5,0.5,0.5
USOIL.dk,2014.05.05 04:00:00,-1.01,-1.0,SL,,,-1.0,-1.0,-1.0,-1.0,-1.0,-1.0,-1.0,-1.0,-1.0,-1.0,-1.0
USOIL.dk,2014.05.06 12:00:00,0.49,0.5,BE,-0.4695,-0.4695,0.5,0.5,-0.25,-0.25,-0.25,2.4994,2.4994,2.4994,0.5,0.5,0.5
USOIL.dk,2014.05.12 08:00:00,2.58,2.4991,TP,-0.5893,-0.5893,2.4991,2.4991,2.4991,2.4991,1.875,2.4991,2.4991,2.4991,2.4991,2.4991,2.4991
USOIL.dk,2014.05.19 08:00:00,0.52,0.5,BE,-0.1094,-0.1094,0.5,0.5,0.5,0.5,0.625,0.25,0.5,0.0,-0.1016,0.2734,0.5
USOIL.dk,2014.06.03 16:00:00,0.48,0.5,BE,-0.6467,-0.6467,0.5,0.5,-0.25,-0.25,-0.25,0.25,0.0,0.0,0.5,0.5,0.5
USOIL.dk,2014.06.06 08:00:00,0.52,0.5,BE,-0.9162,-0.9162,0.5,0.5,0.5,0.5,0.5,0.25,2.5013,2.5013,0.5,0.5,0.5
USOIL.dk,2014.06.06 16:00:00,4.15,2.502,TP,-0.1411,0.0403,2.502,2.502,2.502,2.502,2.502,2.502,2.502,2.502,2.502,2.502,2.502
USOIL.dk,2014.06.19 16:00:00,-1.02,-1.0,SL,-1.1359,-1.1359,-0.5,-0.5,-0.25,-0.25,-0.25,-1.0,-1.0,-1.0,-1.0,-1.0,-1.0
USOIL.dk,2014.07.01 08:00:00,-1.21,-1.0,SL,,,-1.0,-1.0,-1.0,-1.0,-1.0,-1.0,-1.0,-1.0,-1.0,-1.0,-1.0
USOIL.dk,2014.07.10 16:00:00,-1.53,-1.0,SL,,,-1.0,-1.0,-1.0,-1.0,-1.0,-1.0,-1.0,-1.0,-1.0,-1.0,-1.0
USOIL.dk,2014.07.23 16:00:00,-1.0,-1.0,SL,-1.7321,,-0.5,-1.0,-1.0,-0.75,-0.75,-1.0,-1.0,-1.0,-0.875,-1.0,-1.0
USOIL.dk,2014.08.07 20:00:00,-1.01,-1.0,SL,,,-1.0,-1.0,-1.0,-1.0,-1.0,-1.0,-1.0,-1.0,-1.0,-1.0,-1.0
USOIL.dk,2014.08.08 12:00:00,-1.03,-1.0,SL,,,-1.0,-1.0,-1.0,-1.0,-1.0,-1.0,-1.0,-1.0,-0.523,-1.0,-1.0
USOIL.dk,2014.08.12 04:00:00,0.64,0.5,BE,-0.7231,-0.7231,-0.5,-0.5,-0.25,-0.5,-0.5,0.5,0.5,2.5007,0.5,0.5,0.5
USOIL.dk,2014.08.18 04:00:00,0.5,0.5,BE,-0.2385,-0.2385,0.5,0.5,0.5,0.5,0.5,2.4991,2.4991,2.4991,0.5,0.5,0.5
USOIL.dk,2014.08.21 20:00:00,0.51,0.5,BE,-0.2073,-0.2073,0.5,0.5,0.5,0.5,0.75,0.5,0.5,0.0,0.5,0.5,0.5
USOIL.dk,2014.08.25 12:00:00,-1.01,-1.0,SL,-1.6667,-1.6667,-0.5,-0.5,-0.25,-0.5,-0.5,-1.0,-1.0,-1.0,-1.0,-1.0,-1.0
USOIL.dk,2014.08.26 12:00:00,-1.01,-1.0,SL,,,-1.0,-1.0,-1.0,-1.0,-1.0,-1.0,-1.0,-1.0,-0.0116,-1.0,-1.0
USOIL.dk,2014.09.02 08:00:00,0.49,0.5,BE,-0.8943,-0.8943,0.5,0.5,0.5,0.5,1.25,0.5,0.5,2.5006,0.5,0.5,0.5
USOIL.dk,2014.09.04 12:00:00,0.47,0.5,BE,-0.5347,-0.4257,-0.5,0.5,0.5,0.5,1.25,0.5,0.5,2.4995,0.5,0.5,0.5
USOIL.dk,2014.09.18 12:00:00,0.48,0.5,BE,-0.0253,-0.0253,0.5,0.5,0.5,0.5,0.875,0.5,0.5,0.0,0.5,0.5,0.5
USOIL.dk,2014.09.30 12:00:00,0.43,0.5,BE,-0.3715,-0.0389,0.5,0.5,0.5,0.5,0.5,2.5001,2.5001,2.5001,-0.2756,0.5,0.5
USOIL.dk,2014.10.03 08:00:00,0.48,0.5,BE,-0.4794,-0.4794,0.5,0.5,0.5,0.5,0.625,2.4993,2.4993,2.4993,0.5,0.5,0.5
USOIL.dk,2014.10.13 20:00:00,2.58,2.5005,TP,-0.5042,-0.2206,2.5005,2.5005,2.5005,2.5005,1.875,2.5005,2.5005,2.5005,2.5005,2.5005,2.5005
USOIL.dk,2014.10.20 00:00:00,0.51,0.5,BE,-0.2756,-0.2756,0.5,0.5,-0.25,0.5,1.0,0.5,0.5,0.0,0.5,0.5,0.5
USOIL.dk,2014.10.21 08:00:00,-1.03,-1.0,SL,,,-1.0,-1.0,-1.0,-1.0,-1.0,-1.0,-1.0,-1.0,-1.0,-1.0,-1.0
USOIL.dk,2014.10.22 12:00:00,0.47,0.5,BE,-0.0947,-0.0947,0.5,0.5,0.5,0.5,1.125,0.5,0.5,2.5,0.5,0.5,0.5
USOIL.dk,2014.10.24 00:00:00,0.49,0.5,BE,-0.2672,-0.0382,0.5,0.5,0.5,0.5,0.75,0.5,0.5,0.0,0.5,0.5,0.5
USOIL.dk,2014.10.28 12:00:00,-1.01,-1.0,SL,,,-1.0,-1.0,-1.0,-1.0,-1.0,-1.0,-1.0,-1.0,-1.0,-1.0,-1.0
USOIL.dk,2014.10.30 08:00:00,2.52,2.5013,TP,-0.5455,-0.5455,2.5013,2.5013,-0.25,2.5013,1.125,2.5013,2.5013,2.5013,2.5013,2.5013,2.5013
USOIL.dk,2014.11.03 16:00:00,2.67,2.5,TP,-0.5556,-0.5556,-0.5,-0.5,-0.25,-0.25,-0.25,2.5,2.5,2.5,2.5,2.5,2.5
USOIL.dk,2014.12.02 00:00:00,0.49,0.5,BE,-0.5531,-0.5531,0.5,0.5,0.5,0.5,0.75,0.5,2.4991,2.4991,0.5,0.5,0.5
USOIL.dk,2014.12.02 16:00:00,2.77,2.5002,TP,-0.1316,-0.1316,2.5002,2.5002,2.5002,2.5002,2.5002,2.5002,2.5002,2.5002,-0.0705,2.5002,2.5002
USOIL.dk,2014.12.17 16:00:00,2.5,2.5002,TP,-0.8203,-0.8203,-0.5,-0.5,-0.25,-0.5,-0.5,2.5002,2.5002,2.5002,2.5002,2.5002,2.5002
USOIL.dk,2015.03.27 16:00:00,-1.0,-1.0,SL,-1.202,-1.202,-0.5,-0.5,-0.25,-0.5,-0.5,-1.0,-1.0,-1.0,-0.0176,-1.0,-1.0
USOIL.dk,2015.04.08 12:00:00,-1.01,-1.0,SL,-1.5059,,-0.5,-1.0,-1.0,-0.75,-0.75,-1.0,-1.0,-1.0,0.1275,0.062,-0.3756
USOIL.dk,2015.04.21 16:00:00,-1.0,-1.0,SL,-1.0844,-1.0844,-0.5,-0.5,-0.25,-0.5,-0.5,-1.0,-1.0,-1.0,-1.0,-1.0,-1.0
USOIL.dk,2015.04.27 16:00:00,-1.0,-1.0,SL,-1.7667,-1.7667,-0.5,-0.5,-0.25,-0.5,-0.5,-1.0,-1.0,-1.0,-1.0,-1.0,-1.0
USOIL.dk,2015.05.04 12:00:00,-1.0,-1.0,SL,,,-1.0,-1.0,-1.0,-1.0,-1.0,-1.0,-1.0,-1.0,-1.0,-1.0,-1.0
USOIL.dk,2015.05.07 12:00:00,-1.03,-1.0,SL,-1.2241,-1.2241,-0.5,-0.5,-0.25,-0.25,-0.25,-1.0,-1.0,-1.0,-1.0,-1.0,-1.0
USOIL.dk,2015.05.13 16:00:00,0.46,0.5,BE,-0.8888,-0.8888,-0.5,-0.5,-0.25,-0.25,-0.25,0.5,0.5,2.5003,0.1437,0.5,0.5
USOIL.dk,2015.05.22 12:00:00,0.5,0.5,BE,-0.4288,-0.4288,0.5,0.5,-0.25,0.5,1.0,0.5,0.5,0.0,0.5,0.5,0.5
USOIL.dk,2015.06.07 20:00:00,0.51,0.5,BE,-1.4236,-1.4236,-0.5,0.5,-0.25,0.5,0.625,0.25,0.0,0.0,0.5,0.5,0.5
USOIL.dk,2015.06.17 12:00:00,-1.01,-1.0,SL,,,-1.0,-1.0,-1.0,-1.0,-1.0,-1.0,-1.0,-1.0,-0.3797,-0.1693,-0.5169
USOIL.dk,2015.07.01 20:00:00,2.71,2.5003,TP,0.0883,0.0883,2.5003,2.5003,2.5003,2.5003,1.625,2.5003,2.5003,2.5003,0.1818,2.5003,2.5003
USOIL.dk,2015.07.28 16:00:00,-1.01,-1.0,SL,-2.3198,,-0.5,-1.0,-1.0,-0.75,-0.75,-1.0,-1.0,-1.0,-1.0,-1.0,-1.0
USOIL.dk,2015.07.31 00:00:00,2.5,2.5,TP,-0.4033,-0.4033,2.5,2.5,-0.25,-0.25,-0.25,2.5,2.5,2.5,2.5,2.5,2.5
USOIL.dk,2015.08.11 08:00:00,2.6,2.5004,TP,-0.0149,-0.0149,2.5004,2.5004,2.5004,2.5004,0.875,2.5004,2.5004,2.5004,2.5004,2.5004,2.5004
USOIL.dk,2015.08.25 12:00:00,0.51,0.5,BE,-0.8232,-0.8232,-0.5,-0.5,-0.25,-0.25,-0.25,0.25,0.0,0.0,0.5,0.5,0.5
USOIL.dk,2015.08.26 12:00:00,-1.02,-1.0,SL,-1.4657,-1.4657,-0.5,-0.5,-0.25,-0.5,-0.5,-1.0,-1.0,-1.0,-1.0,-1.0,-1.0
USOIL.dk,2015.09.01 20:00:00,-1.0,-1.0,SL,,,-1.0,-1.0,-1.0,-1.0,-1.0,-1.0,-1.0,-1.0,-0.577,-1.0,-1.0
USOIL.dk,2015.09.04 20:00:00,0.5,0.5,BE,-0.4265,-0.4265,0.5,0.5,-0.25,-0.25,-0.25,0.25,0.5,0.0,0.5,0.5,0.5
USOIL.dk,2015.09.11 08:00:00,0.47,0.5,BE,-0.5678,-0.5678,-0.5,-0.5,-0.25,-0.5,-0.5,0.25,0.0,0.0,0.5,0.5,0.5
USOIL.dk,2015.09.18 12:00:00,-1.0,-1.0,SL,-1.0286,-1.0286,-0.5,-0.5,-0.25,-0.5,-0.5,-1.0,-1.0,-1.0,-1.0,-1.0,-1.0
USOIL.dk,2015.09.23 12:00:00,0.48,0.5,BE,-0.4456,-0.4456,0.5,0.5,0.5,0.5,0.5,0.25,0.0,0.0,0.5,0.5,0.5
USOIL.dk,2015.10.12 12:00:00,2.72,0.5,BE,-0.0055,-0.0055,0.5,0.5,0.5,0.5,0.5,2.4994,2.4994,2.4994,0.5,0.5,0.5
USOIL.dk,2015.11.16 12:00:00,-1.0,-1.0,SL,,,-1.0,-1.0,-1.0,-1.0,-1.0,-1.0,-1.0,-1.0,-1.0,-1.0,-1.0
USOIL.dk,2015.11.17 00:00:00,0.51,0.5,BE,-0.522,-0.522,-0.5,0.5,0.5,0.5,0.875,0.5,0.5,0.0,0.5,0.5,0.5
USOIL.dk,2015.11.17 12:00:00,0.02,0.5,BE,-0.8818,-0.8818,0.5,0.5,0.5,0.5,0.5,0.25,0.0,0.0,-0.0364,0.5,0.5
USOIL.dk,2015.11.23 00:00:00,0.5,0.5,BE,-2.8174,-2.8174,-0.5,-0.5,-0.25,-0.25,-0.25,0.25,0.0,0.0,0.5,0.5,0.5
USOIL.dk,2015.11.26 16:00:00,0.5,0.5,BE,-0.045,-0.045,0.5,0.5,0.5,0.5,0.75,0.5,0.5,2.4992,0.5,0.5,0.5
USOIL.dk,2015.11.30 16:00:00,0.49,0.5,BE,-0.5915,-0.3756,-0.5,0.5,0.5,0.5,0.75,0.5,0.5,2.5,-0.0657,0.5,0.5
USOIL.dk,2015.12.04 12:00:00,2.72,2.4997,TP,-0.0152,0.3646,2.4997,2.4997,2.4997,2.4997,1.375,2.4997,2.4997,2.4997,0.4253,2.4997,2.4997
USOIL.dk,2016.01.13 12:00:00,0.51,0.5,BE,-0.9848,-0.9848,-0.5,-0.5,-0.25,-0.25,-0.25,0.5,0.5,0.0,0.5,0.5,0.5
USOIL.dk,2016.01.25 16:00:00,-1.0,-1.0,SL,-1.2111,-1.2111,-0.5,-0.5,-0.25,-0.5,-0.5,-1.0,-1.0,-1.0,-1.0,-1.0,-1.0
USOIL.dk,2016.01.27 08:00:00,-1.0,-1.0,SL,,,-1.0,-1.0,-1.0,-1.0,-1.0,-1.0,-1.0,-1.0,-1.0,-1.0,-1.0
USOIL.dk,2016.02.01 12:00:00,0.48,0.5,BE,-0.3199,-0.3199,0.5,0.5,0.5,0.5,0.75,0.5,0.5,0.0,0.5,0.5,0.5
USOIL.dk,2016.02.04 16:00:00,0.43,0.5,BE,-0.3535,-0.1281,0.5,0.5,0.5,0.5,1.375,0.5,0.5,0.0,0.5,0.5,0.5
USOIL.dk,2016.02.19 08:00:00,0.51,0.5,BE,-0.3016,-0.3016,0.5,0.5,0.5,0.5,0.75,0.5,0.5,0.0,0.5,0.5,0.5
USOIL.dk,2016.02.23 12:00:00,-1.01,-1.0,SL,-1.1703,-1.1703,-0.5,-0.5,-0.25,-0.25,-0.25,-1.0,-1.0,-1.0,-1.0,-1.0,-1.0
USOIL.dk,2016.03.14 08:00:00,0.47,0.5,BE,-0.4934,-0.4934,0.5,0.5,0.5,0.5,0.5,0.25,0.5,0.0,0.5,0.5,0.5
USOIL.dk,2016.03.23 20:00:00,0.51,0.5,BE,-0.3337,-0.3337,0.5,0.5,-0.25,0.5,1.125,0.5,0.5,0.0,0.5,0.5,0.5
USOIL.dk,2016.04.19 04:00:00,2.51,2.4994,TP,-0.6735,-0.6735,2.4994,2.4994,2.4994,2.4994,2.4994,2.4994,2.4994,2.4994,2.4994,2.4994,2.4994
USOIL.dk,2016.04.25 04:00:00,-1.0,-1.0,SL,,,-1.0,-1.0,-1.0,-1.0,-1.0,-1.0,-1.0,-1.0,-1.0,-1.0,-1.0
USOIL.dk,2016.04.25 08:00:00,-1.01,-1.0,SL,-1.261,-1.261,-0.5,-0.5,-0.25,-0.25,-0.25,-1.0,-1.0,-1.0,-1.0,-1.0,-1.0
USOIL.dk,2016.04.26 08:00:00,2.54,2.5008,TP,-0.2439,-0.2439,2.5008,2.5008,2.5008,2.5008,1.5,2.5008,2.5008,2.5008,2.5008,2.5008,2.5008
USOIL.dk,2016.05.04 20:00:00,0.48,0.5,BE,-0.3589,-0.3589,0.5,0.5,0.5,0.5,0.625,0.25,0.0,0.0,0.5,0.5,0.5
USOIL.dk,2016.05.06 12:00:00,-1.0,-1.0,SL,-1.0069,-1.0069,-0.5,-0.5,-0.25,-0.5,-0.5,-1.0,-1.0,-1.0,-1.0,-1.0,-1.0
USOIL.dk,2016.05.19 16:00:00,0.42,0.5,BE,-0.6369,-0.4704,-0.5,0.5,-0.25,0.5,0.625,0.25,0.5,0.0,-0.1127,-0.5194,-0.0735
USOIL.dk,2016.06.22 20:00:00,-1.01,-1.0,SL,-2.447,-2.447,-0.5,-0.5,-0.25,-0.25,-0.25,-1.0,-1.0,-1.0,-1.0,-1.0,-1.0
USOIL.dk,2016.07.06 20:00:00,-1.0,-1.0,SL,-1.5576,,-0.5,-1.0,-1.0,-0.75,-0.75,-1.0,-1.0,-1.0,-1.0,-1.0,-1.0
USOIL.dk,2016.07.12 08:00:00,-1.03,-1.0,SL,-1.1626,-1.1626,-0.5,-0.5,-0.25,-0.5,-0.5,-1.0,-1.0,-1.0,-1.0,-1.0,-1.0
USOIL.dk,2016.08.01 04:00:00,2.54,2.501,TP,-0.0203,-0.0203,2.501,2.501,2.501,2.501,1.625,2.501,2.501,2.501,2.501,2.501,2.501
USOIL.dk,2016.08.02 12:00:00,-1.0,-1.0,SL,,,-1.0,-1.0,-1.0,-1.0,-1.0,-1.0,-1.0,-1.0,-0.7749,-1.0,-1.0
USOIL.dk,2016.08.10 04:00:00,-1.01,-1.0,SL,,,-1.0,-1.0,-1.0,-1.0,-1.0,-1.0,-1.0,-1.0,-1.0,-1.0,-1.0
USOIL.dk,2016.08.10 12:00:00,-1.0,-1.0,SL,-1.2824,-1.2824,-0.5,-0.5,-0.25,-0.5,-0.5,-1.0,-1.0,-1.0,-1.0,-1.0,-1.0
USOIL.dk,2016.08.23 12:00:00,-1.0,-1.0,SL,-1.0762,,-0.5,-1.0,-1.0,-0.75,-0.75,-1.0,-1.0,-1.0,-1.0,-1.0,-1.0
USOIL.dk,2016.08.25 16:00:00,0.47,0.5,BE,-0.4021,-0.4021,0.5,0.5,0.5,0.5,0.5,0.25,0.0,0.0,0.5,0.5,0.5
USOIL.dk,2016.08.30 00:00:00,-1.0,-1.0,SL,-2.0273,-2.0273,-0.5,-0.5,-0.25,-0.25,-0.25,-1.0,-1.0,-1.0,-1.0,-1.0,-1.0
USOIL.dk,2016.09.06 16:00:00,0.48,0.5,BE,-0.3003,-0.3003,0.5,0.5,0.5,0.5,1.25,0.5,0.5,0.0,0.5,0.5,0.5
USOIL.dk,2016.09.12 12:00:00,-1.01,-1.0,SL,,,-1.0,-1.0,-1.0,-1.0,-1.0,-1.0,-1.0,-1.0,-0.8045,-1.0,-1.0
USOIL.dk,2016.09.26 12:00:00,-1.01,-1.0,SL,,,-1.0,-1.0,-1.0,-1.0,-1.0,-1.0,-1.0,-1.0,-1.0,-1.0,-1.0
USOIL.dk,2016.09.28 08:00:00,-1.01,-1.0,SL,,,-1.0,-1.0,-1.0,-1.0,-1.0,-1.0,-1.0,-1.0,-1.0,-1.0,-1.0
USOIL.dk,2016.09.28 12:00:00,2.56,2.5,TP,-0.1603,-0.1603,2.5,2.5,2.5,2.5,1.5,2.5,2.5,2.5,2.5,2.5,2.5
USOIL.dk,2016.10.10 08:00:00,0.49,0.5,BE,-0.2729,-0.2729,0.5,0.5,0.5,0.5,0.625,0.25,0.5,0.0,0.5,0.5,0.5
USOIL.dk,2016.10.13 16:00:00,0.47,0.5,BE,-0.8514,-0.8514,-0.5,-0.5,-0.25,-0.5,-0.5,0.25,0.5,0.0,0.5,0.5,0.5
USOIL.dk,2016.10.21 08:00:00,-1.0,-1.0,SL,,,-1.0,-1.0,-1.0,-1.0,-1.0,-1.0,-1.0,-1.0,-1.0,-1.0,-1.0
USOIL.dk,2016.10.21 16:00:00,-1.02,-1.0,SL,,,-1.0,-1.0,-1.0,-1.0,-1.0,-1.0,-1.0,-1.0,-1.0,-1.0,-1.0
USOIL.dk,2016.10.25 04:00:00,-1.02,-1.0,SL,-2.3858,-2.3858,-0.5,-0.5,-0.25,-0.5,-0.5,-1.0,-1.0,-1.0,-1.0,-1.0,-1.0
USOIL.dk,2016.10.27 12:00:00,-1.0,-1.0,SL,,,-1.0,-1.0,-1.0,-1.0,-1.0,-1.0,-1.0,-1.0,-0.7367,-1.0,-1.0
USOIL.dk,2016.11.10 12:00:00,0.48,0.5,BE,-0.2467,-0.2055,0.5,0.5,0.5,0.5,1.125,0.5,0.5,0.0,0.5,0.5,0.5
USOIL.dk,2016.11.17 16:00:00,-1.0,-1.0,SL,-1.2414,,-0.5,-1.0,-1.0,-0.75,-0.75,-1.0,-1.0,-1.0,-0.4055,-1.0,-1.0
USOIL.dk,2016.11.23 12:00:00,-1.02,-1.0,SL,-1.1938,,-0.5,-1.0,-1.0,-0.75,-0.75,-1.0,-1.0,-1.0,0.0775,-1.0,-1.0
USOIL.dk,2016.12.06 16:00:00,-1.03,-1.0,SL,-1.6386,,-0.5,-1.0,-1.0,-0.75,-0.75,-1.0,-1.0,-1.0,-1.0,-1.0,-1.0
USOIL.dk,2016.12.08 12:00:00,0.49,0.5,BE,-0.7885,-0.625,0.5,0.5,0.5,0.5,1.875,0.5,0.5,2.499,0.5,0.5,0.5
USOIL.dk,2016.12.16 12:00:00,0.68,0.5,BE,-0.3636,-0.3636,0.5,0.5,0.5,0.5,0.875,0.5,0.5,0.0,0.5,0.5,0.5
USOIL.dk,2017.01.11 16:00:00,0.48,0.5,BE,-0.864,-0.864,-0.5,-0.5,-0.25,-0.25,-0.25,0.25,0.5,0.0,0.5,0.5,0.5
USOIL.dk,2017.02.09 04:00:00,0.53,0.5,BE,-0.2529,-0.2529,0.5,0.5,-0.25,0.5,0.5,0.5,0.5,2.5,0.5,0.5,0.5
USOIL.dk,2017.02.09 16:00:00,0.49,0.5,BE,-0.6472,-0.6472,0.5,0.5,0.5,0.5,1.0,0.5,0.5,2.4979,0.5,0.5,0.5
USOIL.dk,2017.02.22 20:00:00,0.51,0.5,BE,-0.3971,-0.3971,0.5,0.5,0.5,0.5,0.625,0.25,0.0,0.0,0.5,0.5,0.5
USOIL.dk,2017.02.24 12:00:00,0.51,0.5,BE,-0.3881,-0.3881,0.5,0.5,0.5,0.5,0.5,0.25,0.0,0.0,0.5,0.5,0.5
USOIL.dk,2017.02.28 00:00:00,-1.23,-1.0,SL,-1.5686,,-0.5,-1.0,-1.0,-0.75,-0.75,-1.0,-1.0,-1.0,-1.0,-1.0,-1.0
USOIL.dk,2017.03.01 00:00:00,-1.08,-1.0,SL,-1.4883,,-0.5,-1.0,-1.0,-0.75,-0.75,-1.0,-1.0,-1.0,-0.4281,-1.0,-1.0
USOIL.dk,2017.03.19 20:00:00,0.5,0.5,BE,-0.3503,-0.3503,0.5,0.5,0.5,0.5,1.0,0.5,0.5,0.0,0.5,0.5,0.5
USOIL.dk,2017.03.21 12:00:00,0.51,0.5,BE,-0.2517,-0.2517,0.5,0.5,0.5,0.5,0.625,0.25,0.0,0.0,0.5,0.5,0.5
USOIL.dk,2017.03.23 08:00:00,0.52,0.5,BE,-0.1645,-0.1645,0.5,0.5,0.5,0.5,1.0,0.5,0.5,0.0,0.5,0.5,0.5
USOIL.dk,2017.03.27 00:00:00,0.5,0.5,BE,-0.0,-0.0,0.5,0.5,0.5,0.5,0.5,0.5,0.0,0.0,0.5,0.5,0.5
USOIL.dk,2017.04.13 00:00:00,0.53,0.5,BE,-0.3801,-0.3509,0.5,0.5,-0.25,0.5,0.5,0.25,0.0,0.0,0.5,0.5,0.5
USOIL.dk,2017.04.16 20:00:00,-1.14,-1.0,SL,,,-1.0,-1.0,-1.0,-1.0,-1.0,-1.0,-1.0,-1.0,-1.0,-1.0,-1.0
USOIL.dk,2017.05.02 12:00:00,2.5,2.5,TP,-0.0339,-0.0339,2.5,2.5,2.5,2.5,2.5,2.5,2.5,2.5,2.5,2.5,2.5
USOIL.dk,2017.05.08 04:00:00,-1.0,-1.0,SL,-1.7229,-1.7229,-0.5,-0.5,-0.25,-0.5,-0.5,-1.0,-1.0,-1.0,-1.0,-1.0,-1.0
USOIL.dk,2017.05.16 20:00:00,-1.03,-1.0,SL,,,-1.0,-1.0,-1.0,-1.0,-1.0,-1.0,-1.0,-1.0,-1.0,-1.0,-1.0
USOIL.dk,2017.05.18 08:00:00,-1.0,-1.0,SL,,,-1.0,-1.0,-1.0,-1.0,-1.0,-1.0,-1.0,-1.0,-1.0,-1.0,-1.0
USOIL.dk,2017.05.29 12:00:00,-1.0,-1.0,SL,,,-1.0,-1.0,-1.0,-1.0,-1.0,-1.0,-1.0,-1.0,-1.0,-1.0,-1.0
USOIL.dk,2017.06.05 04:00:00,0.49,0.5,BE,-0.6923,-0.6923,0.5,0.5,0.5,0.5,1.0,0.5,0.5,2.5,0.5,0.5,0.5
USOIL.dk,2017.06.07 12:00:00,0.42,0.5,BE,-0.2882,-0.1813,0.5,0.5,0.5,0.5,0.875,0.5,0.5,0.0,0.093,-0.0186,-0.2417
USOIL.dk,2017.07.05 12:00:00,-1.0,-1.0,SL,-1.0281,-1.0281,-0.5,-0.5,-0.25,-0.25,-0.25,-1.0,-1.0,-1.0,-0.4112,-1.0,-1.0
USOIL.dk,2017.08.02 12:00:00,-1.03,-1.0,SL,-1.1522,-1.1522,-0.5,-0.5,-0.25,-0.5,-0.5,-1.0,-1.0,-1.0,-1.0,-1.0,-1.0
USOIL.dk,2017.08.18 20:00:00,-1.0,-1.0,SL,,,-1.0,-1.0,-1.0,-1.0,-1.0,-1.0,-1.0,-1.0,-0.6636,-0.4441,-0.1685
USOIL.dk,2017.08.28 12:00:00,-1.0,-1.0,SL,-1.1715,-1.1715,-0.5,-0.5,-0.25,-0.5,-0.5,-1.0,-1.0,-1.0,0.251,-0.1883,-1.0
USOIL.dk,2017.09.08 20:00:00,-1.0,-1.0,SL,-1.1345,,-0.5,-1.0,-1.0,-0.75,-0.75,-1.0,-1.0,-1.0,-0.2677,-0.427,-1.0
USOIL.dk,2017.09.18 16:00:00,0.5,0.5,BE,-0.7763,-0.7763,-0.5,-0.5,-0.25,-0.5,-0.5,0.5,0.5,0.0,0.5,0.5,0.5
USOIL.dk,2017.10.05 12:00:00,-1.04,-1.0,SL,,,-1.0,-1.0,-1.0,-1.0,-1.0,-1.0,-1.0,-1.0,-1.0,-1.0,-1.0
USOIL.dk,2017.10.10 08:00:00,0.48,0.5,BE,-0.1952,-0.1952,0.5,0.5,0.5,0.5,0.875,0.5,0.5,2.5,0.5,0.5,0.5
USOIL.dk,2017.10.12 20:00:00,2.51,2.5008,TP,-0.0329,0.2467,2.5008,2.5008,2.5008,2.5008,0.75,2.5008,2.5008,2.5008,2.5008,2.5008,2.5008
USOIL.dk,2017.10.27 12:00:00,2.51,2.5,TP,0.0063,0.0567,2.5,2.5,2.5,2.5,1.25,2.5,2.5,2.5,0.0946,0.1955,2.5
USOIL.dk,2018.01.05 16:00:00,2.52,2.4989,TP,-0.3786,-0.3786,2.4989,2.4989,-0.25,-0.25,-0.25,2.4989,2.4989,2.4989,2.4989,2.4989,2.4989
USOIL.dk,2018.01.12 08:00:00,-1.03,-1.0,SL,,,-1.0,-1.0,-1.0,-1.0,-1.0,-1.0,-1.0,-1.0,-1.0,-1.0,-1.0
USOIL.dk,2018.01.12 12:00:00,0.5,0.5,BE,-0.404,-0.404,0.5,0.5,0.5,0.5,1.375,0.5,0.5,0.0,0.5,0.5,0.5
USOIL.dk,2018.01.17 16:00:00,-1.01,-1.0,SL,-1.6228,-1.6228,-0.5,-0.5,-0.25,-0.5,-0.5,-1.0,-1.0,-1.0,-1.0,-1.0,-1.0
USOIL.dk,2018.01.22 16:00:00,2.53,2.5,TP,-0.077,-0.077,2.5,2.5,2.5,2.5,2.5,2.5,2.5,2.5,2.5,2.5,2.5
USOIL.dk,2018.01.26 00:00:00,0.51,0.5,BE,-0.4571,-0.4571,0.5,0.5,0.5,0.5,1.0,0.5,0.5,0.0,0.5,0.5,0.5
USOIL.dk,2018.01.31 20:00:00,0.51,0.5,BE,-0.3575,-0.3575,0.5,0.5,0.5,0.5,0.625,0.25,0.5,0.0,0.5,0.5,0.5
USOIL.dk,2018.02.02 16:00:00,-1.01,-1.0,SL,,,-1.0,-1.0,-1.0,-1.0,-1.0,-1.0,-1.0,-1.0,-0.3693,-1.0,-1.0
USOIL.dk,2018.02.14 16:00:00,0.5,0.5,BE,-0.395,-0.2203,0.5,0.5,0.5,0.5,0.625,2.5004,0.5,2.5004,0.2659,0.338,0.5
USOIL.dk,2018.03.29 12:00:00,-1.01,-1.0,SL,-2.4903,-2.4903,-0.5,-0.5,-0.25,-0.5,-0.5,-1.0,-1.0,-1.0,-1.0,-1.0,-1.0
USOIL.dk,2018.04.05 00:00:00,-1.09,-1.0,SL,-1.156,-1.156,-0.5,-0.5,-0.25,-0.5,-0.5,-1.0,-1.0,-1.0,-1.0,-1.0,-1.0
USOIL.dk,2018.04.09 12:00:00,2.57,2.5,TP,-0.0924,0.3233,2.5,2.5,2.5,2.5,1.625,2.5,2.5,2.5,2.5,2.5,2.5
USOIL.dk,2018.04.20 12:00:00,-1.0,-1.0,SL,-1.3468,,-0.5,-1.0,-1.0,-0.75,-0.75,-1.0,-1.0,-1.0,-0.0477,-1.0,-1.0
USOIL.dk,2018.04.23 16:00:00,-1.0,-1.0,SL,,,-1.0,-1.0,-1.0,-1.0,-1.0,-1.0,-1.0,-1.0,-0.6406,-0.5188,-0.4129
USOIL.dk,2018.05.08 16:00:00,0.47,0.5,BE,-0.3468,-0.3468,0.5,0.5,0.5,0.5,0.625,0.25,0.5,0.0,0.5,0.5,0.5
USOIL.dk,2018.05.30 12:00:00,-1.0,-1.0,SL,,,-1.0,-1.0,-1.0,-1.0,-1.0,-1.0,-1.0,-1.0,-0.6409,-1.0,-1.0
USOIL.dk,2018.06.06 00:00:00,-1.01,-1.0,SL,,,-1.0,-1.0,-1.0,-1.0,-1.0,-1.0,-1.0,-1.0,-1.0,-1.0,-1.0
USOIL.dk,2018.06.07 08:00:00,0.51,0.5,BE,-0.508,-0.508,0.5,0.5,0.5,0.5,0.5,0.25,0.5,0.0,0.5,0.5,0.5
USOIL.dk,2018.06.08 16:00:00,-1.16,-1.0,SL,,,-1.0,-1.0,-1.0,-1.0,-1.0,-1.0,-1.0,-1.0,-1.0,-1.0,-1.0
USOIL.dk,2018.06.11 12:00:00,-1.0,-1.0,SL,-1.1514,-1.1514,-0.5,-0.5,-0.25,-0.5,-0.5,-1.0,-1.0,-1.0,0.0977,0.2233,-1.0
USOIL.dk,2018.06.18 16:00:00,2.6,2.4997,TP,-0.7964,0.1907,-0.5,2.4997,2.4997,-0.75,-0.75,2.4997,2.4997,2.4997,-0.3758,-0.1234,-0.0168
USOIL.dk,2018.07.03 16:00:00,-1.02,-1.0,SL,-1.0858,-1.0858,-0.5,-0.5,-0.25,-0.5,-0.5,-1.0,-1.0,-1.0,-1.0,-1.0,-1.0
USOIL.dk,2018.07.06 12:00:00,-1.0,-1.0,SL,-2.1774,-2.1774,-0.5,-0.5,-0.25,-0.5,-0.5,-1.0,-1.0,-1.0,-0.1325,0.1613,-1.0
USOIL.dk,2018.07.18 16:00:00,-1.0,-1.0,SL,-1.0367,-1.0367,-0.5,-0.5,-0.25,-0.5,-0.5,-1.0,-1.0,-1.0,-1.0,-1.0,-1.0
USOIL.dk,2018.08.02 12:00:00,-1.0,-1.0,SL,-1.2139,,-0.5,-1.0,-1.0,-0.75,-0.75,-1.0,-1.0,-1.0,-0.448,0.236,0.3613
USOIL.dk,2018.08.29 00:00:00,2.53,2.5025,TP,-0.4478,-0.4478,2.5025,2.5025,2.5025,2.5025,1.75,2.5025,2.5025,2.5025,2.5025,2.5025,2.5025
USOIL.dk,2018.09.03 04:00:00,2.51,2.4965,TP,-0.0351,-0.0351,2.4965,2.4965,2.4965,2.4965,2.4965,2.4965,2.4965,2.4965,2.4965,2.4965,2.4965
USOIL.dk,2018.09.10 04:00:00,-1.01,-1.0,SL,-1.6923,,-0.5,-1.0,-1.0,-0.75,-0.75,-1.0,-1.0,-1.0,-1.0,-1.0,-1.0
USOIL.dk,2018.09.11 12:00:00,0.5,0.5,BE,-0.058,-0.058,0.5,0.5,0.5,0.5,0.5,0.25,2.4994,2.4994,0.5,0.5,0.5
USOIL.dk,2018.09.14 12:00:00,2.5,2.5003,TP,-0.5584,-0.0698,2.5003,2.5003,2.5003,2.5003,2.5003,2.5003,2.5003,2.5003,0.019,0.2094,2.5003
USOIL.dk,2018.10.03 12:00:00,0.47,0.5,BE,-0.3386,-0.3386,0.5,0.5,0.5,0.5,0.5,0.25,0.0,0.0,0.5,0.5,0.5
USOIL.dk,2018.10.09 00:00:00,-1.0,-1.0,SL,-1.5217,-1.5217,-0.5,-0.5,-0.25,-0.5,-0.5,-1.0,-1.0,-1.0,-1.0,-1.0,-1.0
USOIL.dk,2018.10.16 20:00:00,-1.01,-1.0,SL,,,-1.0,-1.0,-1.0,-1.0,-1.0,-1.0,-1.0,-1.0,-1.0,-1.0,-1.0
USOIL.dk,2018.10.26 20:00:00,-1.01,-1.0,SL,-1.0075,,-0.5,-1.0,-1.0,-0.75,-0.75,-1.0,-1.0,-1.0,-1.0,-1.0,-1.0
USOIL.dk,2018.10.31 08:00:00,2.54,2.4992,TP,-0.3945,-0.3945,2.4992,2.4992,2.4992,2.4992,2.4992,2.4992,2.4992,2.4992,2.4992,2.4992,2.4992
USOIL.dk,2018.11.05 16:00:00,0.48,0.5,BE,-0.3443,-0.3443,0.5,0.5,0.5,0.5,0.5,2.5007,2.5007,2.5007,0.5,0.5,0.5
USOIL.dk,2018.11.07 12:00:00,2.72,2.4998,TP,-0.0347,-0.0198,2.4998,2.4998,2.4998,2.4998,1.5,2.4998,2.4998,2.4998,0.0842,2.4998,2.4998
USOIL.dk,2018.11.20 16:00:00,0.43,0.5,BE,-0.2926,-0.2926,0.5,0.5,-0.25,-0.25,-0.25,0.5,0.5,0.0,-0.2498,-0.1261,0.5
USOIL.dk,2019.01.14 00:00:00,-1.01,-1.0,SL,-1.0086,-1.0086,-0.5,-0.5,-0.25,-0.5,-0.5,-1.0,-1.0,-1.0,-1.0,-1.0,-1.0
USOIL.dk,2019.01.17 08:00:00,-1.0,-1.0,SL,-1.359,-1.359,-0.5,-0.5,-0.25,-0.5,-0.5,-1.0,-1.0,-1.0,-1.0,-1.0,-1.0
USOIL.dk,2019.01.22 08:00:00,0.5,0.5,BE,-0.6652,-0.6652,-0.5,-0.5,-0.25,-0.25,-0.25,0.25,0.0,0.0,0.5,0.5,0.5
USOIL.dk,2019.02.01 00:00:00,-1.05,-1.0,SL,,,-1.0,-1.0,-1.0,-1.0,-1.0,-1.0,-1.0,-1.0,-1.0,-1.0,-1.0
USOIL.dk,2019.02.04 12:00:00,0.43,0.5,BE,-0.2562,-0.1402,0.5,0.5,0.5,0.5,0.5,0.25,0.5,0.0,-0.3432,-0.1498,0.5
USOIL.dk,2019.02.25 12:00:00,-1.0,-1.0,SL,-1.0017,,-0.5,-1.0,-1.0,-0.75,-0.75,-1.0,-1.0,-1.0,0.1013,-0.7822,-0.7541
USOIL.dk,2019.03.01 12:00:00,0.49,0.5,BE,-0.42,-0.42,0.5,0.5,-0.25,-0.25,-0.25,0.5,0.5,0.0,0.5,0.5,0.5
USOIL.dk,2019.03.25 20:00:00,0.49,0.5,BE,-0.3429,-0.3429,0.5,0.5,0.5,0.5,0.5,0.25,2.5,2.5,0.5,0.5,0.5
USOIL.dk,2019.03.28 16:00:00,2.57,2.5,TP,0.0324,0.1298,2.5,2.5,2.5,2.5,2.5,2.5,2.5,2.5,2.5,2.5,2.5
USOIL.dk,2019.04.12 08:00:00,-1.01,-1.0,SL,,,-1.0,-1.0,-1.0,-1.0,-1.0,-1.0,-1.0,-1.0,-1.0,-1.0,-1.0
USOIL.dk,2019.04.16 16:00:00,0.49,0.5,BE,-0.5966,-0.2605,-0.5,0.5,0.5,0.5,1.0,0.5,0.5,0.0,-0.3445,-0.1261,0.5
USOIL.dk,2019.04.30 08:00:00,-1.0,-1.0,SL,-1.0583,,-0.5,-1.0,-1.0,-0.75,-0.75,-1.0,-1.0,-1.0,-1.0,-1.0,-1.0
USOIL.dk,2019.05.19 20:00:00,-1.0,-1.0,SL,-1.0232,,-0.5,-1.0,-1.0,-0.75,-0.75,-1.0,-1.0,-1.0,-1.0,-1.0,-1.0
USOIL.dk,2019.05.20 12:00:00,-1.01,-1.0,SL,-1.0765,-1.0765,-0.5,-0.5,-0.25,-0.25,-0.25,-1.0,-1.0,-1.0,-1.0,-1.0,-1.0
USOIL.dk,2019.06.10 16:00:00,0.51,0.5,BE,-0.2313,-0.0925,0.5,0.5,0.5,0.5,0.875,0.5,0.5,0.0,0.0154,0.5,0.5
USOIL.dk,2019.06.13 12:00:00,-1.01,-1.0,SL,-1.563,,-0.5,-1.0,-1.0,-0.75,-0.75,-1.0,-1.0,-1.0,-0.4559,0.1302,0.1664
USOIL.dk,2019.07.15 04:00:00,0.53,-1.0,SL,-1.763,-1.763,-0.5,-0.5,-0.25,-0.25,-0.25,-1.0,-1.0,-1.0,-1.0,-1.0,-1.0
USOIL.dk,2019.07.22 08:00:00,-1.03,-1.0,SL,-1.4737,-1.4737,-0.5,-0.5,-0.25,-0.25,-0.25,-1.0,-1.0,-1.0,-1.0,-1.0,-1.0
USOIL.dk,2019.07.24 12:00:00,0.49,0.5,BE,-0.3315,-0.3315,0.5,0.5,0.5,0.5,0.5,0.25,0.0,0.0,0.5,0.5,0.5
USOIL.dk,2019.07.25 12:00:00,-1.01,-1.0,SL,-1.0202,-1.0202,-0.5,-0.5,-0.25,-0.5,-0.5,-1.0,-1.0,-1.0,-1.0,-1.0,-1.0
USOIL.dk,2019.08.01 12:00:00,2.63,2.5,TP,-0.0586,-0.0586,2.5,2.5,2.5,2.5,1.25,2.5,2.5,2.5,2.5,2.5,2.5
USOIL.dk,2019.08.14 12:00:00,-1.01,-1.0,SL,,,-1.0,-1.0,-1.0,-1.0,-1.0,-1.0,-1.0,-1.0,-0.1508,-0.2852,-0.3871
USOIL.dk,2019.08.21 16:00:00,0.48,0.5,BE,-0.4505,-0.4505,0.5,0.5,0.5,0.5,1.0,0.5,0.5,0.0,0.5,0.5,0.5
USOIL.dk,2019.08.30 12:00:00,0.47,0.5,BE,-0.6793,-0.6793,0.5,0.5,0.5,0.5,0.625,0.25,0.0,0.0,-0.0,0.5,0.5
USOIL.dk,2019.09.06 08:00:00,-1.0,-1.0,SL,-1.3109,-1.3109,-0.5,-0.5,-0.25,-0.5,-0.5,-1.0,-1.0,-1.0,-1.0,-1.0,-1.0
USOIL.dk,2019.10.07 16:00:00,0.49,0.5,BE,-0.6883,-0.6883,-0.5,-0.5,-0.25,-0.25,-0.25,0.25,0.0,0.0,0.5,0.5,0.5
USOIL.dk,2019.10.14 08:00:00,-1.02,-1.0,SL,-1.3618,-1.3618,-0.5,-0.5,-0.25,-0.25,-0.25,-1.0,-1.0,-1.0,-1.0,-1.0,-1.0
USOIL.dk,2019.10.28 16:00:00,0.46,0.5,BE,-0.1022,-0.1022,0.5,0.5,0.5,0.5,0.5,0.5,0.5,0.0,0.5,0.5,0.5
USOIL.dk,2019.11.06 20:00:00,-1.01,-1.0,SL,-1.0638,,-0.5,-1.0,-1.0,-0.75,-0.75,-1.0,-1.0,-1.0,-0.4191,-0.7286,-0.3868
USOIL.dk,2019.11.21 08:00:00,2.53,2.4987,TP,-0.2344,-0.2344,2.4987,2.4987,2.4987,2.4987,2.4987,2.4987,2.4987,2.4987,2.4987,2.4987,2.4987
USOIL.dk,2019.11.21 16:00:00,-1.0,-1.0,SL,,,-1.0,-1.0,-1.0,-1.0,-1.0,-1.0,-1.0,-1.0,-0.2883,-0.3678,-0.2336
USOIL.dk,2019.12.06 12:00:00,2.63,2.4991,TP,-0.5802,-0.5802,-0.5,-0.5,-0.25,-0.5,-0.5,2.4991,2.4991,2.4991,-0.2645,2.4991,2.4991
USOIL.dk,2020.01.03 00:00:00,0.47,0.5,BE,-0.3142,-0.3142,0.5,0.5,-0.25,-0.25,-0.25,0.25,0.0,0.0,0.5,0.5,0.5
USOIL.dk,2020.01.16 12:00:00,0.54,0.5,BE,-0.068,-0.068,0.5,0.5,0.5,0.5,0.625,0.25,0.5,0.0,0.5,0.5,0.5
USOIL.dk,2020.01.29 08:00:00,-1.0,-1.0,SL,,,-1.0,-1.0,-1.0,-1.0,-1.0,-1.0,-1.0,-1.0,-1.0,-1.0,-1.0
USOIL.dk,2020.01.29 12:00:00,0.49,0.5,BE,-0.3217,-0.3217,0.5,0.5,0.5,0.5,0.75,0.5,0.5,0.0,0.5,0.5,0.5
USOIL.dk,2020.01.31 04:00:00,2.55,2.4991,TP,-0.2573,-0.2573,2.4991,2.4991,2.4991,2.4991,1.125,2.4991,2.4991,2.4991,2.4991,2.4991,2.4991
USOIL.dk,2020.02.04 12:00:00,-1.0,-1.0,SL,-1.112,-1.112,-0.5,-0.5,-0.25,-0.25,-0.25,-1.0,-1.0,-1.0,-1.0,-1.0,-1.0
USOIL.dk,2020.02.06 12:00:00,-1.0,-1.0,SL,-1.0266,-1.0266,-0.5,-0.5,-0.25,-0.25,-0.25,-1.0,-1.0,-1.0,-0.019,-1.0,-1.0
USOIL.dk,2020.02.18 00:00:00,0.49,0.5,BE,-0.625,-0.625,0.5,0.5,-0.25,-0.25,-0.25,0.25,0.0,0.0,0.5,0.5,0.5
USOIL.dk,2020.02.21 08:00:00,2.62,2.5,TP,-0.6897,0.1864,-0.5,2.5,2.5,2.5,1.0,2.5,2.5,2.5,2.5,2.5,2.5
USOIL.dk,2020.03.03 20:00:00,4.81,2.4997,TP,-0.2477,-0.0403,2.4997,2.4997,2.4997,2.4997,2.4997,2.4997,2.4997,2.4997,-0.1901,2.4997,2.4997
USOIL.dk,2020.03.11 04:00:00,2.62,2.4998,TP,-0.0334,0.0836,2.4998,2.4998,2.4998,2.4998,0.75,2.4998,2.4998,2.4998,2.4998,2.4998,2.4998
USOIL.dk,2020.03.20 12:00:00,-1.0,-1.0,SL,-1.073,-1.073,-0.5,-0.5,-0.25,-0.25,-0.25,-1.0,-1.0,-1.0,-1.0,-1.0,-1.0
USOIL.dk,2020.04.07 16:00:00,-1.0,-1.0,SL,-1.0288,,-0.5,-1.0,-1.0,-0.75,-0.75,-1.0,-1.0,-1.0,-0.625,-1.0,-1.0
USOIL.dk,2020.04.09 16:00:00,0.17,0.5,BE,-0.2676,-0.2676,0.5,0.5,0.5,0.5,0.625,0.5,0.5,0.0,0.1095,0.5,0.5
USOIL.dk,2020.04.21 04:00:00,2.76,2.4998,TP,-0.0667,-0.0667,2.4998,2.4998,2.4998,2.4998,1.5,2.4998,2.4998,2.4998,2.4998,2.4998,2.4998
USOIL.dk,2020.04.26 20:00:00,2.55,2.5006,TP,-0.0445,-0.0445,2.5006,2.5006,2.5006,2.5006,2.5006,2.5006,2.5006,2.5006,2.5006,2.5006,2.5006
USOIL.dk,2020.05.22 00:00:00,-1.0,-1.0,SL,,,-1.0,-1.0,-1.0,-1.0,-1.0,-1.0,-1.0,-1.0,-0.4388,-0.865,-1.0
USOIL.dk,2020.05.27 12:00:00,0.49,0.5,BE,-0.3668,-0.3668,0.5,0.5,0.5,0.5,0.75,0.5,0.5,0.0,0.5,0.5,0.5
USOIL.dk,2020.05.29 04:00:00,-1.01,-1.0,SL,,,-1.0,-1.0,-1.0,-1.0,-1.0,-1.0,-1.0,-1.0,-1.0,-1.0,-1.0
USOIL.dk,2020.06.09 04:00:00,-1.0,-1.0,SL,-1.1249,-1.1249,-0.5,-0.5,-0.25,-0.5,-0.5,-1.0,-1.0,-1.0,-1.0,-1.0,-1.0
USOIL.dk,2020.06.10 00:00:00,-1.0,-1.0,SL,-1.7109,,-0.5,-1.0,-1.0,-0.75,-0.75,-1.0,-1.0,-1.0,-1.0,-1.0,-1.0
USOIL.dk,2020.06.11 00:00:00,0.48,0.5,BE,-0.4486,-0.4486,0.5,0.5,0.5,0.5,1.125,0.5,0.5,0.0,0.5,0.5,0.5
USOIL.dk,2020.06.26 08:00:00,0.5,0.5,BE,-0.4799,-0.4799,0.5,0.5,0.5,0.5,0.625,0.25,0.5,0.0,0.5,0.5,0.5
USOIL.dk,2020.07.08 20:00:00,-1.01,-1.0,SL,,,-1.0,-1.0,-1.0,-1.0,-1.0,-1.0,-1.0,-1.0,-1.0,-1.0,-1.0
USOIL.dk,2020.07.10 20:00:00,0.5,0.5,BE,-0.2877,-0.2877,0.5,0.5,-0.25,0.5,0.625,0.25,0.5,0.0,-0.4565,-0.1126,0.5
USOIL.dk,2020.08.06 12:00:00,-1.02,-1.0,SL,,,-1.0,-1.0,-1.0,-1.0,-1.0,-1.0,-1.0,-1.0,-1.0,-1.0,-1.0
USOIL.dk,2020.08.10 00:00:00,0.5,0.5,BE,-0.494,-0.494,0.5,0.5,0.5,0.5,0.875,0.5,0.5,0.0,0.5,0.5,0.5
USOIL.dk,2020.08.12 04:00:00,0.5,0.5,BE,-0.1884,-0.1884,0.5,0.5,0.5,0.5,0.625,0.25,0.5,0.0,0.5,0.5,0.5
USOIL.dk,2020.08.14 20:00:00,0.51,0.5,BE,-0.6687,-0.6687,-0.5,0.5,0.5,0.5,0.5,0.25,0.5,0.0,0.5,0.5,0.5
USOIL.dk,2020.08.18 12:00:00,-1.0,-1.0,SL,-1.7119,-1.7119,-0.5,-0.5,-0.25,-0.25,-0.25,-1.0,-1.0,-1.0,-1.0,-1.0,-1.0
USOIL.dk,2020.08.20 12:00:00,-1.01,-1.0,SL,,,-1.0,-1.0,-1.0,-1.0,-1.0,-1.0,-1.0,-1.0,-1.0,-1.0,-1.0
USOIL.dk,2020.08.24 04:00:00,0.53,0.5,BE,-0.6982,-0.6982,-0.5,-0.5,-0.25,-0.5,-0.5,0.5,0.5,0.0,0.5,0.5,0.5
USOIL.dk,2020.08.27 12:00:00,-1.0,-1.0,SL,-1.8182,,-0.5,-1.0,-1.0,-0.75,-0.75,-1.0,-1.0,-1.0,-0.2386,0.2386,-0.125
USOIL.dk,2020.09.09 20:00:00,0.51,0.5,BE,-0.5398,-0.4499,0.5,0.5,-0.25,0.5,0.5,0.25,0.0,0.0,0.5,0.5,0.5
USOIL.dk,2020.09.11 16:00:00,0.54,0.5,BE,-0.4558,-0.4558,0.5,0.5,0.5,0.5,0.625,0.5,0.0,0.0,0.5,0.5,0.5
USOIL.dk,2020.09.14 04:00:00,0.51,0.5,BE,-0.3202,-0.3202,0.5,0.5,0.5,0.5,0.5,0.25,0.0,0.0,0.5,0.5,0.5
USOIL.dk,2020.09.14 08:00:00,0.49,0.5,BE,-0.4368,-0.4368,0.5,0.5,0.5,0.5,0.5,0.25,0.0,0.0,0.5,0.5,0.5
USOIL.dk,2020.09.14 12:00:00,-1.01,-1.0,SL,-1.7489,,-0.5,-1.0,-1.0,-0.75,-0.75,-1.0,-1.0,-1.0,-1.0,-1.0,-1.0
USOIL.dk,2020.09.22 08:00:00,-1.05,-1.0,SL,-1.3003,-1.3003,-0.5,-0.5,-0.25,-0.5,-0.5,-1.0,-1.0,-1.0,-1.0,-1.0,-1.0
USOIL.dk,2020.09.23 12:00:00,-1.07,-1.0,SL,,,-1.0,-1.0,-1.0,-1.0,-1.0,-1.0,-1.0,-1.0,-1.0,-1.0,-1.0
USOIL.dk,2020.09.23 16:00:00,0.48,0.5,BE,-0.9849,-0.7149,-0.5,-0.5,-0.25,-0.75,-0.75,0.5,0.5,0.0,-0.5322,-0.3971,-0.7069
USOIL.dk,2020.10.14 04:00:00,-1.02,-1.0,SL,,,-1.0,-1.0,-1.0,-1.0,-1.0,-1.0,-1.0,-1.0,-1.0,-1.0,-1.0
USOIL.dk,2020.10.27 20:00:00,2.56,2.5005,TP,0.0391,0.0391,2.5005,2.5005,2.5005,2.5005,1.875,2.5005,2.5005,2.5005,2.5005,2.5005,2.5005
USOIL.dk,2020.11.06 00:00:00,-1.0,-1.0,SL,-1.8904,-1.8904,-0.5,-0.5,-0.25,-0.25,-0.25,-1.0,-1.0,-1.0,-1.0,-1.0,-1.0
USOIL.dk,2020.11.19 04:00:00,-1.03,-1.0,SL,,,-1.0,-1.0,-1.0,-1.0,-1.0,-1.0,-1.0,-1.0,-1.0,-1.0,-1.0
USOIL.dk,2020.11.19 12:00:00,2.53,2.4983,TP,-0.4491,-0.2936,2.4983,2.4983,2.4983,2.4983,1.25,2.4983,2.4983,2.4983,2.4983,2.4983,2.4983
USOIL.dk,2020.11.27 08:00:00,-1.01,-1.0,SL,,,-1.0,-1.0,-1.0,-1.0,-1.0,-1.0,-1.0,-1.0,-1.0,-1.0,-1.0
USOIL.dk,2020.11.30 12:00:00,-1.01,-1.0,SL,-1.3098,-1.3098,-0.5,-0.5,-0.25,-0.5,-0.5,-1.0,-1.0,-1.0,-1.0,-1.0,-1.0
USOIL.dk,2020.12.02 12:00:00,0.61,0.5,BE,-0.394,-0.394,0.5,0.5,-0.25,-0.25,-0.25,2.5009,0.5,2.5009,0.5,0.5,0.5
USOIL.dk,2020.12.09 20:00:00,0.52,2.5006,TP,-0.0622,-0.0622,2.5006,2.5006,2.5006,2.5006,1.25,2.5006,2.5006,2.5006,2.5006,2.5006,2.5006
USOIL.dk,2020.12.14 16:00:00,0.46,0.5,BE,-0.5442,-0.5442,0.5,0.5,0.5,0.5,0.875,0.5,0.5,2.4996,0.5,0.5,0.5
USOIL.dk,2020.12.23 12:00:00,2.59,2.5,TP,-0.4282,-0.4282,2.5,2.5,-0.25,-0.25,-0.25,2.5,2.5,2.5,-0.0574,2.5,2.5
USOIL.dk,2021.02.09 12:00:00,0.48,0.5,BE,-0.1653,-0.1653,0.5,0.5,0.5,0.5,0.625,0.25,0.5,2.5,0.5,0.5,0.5
USOIL.dk,2021.02.12 12:00:00,2.56,2.5004,TP,-0.0787,-0.0787,2.5004,2.5004,2.5004,2.5004,1.0,2.5004,2.5004,2.5004,2.5004,2.5004,2.5004
USOIL.dk,2021.02.24 12:00:00,-1.0,-1.0,SL,-1.441,,-0.5,-1.0,-1.0,-0.75,-0.75,-1.0,-1.0,-1.0,0.0771,-0.3325,-0.4096
USOIL.dk,2021.03.03 08:00:00,2.58,2.5,TP,-0.4044,-0.2206,2.5,2.5,2.5,2.5,2.5,2.5,2.5,2.5,2.5,2.5,2.5
USOIL.dk,2021.03.09 00:00:00,-1.0,-1.0,SL,,,-1.0,-1.0,-1.0,-1.0,-1.0,-1.0,-1.0,-1.0,-1.0,-1.0,-1.0
USOIL.dk,2021.03.09 08:00:00,-1.0,-1.0,SL,,,-1.0,-1.0,-1.0,-1.0,-1.0,-1.0,-1.0,-1.0,-1.0,-1.0,-1.0
USOIL.dk,2021.03.10 20:00:00,0.5,0.5,BE,-0.3592,-0.3592,0.5,0.5,0.5,0.5,0.5,0.25,0.5,0.0,0.5,0.5,0.5
USOIL.dk,2021.03.17 04:00:00,-1.0,-1.0,SL,,,-1.0,-1.0,-1.0,-1.0,-1.0,-1.0,-1.0,-1.0,-1.0,-1.0,-1.0
USOIL.dk,2021.03.24 12:00:00,-1.0,-1.0,SL,,,-1.0,-1.0,-1.0,-1.0,-1.0,-1.0,-1.0,-1.0,-1.0,-1.0,-1.0
USOIL.dk,2021.03.26 04:00:00,0.5,0.5,BE,-0.25,-0.2051,0.5,0.5,0.5,0.5,0.5,0.5,0.5,0.0,0.5,0.5,0.5
USOIL.dk,2021.03.29 04:00:00,0.5,0.5,BE,-0.2384,-0.2384,0.5,0.5,0.5,0.5,0.875,0.5,0.5,0.0,0.5,0.5,0.5
USOIL.dk,2021.03.29 16:00:00,-1.05,-1.0,SL,-1.6376,,-0.5,-1.0,-1.0,-0.75,-0.75,-1.0,-1.0,-1.0,-0.7104,-1.0,-1.0
USOIL.dk,2021.04.01 04:00:00,-1.0,-1.0,SL,,,-1.0,-1.0,-1.0,-1.0,-1.0,-1.0,-1.0,-1.0,-1.0,-1.0,-1.0
USOIL.dk,2021.04.01 16:00:00,-1.02,-1.0,SL,,,-1.0,-1.0,-1.0,-1.0,-1.0,-1.0,-1.0,-1.0,-0.865,-1.0,-1.0
USOIL.dk,2021.04.07 08:00:00,-1.01,-1.0,SL,,,-1.0,-1.0,-1.0,-1.0,-1.0,-1.0,-1.0,-1.0,-1.0,-1.0,-1.0
USOIL.dk,2021.04.07 16:00:00,2.5,2.5006,TP,-0.516,-0.0983,2.5006,2.5006,2.5006,2.5006,1.375,2.5006,2.5006,2.5006,0.0799,-0.1843,2.5006
USOIL.dk,2021.05.06 00:00:00,-1.01,-1.0,SL,-1.4166,,-0.5,-1.0,-1.0,-0.75,-0.75,-1.0,-1.0,-1.0,-1.0,-1.0,-1.0
USOIL.dk,2021.05.09 20:00:00,-1.01,-1.0,SL,-1.7695,,-0.5,-1.0,-1.0,-0.75,-0.75,-1.0,-1.0,-1.0,-1.0,-1.0,-1.0
USOIL.dk,2021.05.11 12:00:00,0.47,0.5,BE,-0.1406,-0.1406,0.5,0.5,0.5,0.5,0.5,0.25,0.0,0.0,0.5,0.5,0.5
USOIL.dk,2021.05.14 12:00:00,0.5,0.5,BE,-0.5414,-0.5414,0.5,0.5,0.5,0.5,0.5,0.25,0.0,0.0,-0.0108,0.5,0.5
USOIL.dk,2021.05.27 20:00:00,2.59,2.5003,TP,0.0617,0.0617,2.5003,2.5003,2.5003,2.5003,1.5,2.5003,2.5003,2.5003,-0.3872,-0.2357,2.5003
USOIL.dk,2021.07.01 08:00:00,-1.0,-1.0,SL,-1.0299,-1.0299,-0.5,-0.5,-0.25,-0.5,-0.5,-1.0,-1.0,-1.0,-0.3433,-0.1516,-1.0
USOIL.dk,2021.07.09 04:00:00,0.49,0.5,BE,-0.2979,-0.2979,0.5,0.5,0.5,0.5,0.875,0.5,0.5,0.0,0.5,0.5,0.5
USOIL.dk,2021.07.12 12:00:00,0.49,0.5,BE,-0.4476,-0.4476,0.5,0.5,-0.25,0.5,0.625,0.25,0.5,0.0,0.5,0.5,0.5
USOIL.dk,2021.07.21 12:00:00,0.45,0.5,BE,-0.2964,-0.2964,0.5,0.5,0.5,0.5,0.5,0.25,0.0,0.0,0.2019,0.3777,0.5
USOIL.dk,2021.08.10 04:00:00,0.48,0.5,BE,-0.8578,-0.8578,-0.5,-0.5,-0.25,-0.25,-0.25,0.25,0.5,0.0,0.5,0.5,0.5
USOIL.dk,2021.08.23 20:00:00,2.5,2.4997,TP,-0.0844,0.2531,2.4997,2.4997,2.4997,2.4997,1.125,2.4997,2.4997,2.4997,2.4997,2.4997,2.4997
USOIL.dk,2021.09.17 16:00:00,-1.01,-1.0,SL,,,-1.0,-1.0,-1.0,-1.0,-1.0,-1.0,-1.0,-1.0,-1.0,-1.0,-1.0
USOIL.dk,2021.09.21 04:00:00,-1.0,-1.0,SL,,,-1.0,-1.0,-1.0,-1.0,-1.0,-1.0,-1.0,-1.0,-1.0,-1.0,-1.0
USOIL.dk,2021.09.22 00:00:00,2.57,2.5008,TP,-0.0648,-0.0162,2.5008,2.5008,2.5008,2.5008,2.5008,2.5008,2.5008,2.5008,2.5008,2.5008,2.5008
USOIL.dk,2021.09.28 16:00:00,-1.0,-1.0,SL,,,-1.0,-1.0,-1.0,-1.0,-1.0,-1.0,-1.0,-1.0,-1.0,-1.0,-1.0
USOIL.dk,2021.09.29 08:00:00,-1.01,-1.0,SL,-1.4852,-1.4852,-0.5,-0.5,-0.25,-0.25,-0.25,-1.0,-1.0,-1.0,-1.0,-1.0,-1.0
USOIL.dk,2021.09.30 12:00:00,0.46,0.5,BE,-0.28,-0.28,0.5,0.5,0.5,0.5,0.75,0.5,0.5,0.0,-0.1866,0.0635,0.5
USOIL.dk,2021.10.07 12:00:00,0.46,0.5,BE,-0.361,-0.361,0.5,0.5,0.5,0.5,1.125,0.5,0.5,0.0,0.5,0.5,0.5
USOIL.dk,2021.11.19 00:00:00,-1.0,-1.0,SL,,,-1.0,-1.0,-1.0,-1.0,-1.0,-1.0,-1.0,-1.0,-1.0,-1.0,-1.0
USOIL.dk,2021.11.23 12:00:00,-1.0,-1.0,SL,-1.2103,,-0.5,-1.0,-1.0,-0.75,-0.75,-1.0,-1.0,-1.0,0.1304,-0.097,-1.0
USOIL.dk,2021.12.09 20:00:00,-1.0,-1.0,SL,,,-1.0,-1.0,-1.0,-1.0,-1.0,-1.0,-1.0,-1.0,-1.0,-1.0,-1.0
USOIL.dk,2021.12.14 20:00:00,-1.0,-1.0,SL,-1.1273,-1.1273,-0.5,-0.5,-0.25,-0.5,-0.5,-1.0,-1.0,-1.0,-1.0,-1.0,-1.0
USOIL.dk,2021.12.21 04:00:00,-1.02,-1.0,SL,,,-1.0,-1.0,-1.0,-1.0,-1.0,-1.0,-1.0,-1.0,-1.0,-1.0,-1.0
USOIL.dk,2021.12.31 12:00:00,-1.01,-1.0,SL,,,-1.0,-1.0,-1.0,-1.0,-1.0,-1.0,-1.0,-1.0,-1.0,-1.0,-1.0
USOIL.dk,2022.01.03 04:00:00,-1.0,-1.0,SL,-2.7345,-2.7345,-0.5,-0.5,-0.25,-0.5,-0.5,-1.0,-1.0,-1.0,-1.0,-1.0,-1.0
USOIL.dk,2022.01.03 16:00:00,2.6,2.5003,TP,-0.0785,-0.0157,2.5003,2.5003,2.5003,2.5003,1.125,2.5003,2.5003,2.5003,2.5003,2.5003,2.5003
USOIL.dk,2022.01.20 00:00:00,0.51,0.5,BE,-1.5498,-1.5498,0.5,0.5,-0.25,0.5,0.5,0.25,0.0,0.0,0.5,0.5,0.5
USOIL.dk,2022.01.21 12:00:00,-1.0,-1.0,SL,-1.6836,-1.6836,-0.5,-0.5,-0.25,-0.5,-0.5,-1.0,-1.0,-1.0,-1.0,-1.0,-1.0
USOIL.dk,2022.01.25 12:00:00,2.5,2.5003,TP,-0.0806,-0.0806,2.5003,2.5003,2.5003,2.5003,1.125,2.5003,2.5003,2.5003,2.5003,2.5003,2.5003
USOIL.dk,2022.02.09 20:00:00,0.5,0.5,BE,-0.5845,-0.5845,-0.5,0.5,-0.25,-0.25,-0.25,0.5,0.5,2.5003,0.5,0.5,0.5
USOIL.dk,2022.02.22 00:00:00,0.5,0.5,BE,-1.4885,-1.4885,0.5,0.5,0.5,0.5,1.0,0.5,0.0,0.0,0.5,0.5,0.5
USOIL.dk,2022.02.23 00:00:00,-1.03,-1.0,SL,,,-1.0,-1.0,-1.0,-1.0,-1.0,-1.0,-1.0,-1.0,-1.0,-1.0,-1.0
USOIL.dk,2022.02.23 12:00:00,0.43,0.5,BE,-0.6103,-0.6103,0.5,0.5,0.5,0.5,1.5,0.5,0.5,0.0,0.5,0.5,0.5
USOIL.dk,2022.02.24 20:00:00,-1.0,-1.0,SL,,,-1.0,-1.0,-1.0,-1.0,-1.0,-1.0,-1.0,-1.0,-1.0,-1.0,-1.0
USOIL.dk,2022.03.04 08:00:00,3.02,2.5004,TP,-0.0551,-0.0551,2.5004,2.5004,2.5004,2.5004,0.75,2.5004,2.5004,2.5004,2.5004,2.5004,2.5004
USOIL.dk,2022.03.17 08:00:00,0.33,0.5,BE,-0.3361,-0.3361,0.5,0.5,0.5,0.5,1.125,0.5,0.5,0.0,0.5,0.5,0.5
USOIL.dk,2022.03.30 12:00:00,-1.02,-1.0,SL,,,-1.0,-1.0,-1.0,-1.0,-1.0,-1.0,-1.0,-1.0,-1.0,-1.0,-1.0
USOIL.dk,2022.04.04 12:00:00,0.5,0.5,BE,-0.5178,-0.5178,0.5,0.5,0.5,0.5,0.5,0.25,0.0,0.0,0.5,0.5,0.5
USOIL.dk,2022.04.06 04:00:00,-1.01,-1.0,SL,-1.468,,-0.5,-1.0,-1.0,-0.75,-0.75,-1.0,-1.0,-1.0,-1.0,-1.0,-1.0
USOIL.dk,2022.04.12 08:00:00,0.5,0.5,BE,-0.1686,-0.1686,0.5,0.5,0.5,0.5,1.5,0.5,0.5,2.4999,0.5,0.5,0.5
USOIL.dk,2022.04.27 16:00:00,0.43,0.5,BE,-0.7363,-0.7363,0.5,0.5,0.5,0.5,1.125,0.5,0.5,0.0,0.5,0.5,0.5
USOIL.dk,2022.05.20 04:00:00,0.47,0.5,BE,-0.4795,-0.4795,0.5,0.5,-0.25,-0.25,-0.25,0.25,0.5,2.5003,0.5,0.5,0.5
USOIL.dk,2022.05.23 16:00:00,-1.02,-1.0,SL,,,-1.0,-1.0,-1.0,-1.0,-1.0,-1.0,-1.0,-1.0,-1.0,-1.0,-1.0
USOIL.dk,2022.05.24 08:00:00,2.5,2.4998,TP,-0.6985,0.0551,-0.5,2.4998,2.4998,2.4998,2.4998,2.4998,2.4998,2.4998,0.216,0.2665,2.4998
USOIL.dk,2022.06.01 04:00:00,-1.03,-1.0,SL,-1.6053,-1.6053,-0.5,-0.5,-0.25,-0.5,-0.5,-1.0,-1.0,-1.0,-1.0,-1.0,-1.0
USOIL.dk,2022.06.02 12:00:00,0.34,0.5,BE,-0.1055,-0.0208,0.5,0.5,0.5,0.5,0.5,0.25,0.5,0.0,0.3045,0.5,0.5
USOIL.dk,2022.06.24 12:00:00,0.5,0.5,BE,-0.592,-0.592,0.5,0.5,0.5,0.5,0.75,0.5,0.5,0.0,0.139,0.5,0.5
USOIL.dk,2022.07.01 08:00:00,-1.01,-1.0,SL,-2.4022,-2.4022,-0.5,-0.5,-0.25,-0.5,-0.5,-1.0,-1.0,-1.0,-0.0468,-1.0,-1.0
USOIL.dk,2022.07.19 12:00:00,-1.01,-1.0,SL,-1.5268,,-0.5,-1.0,-1.0,-0.75,-0.75,-1.0,-1.0,-1.0,0.0987,-1.0,-1.0
USOIL.dk,2022.07.24 20:00:00,-1.0,-1.0,SL,-1.3378,-1.3378,-0.5,-0.5,-0.25,-0.5,-0.5,-1.0,-1.0,-1.0,-1.0,-1.0,-1.0
USOIL.dk,2022.07.26 12:00:00,-1.0,-1.0,SL,-1.0059,,-0.5,-1.0,-1.0,-0.75,-0.75,-1.0,-1.0,-1.0,-0.5435,-1.0,-1.0
USOIL.dk,2022.07.28 16:00:00,-1.04,-1.0,SL,,,-1.0,-1.0,-1.0,-1.0,-1.0,-1.0,-1.0,-1.0,-1.0,-1.0,-1.0
USOIL.dk,2022.08.08 04:00:00,0.49,0.5,BE,-1.1885,-1.1885,0.5,0.5,0.5,0.5,0.875,0.5,0.0,0.0,0.5,0.5,0.5
USOIL.dk,2022.08.09 04:00:00,-1.0,-1.0,SL,,,-1.0,-1.0,-1.0,-1.0,-1.0,-1.0,-1.0,-1.0,-1.0,-1.0,-1.0
USOIL.dk,2022.08.10 00:00:00,0.5,0.5,BE,-0.911,-0.911,0.5,0.5,-0.25,-0.25,-0.25,0.25,0.5,0.0,0.5,0.5,0.5
USOIL.dk,2022.08.12 16:00:00,0.42,0.5,BE,-0.0068,-0.0068,0.5,0.5,0.5,0.5,0.875,0.5,0.5,0.0,0.5,0.5,0.5
USOIL.dk,2022.09.30 12:00:00,-1.0,-1.0,SL,-1.2398,,-0.5,-1.0,-1.0,-0.75,-0.75,-1.0,-1.0,-1.0,-1.0,-1.0,-1.0
USOIL.dk,2022.10.11 04:00:00,0.5,0.5,BE,-0.4731,-0.3372,0.5,0.5,-0.25,0.5,0.625,0.5,0.5,0.0,0.5,0.5,0.5
USOIL.dk,2022.10.14 08:00:00,0.48,0.5,BE,-0.3125,-0.3125,0.5,0.5,0.5,0.5,1.125,0.5,0.5,0.0,0.5,0.5,0.5
USOIL.dk,2022.11.23 00:00:00,2.5,2.5,TP,-0.6462,-0.6462,2.5,2.5,2.5,2.5,1.25,2.5,2.5,2.5,2.5,2.5,2.5
USOIL.dk,2022.11.28 20:00:00,-1.0,-1.0,SL,,,-1.0,-1.0,-1.0,-1.0,-1.0,-1.0,-1.0,-1.0,-1.0,-1.0,-1.0
USOIL.dk,2022.12.02 16:00:00,-1.01,-1.0,SL,,,-1.0,-1.0,-1.0,-1.0,-1.0,-1.0,-1.0,-1.0,-1.0,-1.0,-1.0
USOIL.dk,2022.12.05 12:00:00,0.46,0.5,BE,-0.0662,-0.0662,0.5,0.5,0.5,0.5,1.5,0.5,0.5,2.4998,0.5,0.5,0.5
USOIL.dk,2022.12.28 04:00:00,0.5,0.5,BE,-0.6433,-0.6433,-0.5,-0.5,-0.25,-0.25,-0.25,0.5,0.5,0.0,0.5,0.5,0.5
USOIL.dk,2023.01.03 08:00:00,0.43,0.5,BE,-0.2609,-0.0642,0.5,0.5,0.5,0.5,1.25,0.5,0.5,0.0,0.5,0.5,0.5
USOIL.dk,2023.01.18 16:00:00,-1.01,-1.0,SL,,,-1.0,-1.0,-1.0,-1.0,-1.0,-1.0,-1.0,-1.0,-0.4427,-0.7777,-1.0
USOIL.dk,2023.01.24 12:00:00,-1.0,-1.0,SL,-1.0699,-1.0699,-0.5,-0.5,-0.25,-0.5,-0.5,-1.0,-1.0,-1.0,-1.0,-1.0,-1.0
USOIL.dk,2023.01.27 12:00:00,2.59,2.4995,TP,-0.005,-0.005,2.4995,2.4995,2.4995,2.4995,1.0,2.4995,2.4995,2.4995,2.4995,2.4995,2.4995
USOIL.dk,2023.02.09 12:00:00,-1.01,-1.0,SL,,,-1.0,-1.0,-1.0,-1.0,-1.0,-1.0,-1.0,-1.0,-1.0,-1.0,-1.0
USOIL.dk,2023.02.14 12:00:00,0.49,0.5,BE,-0.0493,-0.0493,0.5,0.5,0.5,0.5,0.5,0.25,2.501,2.501,0.5,0.5,0.5
USOIL.dk,2023.02.15 12:00:00,-1.01,-1.0,SL,,,-1.0,-1.0,-1.0,-1.0,-1.0,-1.0,-1.0,-1.0,-1.0,-1.0,-1.0
USOIL.dk,2023.02.16 12:00:00,2.55,2.5004,TP,-0.427,-0.427,2.5004,2.5004,2.5004,2.5004,1.375,2.5004,2.5004,2.5004,2.5004,2.5004,2.5004
USOIL.dk,2023.02.23 16:00:00,-1.01,-1.0,SL,,,-1.0,-1.0,-1.0,-1.0,-1.0,-1.0,-1.0,-1.0,-1.0,-1.0,-1.0
USOIL.dk,2023.02.24 12:00:00,-1.0,-1.0,SL,,,-1.0,-1.0,-1.0,-1.0,-1.0,-1.0,-1.0,-1.0,-1.0,-1.0,-1.0
USOIL.dk,2023.03.09 20:00:00,0.46,0.5,BE,-0.6441,-0.3016,0.5,0.5,0.5,0.5,0.5,2.4998,2.4998,2.4998,-0.4542,0.5,0.5
USOIL.dk,2023.03.13 16:00:00,0.42,0.5,BE,-0.0204,-0.0204,0.5,0.5,0.5,0.5,1.375,0.5,0.5,0.0,0.5,0.5,0.5
USOIL.dk,2023.04.10 12:00:00,-1.02,-1.0,SL,-1.2044,,-0.5,-1.0,-1.0,-0.75,-0.75,-1.0,-1.0,-1.0,-1.0,-1.0,-1.0
USOIL.dk,2023.04.14 20:00:00,-1.0,-1.0,SL,,,-1.0,-1.0,-1.0,-1.0,-1.0,-1.0,-1.0,-1.0,-1.0,-1.0,-1.0
USOIL.dk,2023.04.25 08:00:00,2.5,2.4991,TP,-0.3624,-0.3624,2.4991,2.4991,2.4991,2.4991,0.625,2.4991,2.4991,2.4991,2.4991,2.4991,2.4991
USOIL.dk,2023.05.02 12:00:00,0.45,0.5,BE,-0.0403,-0.0403,0.5,0.5,0.5,0.5,1.0,0.5,0.5,0.0,0.5,0.5,0.5
USOIL.dk,2023.05.11 08:00:00,0.49,0.5,BE,-0.2613,-0.2613,0.5,0.5,0.5,0.5,0.75,0.5,0.5,0.0,0.5,0.5,0.5
USOIL.dk,2023.05.19 12:00:00,-1.01,-1.0,SL,-1.0605,-1.0605,-0.5,-0.5,-0.25,-0.5,-0.5,-1.0,-1.0,-1.0,-1.0,-1.0,-1.0
USOIL.dk,2023.05.25 08:00:00,0.48,0.5,BE,-0.3242,-0.3242,0.5,0.5,0.5,0.5,0.625,2.5,0.5,2.5,0.5,0.5,0.5
USOIL.dk,2023.05.29 08:00:00,2.5,2.5004,TP,-0.777,0.1182,-0.5,2.5004,2.5004,-0.75,-0.75,2.5004,2.5004,2.5004,2.5004,2.5004,2.5004
USOIL.dk,2023.06.13 16:00:00,-1.0,-1.0,SL,,,-1.0,-1.0,-1.0,-1.0,-1.0,-1.0,-1.0,-1.0,-1.0,-1.0,-1.0
USOIL.dk,2023.06.14 12:00:00,-1.0,-1.0,SL,-1.2066,,-0.5,-1.0,-1.0,-0.75,-0.75,-1.0,-1.0,-1.0,-0.8436,-1.0,-1.0
USOIL.dk,2023.06.20 12:00:00,-1.0,-1.0,SL,,,-1.0,-1.0,-1.0,-1.0,-1.0,-1.0,-1.0,-1.0,-1.0,-1.0,-1.0
USOIL.dk,2023.06.22 08:00:00,0.51,0.5,BE,-0.3918,-0.3918,0.5,0.5,0.5,0.5,1.125,0.5,0.5,0.0,0.5,0.5,0.5
USOIL.dk,2023.07.03 16:00:00,-1.01,-1.0,SL,,,-1.0,-1.0,-1.0,-1.0,-1.0,-1.0,-1.0,-1.0,-0.5488,-1.0,-1.0
USOIL.dk,2023.07.06 12:00:00,-1.01,-1.0,SL,-1.5688,,-0.5,-1.0,-1.0,-0.75,-0.75,-1.0,-1.0,-1.0,-1.0,-1.0,-1.0
USOIL.dk,2023.07.14 20:00:00,-1.0,-1.0,SL,-1.1618,-1.1618,-0.5,-0.5,-0.25,-0.5,-0.5,-1.0,-1.0,-1.0,-1.0,-1.0,-1.0
USOIL.dk,2023.07.28 12:00:00,0.51,0.5,BE,-0.7807,-0.7807,0.5,0.5,0.5,0.5,1.125,0.5,0.5,0.0,0.5,0.5,0.5
USOIL.dk,2023.08.03 12:00:00,0.46,0.5,BE,-0.5013,-0.5013,-0.5,-0.5,-0.25,-0.25,-0.25,0.25,0.5,0.0,0.5,0.5,0.5
USOIL.dk,2023.08.18 16:00:00,-1.0,-1.0,SL,-1.3779,-1.3779,-0.5,-0.5,-0.25,-0.5,-0.5,-1.0,-1.0,-1.0,-1.0,-1.0,-1.0
USOIL.dk,2023.08.25 04:00:00,-1.0,-1.0,SL,-1.59,-1.59,-0.5,-0.5,-0.25,-0.25,-0.25,-1.0,-1.0,-1.0,-1.0,-1.0,-1.0
USOIL.dk,2023.08.25 16:00:00,2.59,2.5005,TP,-0.3373,0.1482,2.5005,2.5005,2.5005,2.5005,2.5005,2.5005,2.5005,2.5005,0.092,0.2044,2.5005
USOIL.dk,2023.09.08 04:00:00,2.53,2.5021,TP,-0.1699,-0.1699,2.5021,2.5021,2.5021,2.5021,1.0,2.5021,2.5021,2.5021,2.5021,2.5021,2.5021
USOIL.dk,2023.09.15 12:00:00,0.49,0.5,BE,-0.4844,-0.4844,0.5,0.5,-0.25,0.5,0.625,0.25,0.0,0.0,-0.09,0.5,0.5
USOIL.dk,2023.09.21 12:00:00,-1.0,-1.0,SL,-1.0504,-1.0504,-0.5,-0.5,-0.25,-0.25,-0.25,-1.0,-1.0,-1.0,-1.0,-1.0,-1.0
USOIL.dk,2023.09.26 12:00:00,0.45,0.5,BE,-0.0623,-0.0623,0.5,0.5,0.5,0.5,0.875,0.5,0.5,0.0,0.5,0.5,0.5
USOIL.dk,2023.10.08 20:00:00,0.5,0.5,BE,-0.9686,-0.1176,-0.5,0.5,0.5,-0.75,-0.75,0.25,0.5,0.0,0.182,0.056,-0.7391
USOIL.dk,2023.10.27 16:00:00,-1.0,-1.0,SL,,,-1.0,-1.0,-1.0,-1.0,-1.0,-1.0,-1.0,-1.0,-1.0,-1.0,-1.0
USOIL.dk,2023.11.02 20:00:00,-1.0,-1.0,SL,-1.0075,,-0.5,-1.0,-1.0,-0.75,-0.75,-1.0,-1.0,-1.0,-1.0,-1.0,-1.0
USOIL.dk,2023.11.12 20:00:00,-1.0,-1.0,SL,-1.2984,-1.2984,-0.5,-0.5,-0.25,-0.5,-0.5,-1.0,-1.0,-1.0,-1.0,-1.0,-1.0
USOIL.dk,2023.11.15 12:00:00,0.48,0.5,BE,-0.2124,-0.1239,0.5,0.5,0.5,0.5,1.375,0.5,0.5,0.0,0.5,0.5,0.5
USOIL.dk,2023.11.22 08:00:00,0.51,0.5,BE,-0.2464,-0.2464,0.5,0.5,0.5,0.5,1.25,0.5,0.5,0.0,0.5,0.5,0.5
USOIL.dk,2023.11.22 20:00:00,0.53,0.5,BE,-0.2351,-0.2351,0.5,0.5,0.5,0.5,0.75,0.5,0.5,2.4991,0.5,0.5,0.5
USOIL.dk,2023.11.23 08:00:00,0.51,0.5,BE,-0.3206,-0.3206,0.5,0.5,0.5,0.5,1.0,0.5,0.0,0.0,0.5,0.5,0.5
USOIL.dk,2023.11.27 00:00:00,-1.0,-1.0,SL,-1.2676,,-0.5,-1.0,-1.0,-0.75,-0.75,-1.0,-1.0,-1.0,-0.1012,-0.7394,-1.0
USOIL.dk,2023.11.30 12:00:00,0.42,0.5,BE,-0.211,-0.211,0.5,0.5,0.5,0.5,1.625,0.5,0.5,0.0,0.5,0.5,0.5
USOIL.dk,2024.01.30 00:00:00,0.51,0.5,BE,-1.4195,-1.4195,0.5,0.5,0.5,0.5,0.5,0.25,0.0,0.0,0.5,0.5,0.5
USOIL.dk,2024.01.30 08:00:00,0.49,-1.0,SL,,,-1.0,-1.0,-1.0,-1.0,-1.0,-1.0,-1.0,-1.0,-1.0,-1.0,-1.0
USOIL.dk,2024.01.31 20:00:00,0.48,0.5,BE,-0.631,-0.5714,-0.5,0.5,0.5,0.5,1.25,0.5,0.5,0.0,0.5,0.5,0.5
USOIL.dk,2024.02.01 16:00:00,-1.0,-1.0,SL,-1.0775,-1.0775,-0.5,-0.5,-0.25,-0.25,-0.25,-1.0,-1.0,-1.0,-1.0,-1.0,-1.0
USOIL.dk,2024.02.14 20:00:00,-1.0,-1.0,SL,-1.0286,,-0.5,-1.0,-1.0,-0.75,-0.75,-1.0,-1.0,-1.0,-0.5375,-0.7657,-0.7579
USOIL.dk,2024.02.29 20:00:00,2.54,2.5025,TP,-0.55,-0.55,-0.5,-0.5,-0.25,-0.25,-0.25,2.5025,2.5025,2.5025,2.5025,2.5025,2.5025
USOIL.dk,2024.03.01 12:00:00,-1.0,-1.0,SL,,,-1.0,-1.0,-1.0,-1.0,-1.0,-1.0,-1.0,-1.0,-0.39,-0.7925,-1.0
USOIL.dk,2024.03.05 12:00:00,-1.02,-1.0,SL,-1.1034,-1.1034,-0.5,-0.5,-0.25,-0.5,-0.5,-1.0,-1.0,-1.0,-1.0,-1.0,-1.0
USOIL.dk,2024.03.21 00:00:00,-1.0,-1.0,SL,,,-1.0,-1.0,-1.0,-1.0,-1.0,-1.0,-1.0,-1.0,-1.0,-1.0,-1.0
USOIL.dk,2024.03.25 00:00:00,0.51,0.5,BE,-0.7209,-0.6288,-0.5,0.5,0.5,0.5,0.875,0.5,0.5,2.4992,0.5,0.5,0.5
USOIL.dk,2024.03.27 16:00:00,2.61,2.4992,TP,-0.1836,-0.1836,2.4992,2.4992,2.4992,2.4992,1.75,2.4992,2.4992,2.4992,2.4992,2.4992,2.4992
USOIL.dk,2024.04.04 16:00:00,-1.0,-1.0,SL,-1.0074,-1.0074,-0.5,-0.5,-0.25,-0.5,-0.5,-1.0,-1.0,-1.0,-1.0,-1.0,-1.0
USOIL.dk,2024.04.10 16:00:00,-1.01,-1.0,SL,-1.0583,-1.0583,-0.5,-0.5,-0.25,-0.5,-0.5,-1.0,-1.0,-1.0,-0.3955,-1.0,-1.0
USOIL.dk,2024.04.15 16:00:00,-1.0,-1.0,SL,-1.4106,,-0.5,-1.0,-1.0,-0.75,-0.75,-1.0,-1.0,-1.0,-0.2152,-1.0,-1.0
USOIL.dk,2024.04.19 00:00:00,-1.0,-1.0,SL,,,-1.0,-1.0,-1.0,-1.0,-1.0,-1.0,-1.0,-1.0,-1.0,-1.0,-1.0
USOIL.dk,2024.04.23 04:00:00,-1.01,-1.0,SL,,,-1.0,-1.0,-1.0,-1.0,-1.0,-1.0,-1.0,-1.0,-1.0,-1.0,-1.0
USOIL.dk,2024.04.23 12:00:00,-1.0,-1.0,SL,-1.0388,-1.0388,-0.5,-0.5,-0.25,-0.25,-0.25,-1.0,-1.0,-1.0,-0.0191,-0.158,-1.0
USOIL.dk,2024.05.10 20:00:00,-1.0,-1.0,SL,-1.0604,-1.0604,-0.5,-0.5,-0.25,-0.5,-0.5,-1.0,-1.0,-1.0,-0.5885,-0.0053,-1.0
USOIL.dk,2024.05.21 00:00:00,0.52,0.5,BE,-0.3321,-0.3321,0.5,0.5,0.5,0.5,1.0,0.5,0.5,2.5009,0.5,0.5,0.5
USOIL.dk,2024.05.21 20:00:00,0.51,0.5,BE,-0.0612,-0.0367,0.5,0.5,0.5,0.5,0.5,0.5,0.5,0.0,0.5,0.5,0.5
USOIL.dk,2024.05.23 12:00:00,-1.01,-1.0,SL,-1.0234,,-0.5,-1.0,-1.0,-0.75,-0.75,-1.0,-1.0,-1.0,-0.4627,-0.7403,-1.0
USOIL.dk,2024.05.30 04:00:00,0.5,2.4992,TP,-0.5016,-0.5016,2.4992,2.4992,2.4992,2.4992,1.0,2.4992,2.4992,2.4992,2.4992,2.4992,2.4992
USOIL.dk,2024.05.30 12:00:00,2.55,2.5,TP,-0.2673,-0.2673,2.5,2.5,-0.25,-0.25,-0.25,2.5,2.5,2.5,2.5,2.5,2.5
USOIL.dk,2024.06.24 00:00:00,0.52,0.5,BE,-0.8439,-0.8439,0.5,0.5,0.5,0.5,0.5,0.25,0.5,0.0,0.5,0.5,0.5
USOIL.dk,2024.06.24 12:00:00,-1.01,-1.0,SL,-1.0209,,-0.5,-1.0,-1.0,-0.75,-0.75,-1.0,-1.0,-1.0,-0.313,-1.0,-1.0
USOIL.dk,2024.06.27 04:00:00,0.5,0.5,BE,-0.1203,-0.1203,0.5,0.5,0.5,0.5,0.5,0.5,0.5,2.4987,0.5,0.5,0.5
USOIL.dk,2024.06.30 20:00:00,0.5,2.4991,TP,-0.2143,-0.2143,2.4991,2.4991,2.4991,2.4991,2.4991,2.4991,2.4991,2.4991,2.4991,2.4991,2.4991
USOIL.dk,2024.07.01 12:00:00,0.49,0.5,BE,-0.1475,-0.1475,0.5,0.5,0.5,0.5,0.5,0.25,0.5,0.0,0.5,0.5,0.5
USOIL.dk,2024.07.03 12:00:00,0.5,0.5,BE,-0.316,-0.316,0.5,0.5,0.5,0.5,0.625,0.5,0.5,0.0,0.5,0.5,0.5
USOIL.dk,2024.07.10 12:00:00,-1.0,-1.0,SL,-1.2013,-1.2013,-0.5,-0.5,-0.25,-0.5,-0.5,-1.0,-1.0,-1.0,-0.0427,-1.0,-1.0
USOIL.dk,2024.07.17 12:00:00,-1.0,-1.0,SL,,,-1.0,-1.0,-1.0,-1.0,-1.0,-1.0,-1.0,-1.0,-0.5451,-1.0,-1.0
USOIL.dk,2024.07.26 08:00:00,2.53,2.5007,TP,-0.1071,-0.1071,2.5007,2.5007,2.5007,2.5007,1.125,2.5007,2.5007,2.5007,2.5007,2.5007,2.5007
USOIL.dk,2024.08.01 12:00:00,0.48,0.5,BE,-0.1141,-0.0978,0.5,0.5,0.5,0.5,1.375,0.5,0.5,0.0,0.5,0.5,0.5
USOIL.dk,2024.08.14 12:00:00,2.63,2.4997,TP,-0.5922,-0.5922,-0.5,-0.5,-0.25,-0.5,-0.5,2.4997,2.4997,2.4997,2.4997,2.4997,2.4997
USOIL.dk,2024.08.21 16:00:00,-1.0,-1.0,SL,,,-1.0,-1.0,-1.0,-1.0,-1.0,-1.0,-1.0,-1.0,-0.4203,-1.0,-1.0
USOIL.dk,2024.08.28 00:00:00,2.52,2.4986,TP,-0.0573,-0.0573,2.4986,2.4986,2.4986,2.4986,2.4986,2.4986,2.4986,2.4986,2.4986,2.4986,2.4986
USOIL.dk,2024.08.28 08:00:00,-1.0,-1.0,SL,,,-1.0,-1.0,-1.0,-1.0,-1.0,-1.0,-1.0,-1.0,-0.377,-1.0,-1.0
USOIL.dk,2024.08.30 12:00:00,0.43,0.5,BE,-0.1431,-0.0264,0.5,0.5,0.5,0.5,1.625,0.5,0.5,0.0,0.2108,0.5,0.5
USOIL.dk,2024.10.09 00:00:00,0.49,0.5,BE,-0.666,-0.666,0.5,0.5,0.5,0.5,1.0,0.5,0.0,0.0,0.5,0.5,0.5
USOIL.dk,2024.10.13 20:00:00,2.52,2.5006,TP,-0.3325,0.095,2.5006,2.5006,2.5006,2.5006,1.75,2.5006,2.5006,2.5006,2.5006,2.5006,2.5006
USOIL.dk,2024.11.01 16:00:00,-1.0,-1.0,SL,,,-1.0,-1.0,-1.0,-1.0,-1.0,-1.0,-1.0,-1.0,-1.0,-1.0,-1.0
USOIL.dk,2024.11.07 08:00:00,-1.01,-1.0,SL,,,-1.0,-1.0,-1.0,-1.0,-1.0,-1.0,-1.0,-1.0,-1.0,-1.0,-1.0
USOIL.dk,2024.11.08 08:00:00,2.52,2.4995,TP,-0.1713,-0.1713,2.4995,2.4995,2.4995,2.4995,1.875,2.4995,2.4995,2.4995,2.4995,2.4995,2.4995
USOIL.dk,2024.11.14 20:00:00,0.49,0.5,BE,-0.0726,-0.0726,0.5,0.5,0.5,0.5,0.625,0.5,0.5,0.0,0.5,0.5,0.5
USOIL.dk,2024.11.15 12:00:00,2.54,2.5,TP,,,2.5,2.5,2.5,2.5,2.5,2.5,2.5,2.5,2.5,2.5,2.5
USOIL.dk,2024.11.15 16:00:00,-1.0,-1.0,SL,-1.087,,-0.5,-1.0,-1.0,-0.75,-0.75,-1.0,-1.0,-1.0,-1.0,-1.0,-1.0
USOIL.dk,2024.11.21 00:00:00,-1.01,-1.0,SL,,,-1.0,-1.0,-1.0,-1.0,-1.0,-1.0,-1.0,-1.0,-1.0,-1.0,-1.0
USOIL.dk,2024.11.25 12:00:00,-1.01,-1.0,SL,-1.0451,-1.0451,-0.5,-0.5,-0.25,-0.5,-0.5,-1.0,-1.0,-1.0,-0.2256,-1.0,-1.0
USOIL.dk,2024.12.16 20:00:00,0.49,0.5,BE,-0.077,-0.077,0.5,0.5,0.5,0.5,0.625,0.25,0.5,0.0,0.5,0.5,0.5
USOIL.dk,2024.12.18 16:00:00,0.49,0.5,BE,-0.7465,-0.0829,-0.5,0.5,0.5,0.5,0.5,0.25,0.5,0.0,0.5,0.5,0.5
USOIL.dk,2024.12.23 08:00:00,-1.01,-1.0,SL,-1.5394,-1.5394,-0.5,-0.5,-0.25,-0.5,-0.5,-1.0,-1.0,-1.0,-1.0,-1.0,-1.0
USOIL.dk,2024.12.26 16:00:00,-1.0,-1.0,SL,,,-1.0,-1.0,-1.0,-1.0,-1.0,-1.0,-1.0,-1.0,-0.7073,-1.0,-1.0
USOIL.dk,2025.01.09 20:00:00,2.54,2.4989,TP,-0.2283,0.2283,2.4989,2.4989,2.4989,2.4989,2.4989,2.4989,2.4989,2.4989,2.4989,2.4989,2.4989
USOIL.dk,2025.01.15 12:00:00,0.48,0.5,BE,-0.1661,-0.1661,0.5,0.5,0.5,0.5,0.625,0.25,0.5,0.0,0.5,0.5,0.5
USOIL.dk,2025.01.31 20:00:00,-1.01,-1.0,SL,-1.0427,,-0.5,-1.0,-1.0,-0.75,-0.75,-1.0,-1.0,-1.0,-0.4443,-1.0,-1.0
USOIL.dk,2025.02.05 00:00:00,0.51,0.5,BE,-0.1892,-0.1892,0.5,0.5,0.5,0.5,1.0,0.5,0.5,0.0,0.5,0.5,0.5
USOIL.dk,2025.02.12 12:00:00,0.49,0.5,BE,-0.2278,-0.2278,0.5,0.5,0.5,0.5,0.625,0.5,0.5,2.4996,0.5,0.5,0.5
USOIL.dk,2025.02.14 12:00:00,0.51,0.5,BE,-0.0832,-0.0832,0.5,0.5,0.5,0.5,0.5,0.25,0.0,0.0,0.5,0.5,0.5
USOIL.dk,2025.02.17 08:00:00,-1.01,-1.0,SL,,,-1.0,-1.0,-1.0,-1.0,-1.0,-1.0,-1.0,-1.0,-1.0,-1.0,-1.0
USOIL.dk,2025.02.21 08:00:00,2.5,2.501,TP,-0.4671,-0.4671,2.501,2.501,2.501,2.501,0.75,2.501,2.501,2.501,2.501,2.501,2.501
USOIL.dk,2025.03.07 16:00:00,0.51,0.5,BE,-0.4729,-0.1297,0.5,0.5,0.5,0.5,0.625,0.25,0.0,0.0,0.2593,0.5,0.5
USOIL.dk,2025.03.11 16:00:00,-1.0,-1.0,SL,-1.721,,-0.5,-1.0,-1.0,-0.75,-0.75,-1.0,-1.0,-1.0,-1.0,-1.0,-1.0
USOIL.dk,2025.03.13 12:00:00,-1.0,-1.0,SL,-1.3169,,-0.5,-1.0,-1.0,-0.75,-0.75,-1.0,-1.0,-1.0,-0.1699,-1.0,-1.0
USOIL.dk,2025.03.17 20:00:00,-1.0,-1.0,SL,,,-1.0,-1.0,-1.0,-1.0,-1.0,-1.0,-1.0,-1.0,-1.0,-1.0,-1.0
USOIL.dk,2025.03.18 12:00:00,-1.0,-1.0,SL,-1.0614,-1.0614,-0.5,-0.5,-0.25,-0.5,-0.5,-1.0,-1.0,-1.0,-1.0,-1.0,-1.0
USOIL.dk,2025.03.28 12:00:00,-1.0,-1.0,SL,-1.0021,,-0.5,-1.0,-1.0,-0.75,-0.75,-1.0,-1.0,-1.0,-1.0,-1.0,-1.0
USOIL.dk,2025.04.02 20:00:00,2.76,2.4998,TP,-0.0836,-0.0836,2.4998,2.4998,2.4998,2.4998,1.625,2.4998,2.4998,2.4998,2.4998,2.4998,2.4998
USOIL.dk,2025.04.10 04:00:00,-1.0,-1.0,SL,-1.0735,-1.0735,-0.5,-0.5,-0.25,-0.5,-0.5,-1.0,-1.0,-1.0,-1.0,-1.0,-1.0
USOIL.dk,2025.04.21 08:00:00,-1.0,-1.0,SL,-1.0736,-1.0736,-0.5,-0.5,-0.25,-0.5,-0.5,-1.0,-1.0,-1.0,-1.0,-1.0,-1.0
USOIL.dk,2025.04.23 12:00:00,0.42,0.5,BE,-0.5018,-0.5018,0.5,0.5,0.5,0.5,1.0,0.5,0.5,0.0,-0.1534,-0.3452,-0.3324
USOIL.dk,2025.05.14 20:00:00,0.5,0.5,BE,-0.2274,-0.2274,0.5,0.5,0.5,0.5,0.5,0.25,0.0,0.0,0.5,0.5,0.5
USOIL.dk,2025.05.16 16:00:00,0.51,0.5,BE,-0.7143,-0.7143,0.5,0.5,0.5,0.5,0.625,0.25,0.0,0.0,0.5,0.5,0.5
USOIL.dk,2025.05.19 00:00:00,0.51,0.5,BE,-1.6667,-1.6667,0.5,0.5,0.5,0.5,0.75,0.5,0.0,0.0,0.5,0.5,0.5
USOIL.dk,2025.05.20 04:00:00,-1.02,-1.0,SL,,,-1.0,-1.0,-1.0,-1.0,-1.0,-1.0,-1.0,-1.0,-1.0,-1.0,-1.0
USOIL.dk,2025.05.20 12:00:00,-1.07,-1.0,SL,,,-1.0,-1.0,-1.0,-1.0,-1.0,-1.0,-1.0,-1.0,-1.0,-1.0,-1.0
USOIL.dk,2025.05.21 12:00:00,0.49,0.5,BE,-0.2277,-0.08,0.5,0.5,0.5,0.5,0.5,0.25,0.0,0.0,0.5,0.5,0.5
USOIL.dk,2025.06.16 20:00:00,0.57,0.5,BE,-0.9205,-0.9205,0.5,0.5,0.5,0.5,0.625,0.25,0.0,0.0,0.5,0.5,0.5
USOIL.dk,2025.07.01 20:00:00,-1.01,-1.0,SL,-1.675,,-0.5,-1.0,-1.0,-0.75,-0.75,-1.0,-1.0,-1.0,-1.0,-1.0,-1.0
USOIL.dk,2025.07.04 08:00:00,0.54,0.5,BE,-0.1781,-0.1644,0.5,0.5,0.5,0.5,0.625,0.25,0.0,0.0,0.5,0.5,0.5
USOIL.dk,2025.07.10 20:00:00,-1.01,-1.0,SL,-1.525,,-0.5,-1.0,-1.0,-0.75,-0.75,-1.0,-1.0,-1.0,-1.0,-1.0,-1.0
USOIL.dk,2025.07.14 20:00:00,-1.0,-1.0,SL,-1.0101,-1.0101,-0.5,-0.5,-0.25,-0.25,-0.25,-1.0,-1.0,-1.0,0.0252,-1.0,-1.0
USOIL.dk,2025.08.01 20:00:00,2.75,2.5,TP,-0.2584,0.0279,2.5,2.5,2.5,2.5,0.875,2.5,2.5,2.5,0.2444,2.5,2.5
USOIL.dk,2025.12.17 12:00:00,-1.01,-1.0,SL,,,-1.0,-1.0,-1.0,-1.0,-1.0,-1.0,-1.0,-1.0,-1.0,-1.0,-1.0
USOIL.dk,2025.12.18 00:00:00,-1.08,-1.0,SL,-1.1354,-1.1354,-0.5,-0.5,-0.25,-0.25,-0.25,-1.0,-1.0,-1.0,-1.0,-1.0,-1.0
XAUUSD.dk,2020.08.24 08:00:00,-1.0,-1.0,SL,,,-1.0,-1.0,-1.0,-1.0,-1.0,-1.0,-1.0,-1.0,-1.0,-1.0,-1.0
XAUUSD.dk,2020.08.26 12:00:00,0.5,0.5,BE,-0.7772,-0.7772,-0.5,-0.5,-0.25,-0.75,-0.75,0.25,0.5,0.0,0.5,0.5,0.5
XAUUSD.dk,2020.09.09 04:00:00,-1.0,-1.0,SL,,,-1.0,-1.0,-1.0,-1.0,-1.0,-1.0,-1.0,-1.0,-1.0,-1.0,-1.0
XAUUSD.dk,2020.09.09 12:00:00,0.5,0.5,BE,-0.257,-0.257,0.5,0.5,-0.25,-0.25,-0.25,0.25,0.0,0.0,0.5,0.5,0.5
XAUUSD.dk,2020.09.18 00:00:00,-1.01,-1.0,SL,-2.1667,-2.1667,-0.5,-0.5,-0.25,-0.5,-0.5,-1.0,-1.0,-1.0,-1.0,-1.0,-1.0
XAUUSD.dk,2020.09.28 12:00:00,0.44,0.5,BE,-0.0168,-0.0008,0.5,0.5,0.5,0.5,0.875,0.5,0.5,0.0,0.5,0.5,0.5
XAUUSD.dk,2020.10.08 16:00:00,0.49,0.5,BE,-0.5814,-0.5814,0.5,0.5,0.5,0.5,1.375,0.5,0.5,0.0,0.5,0.5,0.5
XAUUSD.dk,2020.10.15 12:00:00,0.49,0.5,BE,-0.615,-0.615,-0.5,-0.5,-0.25,-0.25,-0.25,0.5,0.5,0.0,0.5,0.5,0.5
XAUUSD.dk,2020.10.23 08:00:00,-1.0,-1.0,SL,,,-1.0,-1.0,-1.0,-1.0,-1.0,-1.0,-1.0,-1.0,-1.0,-1.0,-1.0
XAUUSD.dk,2020.10.27 00:00:00,-1.0,-1.0,SL,-1.2055,,-0.5,-1.0,-1.0,-0.75,-0.75,-1.0,-1.0,-1.0,-1.0,-1.0,-1.0
XAUUSD.dk,2020.10.27 12:00:00,-1.0,-1.0,SL,,,-1.0,-1.0,-1.0,-1.0,-1.0,-1.0,-1.0,-1.0,-1.0,-1.0,-1.0
XAUUSD.dk,2020.11.04 08:00:00,0.45,0.5,BE,-2.2159,-2.2159,0.5,0.5,0.5,0.5,1.375,0.5,0.5,0.0,0.5,0.5,0.5
XAUUSD.dk,2020.11.13 12:00:00,-1.3,-1.0,SL,-1.5986,,-0.5,-1.0,-1.0,-0.75,-0.75,-1.0,-1.0,-1.0,-1.0,-1.0,-1.0
XAUUSD.dk,2020.11.20 12:00:00,-1.0,-1.0,SL,,,-1.0,-1.0,-1.0,-1.0,-1.0,-1.0,-1.0,-1.0,-0.5631,-1.0,-1.0
XAUUSD.dk,2020.12.11 12:00:00,-1.09,-1.0,SL,,,-1.0,-1.0,-1.0,-1.0,-1.0,-1.0,-1.0,-1.0,-1.0,-1.0,-1.0
XAUUSD.dk,2020.12.21 16:00:00,0.5,0.5,BE,-0.8743,-0.3703,-0.5,0.5,-0.25,-0.75,-0.75,0.5,0.5,0.0,-0.5582,-0.2712,0.0558
XAUUSD.dk,2021.01.20 20:00:00,-1.0,-1.0,SL,,,-1.0,-1.0,-1.0,-1.0,-1.0,-1.0,-1.0,-1.0,-0.0121,-0.3703,-0.3914
XAUUSD.dk,2021.02.12 00:00:00,2.5,2.5,TP,-0.483,-0.483,2.5,2.5,-0.25,2.5,0.875,2.5,2.5,2.5,2.5,2.5,2.5
XAUUSD.dk,2021.03.08 00:00:00,0.5,0.5,BE,-0.5963,-0.5963,0.5,0.5,0.5,0.5,1.0,0.5,0.5,0.0,0.5,0.5,0.5
XAUUSD.dk,2021.03.12 00:00:00,0.51,0.5,BE,-0.6467,-0.6467,0.5,0.5,0.5,0.5,0.875,0.5,0.5,0.0,0.5,0.5,0.5
XAUUSD.dk,2021.03.17 12:00:00,-1.0,-1.0,SL,,,-1.0,-1.0,-1.0,-1.0,-1.0,-1.0,-1.0,-1.0,-1.0,-1.0,-1.0
XAUUSD.dk,2021.03.18 08:00:00,0.44,0.5,BE,-0.627,-0.0924,-0.5,0.5,0.5,0.5,1.0,0.5,0.5,0.0,-0.371,0.0762,-0.2529
XAUUSD.dk,2021.04.09 16:00:00,0.48,0.5,BE,-0.17,-0.17,0.5,0.5,0.5,0.5,0.5,0.5,0.5,0.0,0.5,0.5,0.5
XAUUSD.dk,2021.04.22 12:00:00,-1.0,-1.0,SL,,,-1.0,-1.0,-1.0,-1.0,-1.0,-1.0,-1.0,-1.0,-1.0,-1.0,-1.0
XAUUSD.dk,2021.04.23 12:00:00,-1.0,-1.0,SL,-1.0556,-1.0556,-0.5,-0.5,-0.25,-0.5,-0.5,-1.0,-1.0,-1.0,-0.0058,-0.3001,-1.0
XAUUSD.dk,2021.05.04 12:00:00,-1.0,-1.0,SL,,,-1.0,-1.0,-1.0,-1.0,-1.0,-1.0,-1.0,-1.0,-0.3486,-1.0,-1.0
XAUUSD.dk,2021.05.11 16:00:00,-1.01,-1.0,SL,-1.1908,,-0.5,-1.0,-1.0,-0.75,-0.75,-1.0,-1.0,-1.0,-0.8641,-1.0,-1.0
XAUUSD.dk,2021.05.13 12:00:00,2.62,2.5,TP,-0.1845,-0.1845,2.5,2.5,2.5,2.5,1.375,2.5,2.5,2.5,2.5,2.5,2.5
XAUUSD.dk,2021.05.25 12:00:00,0.5,0.5,BE,-0.0778,-0.0778,0.5,0.5,0.5,0.5,0.5,0.25,0.5,0.0,0.5,0.5,0.5
XAUUSD.dk,2021.05.27 00:00:00,0.5,0.5,BE,-0.7304,-0.7304,0.5,0.5,0.5,0.5,0.5,0.25,0.0,0.0,0.5,0.5,0.5
XAUUSD.dk,2021.05.27 16:00:00,-1.0,-1.0,SL,,,-1.0,-1.0,-1.0,-1.0,-1.0,-1.0,-1.0,-1.0,-1.0,-1.0,-1.0
XAUUSD.dk,2021.05.28 12:00:00,0.49,0.5,BE,-0.2325,-0.2325,0.5,0.5,0.5,0.5,0.625,0.25,0.5,0.0,0.5,0.5,0.5
XAUUSD.dk,2021.06.02 12:00:00,-1.0,-1.0,SL,-1.262,,-0.5,-1.0,-1.0,-0.75,-0.75,-1.0,-1.0,-1.0,-1.0,-1.0,-1.0
XAUUSD.dk,2021.06.04 12:00:00,-1.0,-1.0,SL,-1.0477,,-0.5,-1.0,-1.0,-0.75,-0.75,-1.0,-1.0,-1.0,-0.2069,0.245,-0.0576
XAUUSD.dk,2021.06.23 16:00:00,0.45,0.5,BE,-0.0441,-0.0441,0.5,0.5,0.5,0.5,0.5,0.25,0.0,0.0,0.0593,-0.2023,-0.2757
XAUUSD.dk,2021.07.01 12:00:00,-1.01,-1.0,SL,,,-1.0,-1.0,-1.0,-1.0,-1.0,-1.0,-1.0,-1.0,-1.0,-1.0,-1.0
XAUUSD.dk,2021.07.08 12:00:00,-1.01,-1.0,SL,,,-1.0,-1.0,-1.0,-1.0,-1.0,-1.0,-1.0,-1.0,-0.4918,-0.1479,-0.5581
XAUUSD.dk,2021.07.19 20:00:00,-1.01,-1.0,SL,,,-1.0,-1.0,-1.0,-1.0,-1.0,-1.0,-1.0,-1.0,-1.0,-1.0,-1.0
XAUUSD.dk,2021.07.20 04:00:00,-1.0,-1.0,SL,-1.8146,,-0.5,-1.0,-1.0,-0.75,-0.75,-1.0,-1.0,-1.0,-1.0,-1.0,-1.0
XAUUSD.dk,2021.07.20 12:00:00,-1.02,-1.0,SL,-1.1211,-1.1211,-0.5,-0.5,-0.25,-0.25,-0.25,-1.0,-1.0,-1.0,-1.0,-1.0,-1.0
XAUUSD.dk,2021.08.04 12:00:00,2.5,2.5,TP,-0.1238,-0.1238,2.5,2.5,2.5,2.5,2.5,2.5,2.5,2.5,2.5,2.5,2.5
XAUUSD.dk,2021.08.19 00:00:00,-1.0,-1.0,SL,-1.1205,,-0.5,-1.0,-1.0,-0.75,-0.75,-1.0,-1.0,-1.0,-1.0,-1.0,-1.0
XAUUSD.dk,2021.08.19 16:00:00,-1.0,-1.0,SL,-2.0659,,-0.5,-1.0,-1.0,-0.75,-0.75,-1.0,-1.0,-1.0,-0.115,-1.0,-1.0
XAUUSD.dk,2021.08.25 00:00:00,0.47,0.5,BE,-0.3334,-0.3334,0.5,0.5,-0.25,-0.25,-0.25,0.25,0.0,0.0,0.5,0.5,0.5
XAUUSD.dk,2021.09.13 16:00:00,0.48,0.5,BE,-2.6712,-2.6712,0.5,0.5,-0.25,0.5,0.875,0.5,0.5,0.0,0.5,0.5,0.5
XAUUSD.dk,2021.09.15 12:00:00,2.58,2.5,TP,0.1258,0.1258,2.5,2.5,2.5,2.5,1.75,2.5,2.5,2.5,2.5,2.5,2.5
XAUUSD.dk,2021.10.15 08:00:00,-1.0,-1.0,SL,-1.8689,-1.8689,-0.5,-0.5,-0.25,-0.25,-0.25,-1.0,-1.0,-1.0,-1.0,-1.0,-1.0
XAUUSD.dk,2021.11.02 08:00:00,2.51,2.5,TP,-0.6376,-0.6376,2.5,2.5,2.5,2.5,2.5,2.5,2.5,2.5,2.5,2.5,2.5
XAUUSD.dk,2021.11.17 08:00:00,-1.02,-1.0,SL,-1.445,-1.445,-0.5,-0.5,-0.25,-0.5,-0.5,-1.0,-1.0,-1.0,-1.0,-1.0,-1.0
XAUUSD.dk,2021.12.01 20:00:00,0.5,0.5,BE,-0.2474,-0.2474,0.5,0.5,0.5,0.5,0.625,0.5,0.5,0.0,0.5,0.5,0.5
XAUUSD.dk,2021.12.06 12:00:00,-1.03,-1.0,SL,-1.1077,-1.1077,-0.5,-0.5,-0.25,-0.5,-0.5,-1.0,-1.0,-1.0,-1.0,-1.0,-1.0
XAUUSD.dk,2021.12.08 12:00:00,0.5,0.5,BE,-0.6169,-0.6169,0.5,0.5,0.5,0.5,0.5,0.25,0.5,0.0,0.5,0.5,0.5
XAUUSD.dk,2021.12.14 12:00:00,0.49,0.5,BE,-0.4896,-0.4896,0.5,0.5,0.5,0.5,0.625,0.25,0.0,0.0,0.5,0.5,0.5
XAUUSD.dk,2021.12.21 12:00:00,-1.0,-1.0,SL,,,-1.0,-1.0,-1.0,-1.0,-1.0,-1.0,-1.0,-1.0,-0.6408,-1.0,-1.0
XAUUSD.dk,2022.01.04 12:00:00,-1.01,-1.0,SL,-1.2345,-1.2345,-0.5,-0.5,-0.25,-0.25,-0.25,-1.0,-1.0,-1.0,-1.0,-1.0,-1.0
XAUUSD.dk,2022.01.13 16:00:00,-1.0,-1.0,SL,-1.2655,-1.2655,-0.5,-0.5,-0.25,-0.25,-0.25,-1.0,-1.0,-1.0,-1.0,-1.0,-1.0
XAUUSD.dk,2022.01.18 12:00:00,0.46,0.5,BE,-0.2907,-0.2907,0.5,0.5,0.5,0.5,0.875,0.5,0.5,0.0,0.5,0.5,0.5
XAUUSD.dk,2022.02.02 20:00:00,-1.0,-1.0,SL,,,-1.0,-1.0,-1.0,-1.0,-1.0,-1.0,-1.0,-1.0,-1.0,-1.0,-1.0
XAUUSD.dk,2022.02.03 16:00:00,2.62,2.5,TP,-0.7578,-0.7578,-0.5,-0.5,-0.25,-0.5,-0.5,2.5,2.5,2.5,2.5,2.5,2.5
XAUUSD.dk,2022.02.15 16:00:00,2.51,2.5,TP,-0.2742,-0.2742,2.5,2.5,2.5,2.5,2.5,2.5,2.5,2.5,2.5,2.5,2.5
XAUUSD.dk,2022.02.22 12:00:00,0.48,0.5,BE,-0.1437,-0.1437,0.5,0.5,0.5,0.5,0.5,0.25,0.0,0.0,0.5,0.5,0.5
XAUUSD.dk,2022.02.23 12:00:00,0.51,0.5,BE,-1.5661,-1.5661,0.5,0.5,0.5,0.5,1.75,0.5,0.5,0.0,0.5,0.5,0.5
XAUUSD.dk,2022.02.25 00:00:00,2.51,2.5,TP,-0.6127,-0.0107,-0.5,2.5,2.5,2.5,1.125,2.5,2.5,2.5,-0.1045,-0.209,2.5
XAUUSD.dk,2022.03.10 08:00:00,-1.0,-1.0,SL,,,-1.0,-1.0,-1.0,-1.0,-1.0,-1.0,-1.0,-1.0,-0.678,-1.0,-1.0
XAUUSD.dk,2022.03.17 08:00:00,-1.06,-1.0,SL,-1.1258,,-0.5,-1.0,-1.0,-0.75,-0.75,-1.0,-1.0,-1.0,-0.1727,-1.0,-1.0
XAUUSD.dk,2022.03.21 12:00:00,-1.03,-1.0,SL,-1.3412,,-0.5,-1.0,-1.0,-0.75,-0.75,-1.0,-1.0,-1.0,-1.0,-1.0,-1.0
XAUUSD.dk,2022.03.23 08:00:00,0.5,0.5,BE,-0.3543,-0.3276,0.5,0.5,0.5,0.5,1.0,0.5,0.5,0.0,0.5,0.5,0.5
XAUUSD.dk,2022.03.30 12:00:00,-1.01,-1.0,SL,-1.0239,-1.0239,-0.5,-0.5,-0.25,-0.5,-0.5,-1.0,-1.0,-1.0,0.3436,-1.0,-1.0
XAUUSD.dk,2022.04.08 20:00:00,0.51,0.5,BE,-0.3226,-0.3226,0.5,0.5,0.5,0.5,0.5,0.5,0.5,0.0,0.5,0.5,0.5
XAUUSD.dk,2022.04.11 16:00:00,0.48,0.5,BE,-0.2925,-0.2427,0.5,0.5,0.5,0.5,0.875,0.5,0.5,0.0,0.5,0.5,0.5
XAUUSD.dk,2022.04.29 00:00:00,-1.01,-1.0,SL,-1.0488,-1.0488,-0.5,-0.5,-0.25,-0.25,-0.25,-1.0,-1.0,-1.0,-1.0,-1.0,-1.0
XAUUSD.dk,2022.05.04 16:00:00,0.49,0.5,BE,-0.488,-0.488,0.5,0.5,-0.25,-0.25,-0.25,0.25,0.0,0.0,0.5,0.5,0.5
XAUUSD.dk,2022.05.06 08:00:00,-1.01,-1.0,SL,-1.5068,-1.5068,-0.5,-0.5,-0.25,-0.5,-0.5,-1.0,-1.0,-1.0,-1.0,-1.0,-1.0
XAUUSD.dk,2022.05.17 00:00:00,-1.0,-1.0,SL,,,-1.0,-1.0,-1.0,-1.0,-1.0,-1.0,-1.0,-1.0,-1.0,-1.0,-1.0
XAUUSD.dk,2022.05.17 12:00:00,-1.0,-1.0,SL,-1.6396,-1.6396,-0.5,-0.5,-0.25,-0.5,-0.5,-1.0,-1.0,-1.0,-1.0,-1.0,-1.0
XAUUSD.dk,2022.05.26 00:00:00,0.5,0.5,BE,-0.4204,-0.4204,0.5,0.5,0.5,0.5,0.625,0.5,0.0,0.0,0.5,0.5,0.5
XAUUSD.dk,2022.05.26 04:00:00,-1.0,-1.0,SL,-1.0291,-1.0291,-0.5,-0.5,-0.25,-0.25,-0.25,-1.0,-1.0,-1.0,-1.0,-1.0,-1.0
XAUUSD.dk,2022.05.29 20:00:00,-1.0,-1.0,SL,,,-1.0,-1.0,-1.0,-1.0,-1.0,-1.0,-1.0,-1.0,-1.0,-1.0,-1.0
XAUUSD.dk,2022.05.30 20:00:00,0.5,0.5,BE,-0.5085,-0.5085,-0.5,-0.5,-0.25,-0.5,-0.5,0.5,0.5,0.0,0.5,0.5,0.5
XAUUSD.dk,2022.06.06 04:00:00,-1.1,-1.0,SL,-1.1083,,-0.5,-1.0,-1.0,-0.75,-0.75,-1.0,-1.0,-1.0,-1.0,-1.0,-1.0
XAUUSD.dk,2022.06.06 12:00:00,-1.02,-1.0,SL,-1.073,,-0.5,-1.0,-1.0,-0.75,-0.75,-1.0,-1.0,-1.0,-0.5206,-1.0,-1.0
XAUUSD.dk,2022.07.03 20:00:00,-1.01,-1.0,SL,,,-1.0,-1.0,-1.0,-1.0,-1.0,-1.0,-1.0,-1.0,-1.0,-1.0,-1.0
XAUUSD.dk,2022.07.04 04:00:00,2.62,2.5001,TP,-0.5204,-0.5204,-0.5,-0.5,-0.25,-0.5,-0.5,2.5001,2.5001,2.5001,2.5001,2.5001,2.5001
XAUUSD.dk,2022.07.05 12:00:00,0.4,0.5,BE,-0.1359,-0.1359,0.5,0.5,0.5,0.5,0.875,0.5,0.5,0.5387,0.5,0.5,0.5
XAUUSD.dk,2022.08.02 16:00:00,-1.02,-1.0,SL,,,-1.0,-1.0,-1.0,-1.0,-1.0,-1.0,-1.0,-1.0,-0.1636,-1.0,-1.0
XAUUSD.dk,2022.08.05 12:00:00,-1.01,-1.0,SL,,,-1.0,-1.0,-1.0,-1.0,-1.0,-1.0,-1.0,-1.0,-0.453,-1.0,-1.0
XAUUSD.dk,2022.08.11 00:00:00,-1.0,-1.0,SL,,,-1.0,-1.0,-1.0,-1.0,-1.0,-1.0,-1.0,-1.0,-0.3515,-1.0,-1.0
XAUUSD.dk,2022.08.15 04:00:00,2.62,2.4999,TP,-0.074,-0.074,2.4999,2.4999,2.4999,2.4999,1.75,2.4999,2.4999,2.4999,2.4999,2.4999,2.4999
XAUUSD.dk,2022.08.29 16:00:00,0.49,0.5,BE,-0.3176,-0.0165,0.5,0.5,0.5,0.5,0.5,2.5001,2.5001,2.5001,0.5,0.5,0.5
XAUUSD.dk,2022.09.02 16:00:00,-1.1,-1.0,SL,,,-1.0,-1.0,-1.0,-1.0,-1.0,-1.0,-1.0,-1.0,-0.0879,-1.0,-1.0
XAUUSD.dk,2022.09.06 12:00:00,-1.05,-1.0,SL,-1.0739,-1.0739,-0.5,-0.5,-0.25,-0.5,-0.5,-1.0,-1.0,-1.0,-1.0,-1.0,-1.0
XAUUSD.dk,2022.09.08 12:00:00,-1.01,-1.0,SL,,,-1.0,-1.0,-1.0,-1.0,-1.0,-1.0,-1.0,-1.0,-1.0,-1.0,-1.0
XAUUSD.dk,2022.09.12 00:00:00,-1.01,-1.0,SL,,,-1.0,-1.0,-1.0,-1.0,-1.0,-1.0,-1.0,-1.0,-1.0,-1.0,-1.0
XAUUSD.dk,2022.09.13 12:00:00,0.5,0.5,BE,-0.015,-0.015,0.5,0.5,0.5,0.5,1.25,0.5,0.5,0.0,-0.0825,0.5,0.5
XAUUSD.dk,2022.10.07 12:00:00,2.6,2.5001,TP,-0.3199,-0.3199,2.5001,2.5001,2.5001,2.5001,1.625,2.5001,2.5001,2.5001,2.5001,2.5001,2.5001
XAUUSD.dk,2022.10.13 12:00:00,0.5,0.5,BE,-0.3367,-0.1483,0.5,0.5,0.5,0.5,0.625,0.5,0.5,0.0,0.5,0.5,0.5
XAUUSD.dk,2022.10.17 16:00:00,0.5,0.5,BE,-0.1406,-0.1406,0.5,0.5,0.5,0.5,0.625,0.25,0.5,0.0,-0.1611,0.5,0.5
XAUUSD.dk,2022.10.25 04:00:00,-1.0,-1.0,SL,-1.5899,-1.5899,-0.5,-0.5,-0.25,-0.5,-0.5,-1.0,-1.0,-1.0,-1.0,-1.0,-1.0
XAUUSD.dk,2022.11.23 20:00:00,2.67,2.5,TP,-0.511,-0.3008,-0.5,2.5,2.5,2.5,1.125,2.5,2.5,2.5,0.1234,-0.0571,-0.4448
XAUUSD.dk,2023.01.06 00:00:00,2.6,2.5,TP,-0.3215,-0.3215,2.5,2.5,2.5,2.5,1.5,2.5,2.5,2.5,2.5,2.5,2.5
XAUUSD.dk,2023.01.12 12:00:00,2.5,2.5,TP,-0.0311,-0.0311,2.5,2.5,2.5,2.5,1.125,2.5,2.5,2.5,2.5,2.5,2.5
XAUUSD.dk,2023.02.01 20:00:00,-1.0,-1.0,SL,,,-1.0,-1.0,-1.0,-1.0,-1.0,-1.0,-1.0,-1.0,-1.0,-1.0,-1.0
XAUUSD.dk,2023.02.08 04:00:00,-1.0,-1.0,SL,,,-1.0,-1.0,-1.0,-1.0,-1.0,-1.0,-1.0,-1.0,-0.2912,-1.0,-1.0
XAUUSD.dk,2023.02.17 16:00:00,-1.0,-1.0,SL,,,-1.0,-1.0,-1.0,-1.0,-1.0,-1.0,-1.0,-1.0,0.02,-0.1609,-0.2716
XAUUSD.dk,2023.02.28 12:00:00,0.46,0.5,BE,-0.4205,-0.4205,0.5,0.5,0.5,0.5,0.75,0.5,0.5,2.5,0.5,0.5,0.5
XAUUSD.dk,2023.03.09 12:00:00,2.62,2.5,TP,-0.1859,0.1289,2.5,2.5,2.5,2.5,1.875,2.5,2.5,2.5,2.5,2.5,2.5
XAUUSD.dk,2023.03.15 08:00:00,2.8,2.5,TP,-0.3117,-0.3117,2.5,2.5,-0.25,2.5,1.25,2.5,2.5,2.5,2.5,2.5,2.5
XAUUSD.dk,2023.05.08 12:00:00,0.48,0.5,BE,-0.5552,-0.5552,0.5,0.5,-0.25,0.5,0.5,0.25,0.0,0.0,0.5,0.5,0.5
XAUUSD.dk,2023.05.10 16:00:00,-1.0,-1.0,SL,-1.9133,-1.9133,-0.5,-0.5,-0.25,-0.5,-0.5,-1.0,-1.0,-1.0,-1.0,-1.0,-1.0
XAUUSD.dk,2023.05.15 04:00:00,-1.0,-1.0,SL,-1.2993,,-0.5,-1.0,-1.0,-0.75,-0.75,-1.0,-1.0,-1.0,-1.0,-1.0,-1.0
XAUUSD.dk,2023.05.21 20:00:00,-1.0,-1.0,SL,,,-1.0,-1.0,-1.0,-1.0,-1.0,-1.0,-1.0,-1.0,-1.0,-1.0,-1.0
XAUUSD.dk,2023.05.23 16:00:00,-1.0,-1.0,SL,-1.6557,,-0.5,-1.0,-1.0,-0.75,-0.75,-1.0,-1.0,-1.0,-0.7365,-1.0,-1.0
XAUUSD.dk,2023.05.30 08:00:00,-1.0,-1.0,SL,-1.083,-1.083,-0.5,-0.5,-0.25,-0.25,-0.25,-1.0,-1.0,-1.0,0.0032,0.2621,-1.0
XAUUSD.dk,2023.06.16 20:00:00,-1.03,-1.0,SL,,,-1.0,-1.0,-1.0,-1.0,-1.0,-1.0,-1.0,-1.0,-1.0,-1.0,-1.0
XAUUSD.dk,2023.06.20 04:00:00,-1.0,-1.0,SL,,,-1.0,-1.0,-1.0,-1.0,-1.0,-1.0,-1.0,-1.0,-1.0,-1.0,-1.0
XAUUSD.dk,2023.06.26 04:00:00,-1.0,-1.0,SL,-1.0669,-1.0669,-0.5,-0.5,-0.25,-0.5,-0.5,-1.0,-1.0,-1.0,-1.0,-1.0,-1.0
XAUUSD.dk,2023.06.27 00:00:00,-1.0,-1.0,SL,,,-1.0,-1.0,-1.0,-1.0,-1.0,-1.0,-1.0,-1.0,-1.0,-1.0,-1.0
XAUUSD.dk,2023.06.30 12:00:00,0.44,0.5,BE,-0.8542,-0.8542,-0.5,-0.5,-0.25,-0.25,-0.25,0.5,0.5,0.0,-0.3367,0.5,0.5
XAUUSD.dk,2023.08.17 12:00:00,-1.0,-1.0,SL,-1.0264,,-0.5,-1.0,-1.0,-0.75,-0.75,-1.0,-1.0,-1.0,-0.1223,-0.2414,-1.0
XAUUSD.dk,2023.08.25 12:00:00,-1.0,-1.0,SL,,,-1.0,-1.0,-1.0,-1.0,-1.0,-1.0,-1.0,-1.0,-0.4585,-1.0,-1.0
XAUUSD.dk,2023.09.01 16:00:00,-1.0,-1.0,SL,-1.5858,-1.5858,-0.5,-0.5,-0.25,-0.25,-0.25,-1.0,-1.0,-1.0,-1.0,-1.0,-1.0
XAUUSD.dk,2023.09.08 00:00:00,-1.0,-1.0,SL,-1.0296,-1.0296,-0.5,-0.5,-0.25,-0.5,-0.5,-1.0,-1.0,-1.0,-1.0,-1.0,-1.0
XAUUSD.dk,2023.09.11 00:00:00,0.5,0.5,BE,-0.2743,-0.2743,0.5,0.5,0.5,0.5,0.5,0.25,0.0,0.0,0.5,0.5,0.5
XAUUSD.dk,2023.09.12 00:00:00,-1.01,-1.0,SL,,,-1.0,-1.0,-1.0,-1.0,-1.0,-1.0,-1.0,-1.0,-1.0,-1.0,-1.0
XAUUSD.dk,2023.09.22 04:00:00,-1.0,-1.0,SL,,,-1.0,-1.0,-1.0,-1.0,-1.0,-1.0,-1.0,-1.0,-0.4765,-1.0,-1.0
XAUUSD.dk,2023.10.24 12:00:00,0.49,0.5,BE,-0.3891,-0.3891,0.5,0.5,0.5,0.5,0.625,0.5,0.5,0.0,0.5,0.5,0.5
XAUUSD.dk,2023.10.25 12:00:00,0.45,0.5,BE,-0.4939,-0.4939,0.5,0.5,-0.25,0.5,0.625,0.25,0.5,0.0,0.5,0.5,0.5
XAUUSD.dk,2023.11.02 08:00:00,-1.0,-1.0,SL,,,-1.0,-1.0,-1.0,-1.0,-1.0,-1.0,-1.0,-1.0,-1.0,-1.0,-1.0
XAUUSD.dk,2023.11.03 00:00:00,0.5,0.5,BE,-0.5141,-0.5141,0.5,0.5,0.5,0.5,1.125,0.5,0.0,0.0,0.5,0.5,0.5
XAUUSD.dk,2023.11.06 08:00:00,-1.0,-1.0,SL,,,-1.0,-1.0,-1.0,-1.0,-1.0,-1.0,-1.0,-1.0,-1.0,-1.0,-1.0
XAUUSD.dk,2023.11.14 12:00:00,2.72,2.5,TP,-0.3346,-0.0857,2.5,2.5,2.5,2.5,2.5,2.5,2.5,2.5,-0.0488,2.5,2.5
XAUUSD.dk,2023.12.01 16:00:00,0.5,0.5,BE,-0.1605,-0.1605,0.5,0.5,0.5,0.5,1.125,0.5,0.5,0.0,0.5,0.5,0.5
XAUUSD.dk,2023.12.07 08:00:00,-1.0,-1.0,SL,-1.4915,-1.4915,-0.5,-0.5,-0.25,-0.25,-0.25,-1.0,-1.0,-1.0,-1.0,-1.0,-1.0
XAUUSD.dk,2023.12.08 00:00:00,-1.01,-1.0,SL,,,-1.0,-1.0,-1.0,-1.0,-1.0,-1.0,-1.0,-1.0,-1.0,-1.0,-1.0
XAUUSD.dk,2023.12.13 16:00:00,0.4,0.5,BE,-0.0308,-0.0308,0.5,0.5,0.5,0.5,1.0,0.5,0.5,2.5,0.5,0.5,0.5
XAUUSD.dk,2024.01.11 20:00:00,0.44,0.5,BE,-0.1667,-0.1667,0.5,0.5,0.5,0.5,0.5,0.25,0.0,0.0,0.5,0.5,0.5
XAUUSD.dk,2024.01.18 20:00:00,0.5,0.5,BE,-0.8214,-0.8214,-0.5,-0.5,-0.25,-0.25,-0.25,0.5,0.5,0.0,0.5,0.5,0.5
XAUUSD.dk,2024.02.06 12:00:00,-1.0,-1.0,SL,-1.1301,-1.1301,-0.5,-0.5,-0.25,-0.5,-0.5,-1.0,-1.0,-1.0,-1.0,-1.0,-1.0
XAUUSD.dk,2024.02.08 20:00:00,-1.0,-1.0,SL,,,-1.0,-1.0,-1.0,-1.0,-1.0,-1.0,-1.0,-1.0,-0.6515,-1.0,-1.0
XAUUSD.dk,2024.02.13 04:00:00,-1.0,-1.0,SL,-3.9022,,-0.5,-1.0,-1.0,-0.75,-0.75,-1.0,-1.0,-1.0,-1.0,-1.0,-1.0
XAUUSD.dk,2024.02.15 16:00:00,2.5,2.5,TP,-0.8058,0.1656,2.5,2.5,2.5,2.5,1.125,2.5,2.5,2.5,2.5,2.5,2.5
XAUUSD.dk,2024.03.01 08:00:00,2.5,2.4999,TP,-0.5736,-0.5736,2.4999,2.4999,2.4999,2.4999,2.4999,2.4999,2.4999,2.4999,2.4999,2.4999,2.4999
XAUUSD.dk,2024.03.13 12:00:00,-1.02,-1.0,SL,-1.2299,-1.2299,-0.5,-0.5,-0.25,-0.5,-0.5,-1.0,-1.0,-1.0,-1.0,-1.0,-1.0
XAUUSD.dk,2024.03.15 04:00:00,-1.01,-1.0,SL,-1.4617,-1.4617,-0.5,-0.5,-0.25,-0.25,-0.25,-1.0,-1.0,-1.0,-1.0,-1.0,-1.0
XAUUSD.dk,2024.03.18 08:00:00,0.47,0.5,BE,-0.3494,-0.3494,0.5,0.5,0.5,0.5,1.875,0.5,0.5,2.5,-0.3491,-0.4524,0.5
XAUUSD.dk,2024.03.25 12:00:00,0.5,0.5,BE,-0.2987,-0.2987,0.5,0.5,0.5,0.5,0.875,0.5,0.5,2.5,0.5,0.5,0.5
XAUUSD.dk,2024.03.26 16:00:00,2.56,2.5001,TP,-0.6076,-0.6076,-0.5,2.5001,-0.25,2.5001,1.25,2.5001,2.5001,2.5001,2.5001,2.5001,2.5001
XAUUSD.dk,2024.04.05 04:00:00,2.67,2.5,TP,-0.3855,-0.3855,2.5,2.5,2.5,2.5,0.875,2.5,2.5,2.5,2.5,2.5,2.5
XAUUSD.dk,2024.04.14 20:00:00,-1.01,-1.0,SL,,,-1.0,-1.0,-1.0,-1.0,-1.0,-1.0,-1.0,-1.0,-1.0,-1.0,-1.0
XAUUSD.dk,2024.04.15 16:00:00,-1.0,-1.0,SL,-1.4009,,-0.5,-1.0,-1.0,-0.75,-0.75,-1.0,-1.0,-1.0,0.05,-0.2124,-0.0966
XAUUSD.dk,2024.04.25 12:00:00,0.46,0.5,BE,-0.3805,-0.0858,0.5,0.5,0.5,0.5,0.5,0.25,0.0,0.0,0.5,0.5,0.5
XAUUSD.dk,2024.04.26 16:00:00,-1.0,-1.0,SL,,,-1.0,-1.0,-1.0,-1.0,-1.0,-1.0,-1.0,-1.0,-1.0,-1.0,-1.0
XAUUSD.dk,2024.04.29 04:00:00,-1.0,-1.0,SL,-1.1787,-1.1787,-0.5,-0.5,-0.25,-0.5,-0.5,-1.0,-1.0,-1.0,-1.0,-1.0,-1.0
XAUUSD.dk,2024.05.01 20:00:00,-1.01,-1.0,SL,,,-1.0,-1.0,-1.0,-1.0,-1.0,-1.0,-1.0,-1.0,-1.0,-1.0,-1.0
XAUUSD.dk,2024.05.06 00:00:00,0.46,0.5,BE,-0.1232,-0.1232,0.5,0.5,0.5,0.5,0.5,2.5,2.5,2.5,0.5,0.5,0.5
XAUUSD.dk,2024.05.08 00:00:00,-1.0,-1.0,SL,,,-1.0,-1.0,-1.0,-1.0,-1.0,-1.0,-1.0,-1.0,-1.0,-1.0,-1.0
XAUUSD.dk,2024.05.08 08:00:00,0.41,2.5,TP,-0.6569,-0.6569,-0.5,-0.5,-0.25,-0.5,-0.5,2.5,2.5,2.5,2.5,2.5,2.5
XAUUSD.dk,2024.05.09 12:00:00,2.51,2.5,TP,-0.0497,-0.0497,2.5,2.5,2.5,2.5,0.875,2.5,2.5,2.5,2.5,2.5,2.5
XAUUSD.dk,2024.05.21 04:00:00,-1.02,-1.0,SL,-2.5211,-2.5211,-0.5,-0.5,-0.25,-0.25,-0.25,-1.0,-1.0,-1.0,-1.0,-1.0,-1.0
XAUUSD.dk,2024.05.28 12:00:00,-1.0,-1.0,SL,,,-1.0,-1.0,-1.0,-1.0,-1.0,-1.0,-1.0,-1.0,-1.0,-1.0,-1.0
XAUUSD.dk,2024.06.05 20:00:00,0.44,0.5,BE,-1.0018,-1.0018,0.5,0.5,0.5,0.5,0.625,0.25,0.5,0.0,0.5,0.5,0.5
XAUUSD.dk,2024.06.12 12:00:00,-1.0,-1.0,SL,,,-1.0,-1.0,-1.0,-1.0,-1.0,-1.0,-1.0,-1.0,-1.0,-1.0,-1.0
XAUUSD.dk,2024.06.14 04:00:00,0.48,0.5,BE,-0.3549,-0.3549,0.5,0.5,0.5,0.5,0.625,0.25,0.5,0.0,0.5,0.5,0.5
XAUUSD.dk,2024.06.17 16:00:00,-1.0,-1.0,SL,-1.2204,,-0.5,-1.0,-1.0,-0.75,-0.75,-1.0,-1.0,-1.0,-1.0,-1.0,-1.0
XAUUSD.dk,2024.06.18 12:00:00,0.5,0.5,BE,-0.1692,-0.1692,0.5,0.5,0.5,0.5,0.875,0.5,0.5,0.0,0.1371,0.5,0.5
XAUUSD.dk,2024.06.27 08:00:00,2.5,2.5,TP,-0.0421,-0.0421,2.5,2.5,2.5,2.5,1.75,2.5,2.5,2.5,2.5,2.5,2.5
XAUUSD.dk,2024.07.24 00:00:00,0.46,0.5,BE,-1.2187,-1.2187,0.5,0.5,0.5,0.5,0.5,0.25,0.0,0.0,0.5,0.5,0.5
XAUUSD.dk,2024.07.26 16:00:00,2.5,2.4999,TP,-0.9011,-0.9011,-0.5,-0.5,-0.25,-0.25,-0.25,2.4999,2.4999,2.4999,2.4999,2.4999,2.4999
XAUUSD.dk,2024.08.02 16:00:00,-1.0,-1.0,SL,-1.8977,-1.8977,-0.5,-0.5,-0.25,-0.75,-0.75,-1.0,-1.0,-1.0,-1.0,-1.0,-1.0
XAUUSD.dk,2024.08.15 00:00:00,-1.0,-1.0,SL,-1.283,-1.283,-0.5,-0.5,-0.25,-0.5,-0.5,-1.0,-1.0,-1.0,-1.0,-1.0,-1.0
XAUUSD.dk,2024.08.15 20:00:00,2.53,2.5,TP,-0.2341,0.0657,2.5,2.5,2.5,2.5,1.375,2.5,2.5,2.5,2.5,2.5,2.5
XAUUSD.dk,2024.09.17 20:00:00,0.51,-1.0,SL,-1.9339,,-0.5,-1.0,-1.0,-0.75,-0.75,-1.0,-1.0,-1.0,-1.0,-1.0,-1.0
XAUUSD.dk,2024.09.19 04:00:00,2.5,2.5,TP,-0.3884,0.1835,2.5,2.5,2.5,2.5,1.25,2.5,2.5,2.5,2.5,2.5,2.5
XAUUSD.dk,2024.10.24 04:00:00,0.45,0.5,BE,-0.8055,-0.4319,-0.5,0.5,-0.25,-0.75,-0.75,0.5,0.5,0.0,-0.3468,0.5,0.5
XAUUSD.dk,2024.11.05 20:00:00,-1.0,-1.0,SL,,,-1.0,-1.0,-1.0,-1.0,-1.0,-1.0,-1.0,-1.0,-1.0,-1.0,-1.0
XAUUSD.dk,2024.11.07 20:00:00,-1.0,-1.0,SL,,,-1.0,-1.0,-1.0,-1.0,-1.0,-1.0,-1.0,-1.0,-0.5055,-1.0,-1.0
XAUUSD.dk,2024.11.18 00:00:00,2.72,2.5,TP,0.0131,0.0131,2.5,2.5,2.5,2.5,2.5,2.5,2.5,2.5,2.5,2.5,2.5
XAUUSD.dk,2024.11.25 08:00:00,-1.0,-1.0,SL,,,-1.0,-1.0,-1.0,-1.0,-1.0,-1.0,-1.0,-1.0,-1.0,-1.0,-1.0
XAUUSD.dk,2024.11.27 04:00:00,-1.0,-1.0,SL,-1.1689,-1.1689,-0.5,-0.5,-0.25,-0.5,-0.5,-1.0,-1.0,-1.0,-1.0,-1.0,-1.0
XAUUSD.dk,2024.11.28 08:00:00,-1.01,-1.0,SL,-1.2326,-1.2326,-0.5,-0.5,-0.25,-0.5,-0.5,-1.0,-1.0,-1.0,-1.0,-1.0,-1.0
XAUUSD.dk,2024.12.20 12:00:00,2.5,2.5,TP,-0.4401,-0.4401,2.5,2.5,-0.25,-0.25,-0.25,2.5,2.5,2.5,-0.3941,-0.4263,-0.0671
XAUUSD.dk,2025.01.27 08:00:00,-1.0,-1.0,SL,,,-1.0,-1.0,-1.0,-1.0,-1.0,-1.0,-1.0,-1.0,-1.0,-1.0,-1.0
XAUUSD.dk,2025.01.28 12:00:00,2.5,2.5,TP,-0.4742,-0.4742,2.5,2.5,-0.25,2.5,1.375,2.5,2.5,2.5,2.5,2.5,2.5
XAUUSD.dk,2025.02.06 16:00:00,0.45,0.5,BE,-0.0677,-0.0677,0.5,0.5,0.5,0.5,0.75,0.5,0.5,2.5,0.5,0.5,0.5
XAUUSD.dk,2025.02.07 20:00:00,2.56,2.5001,TP,-0.465,-0.465,2.5001,2.5001,2.5001,2.5001,2.5001,2.5001,2.5001,2.5001,2.5001,2.5001,2.5001
XAUUSD.dk,2025.02.10 04:00:00,0.4,0.5,BE,-0.3266,-0.3266,0.5,0.5,0.5,0.5,0.5,0.25,0.5,0.0,0.5,0.5,0.5
XAUUSD.dk,2025.02.11 12:00:00,-1.0,-1.0,SL,,,-1.0,-1.0,-1.0,-1.0,-1.0,-1.0,-1.0,-1.0,-1.0,-1.0,-1.0
XAUUSD.dk,2025.02.12 12:00:00,0.43,0.5,BE,-0.0791,-0.0523,0.5,0.5,0.5,0.5,0.625,0.25,0.5,0.0,0.5,0.5,0.5
XAUUSD.dk,2025.02.17 00:00:00,0.5,0.5,BE,-0.4102,-0.1042,0.5,0.5,0.5,0.5,0.875,0.5,0.5,0.0,0.1923,0.5,0.5
XAUUSD.dk,2025.03.03 12:00:00,0.5,0.5,BE,-0.2513,-0.2513,0.5,0.5,0.5,0.5,0.625,2.5,0.5,2.5,0.5,0.5,0.5
XAUUSD.dk,2025.03.11 08:00:00,2.71,2.5,TP,-0.219,0.4105,2.5,2.5,2.5,2.5,2.5,2.5,2.5,2.5,0.0484,2.5,2.5
XAUUSD.dk,2025.03.21 04:00:00,-1.0,-1.0,SL,-2.7767,,-0.5,-1.0,-1.0,-0.75,-0.75,-1.0,-1.0,-1.0,-1.0,-1.0,-1.0
XAUUSD.dk,2025.03.25 08:00:00,0.47,0.5,BE,-0.4486,-0.4486,0.5,0.5,0.5,0.5,0.5,0.25,2.4999,2.4999,0.5,0.5,0.5
XAUUSD.dk,2025.03.25 12:00:00,2.5,2.5,TP,-0.7343,-0.7343,-0.5,-0.5,-0.25,-0.25,-0.25,2.5,2.5,2.5,2.5,2.5,2.5
XAUUSD.dk,2025.04.01 16:00:00,0.47,0.5,BE,-0.7092,-0.7092,-0.5,-0.5,-0.25,-0.25,-0.25,0.5,0.5,0.0,0.5,0.5,0.5
XAUUSD.dk,2025.04.09 04:00:00,3.01,2.5,TP,-0.0677,0.022,2.5,2.5,2.5,2.5,2.5,2.5,2.5,2.5,2.5,2.5,2.5
XAUUSD.dk,2025.04.24 16:00:00,-1.0,-1.0,SL,-1.3752,-1.3752,-0.5,-0.5,-0.25,-0.5,-0.5,-1.0,-1.0,-1.0,-1.0,-1.0,-1.0
XAUUSD.dk,2025.04.28 12:00:00,-1.0,-1.0,SL,-1.0322,-1.0322,-0.5,-0.5,-0.25,-0.5,-0.5,-1.0,-1.0,-1.0,-1.0,-1.0,-1.0
XAUUSD.dk,2025.05.05 04:00:00,2.5,2.5,TP,-0.0551,-0.0551,2.5,2.5,2.5,2.5,2.5,2.5,2.5,2.5,2.5,2.5,2.5
XAUUSD.dk,2025.05.09 12:00:00,-1.81,-1.0,SL,,,-1.0,-1.0,-1.0,-1.0,-1.0,-1.0,-1.0,-1.0,-1.0,-1.0,-1.0
XAUUSD.dk,2025.05.15 12:00:00,2.5,2.5,TP,-0.6454,0.1298,-0.5,2.5,2.5,2.5,0.875,2.5,2.5,2.5,-0.3565,0.2359,0.211
XAUUSD.dk,2025.09.11 12:00:00,0.5,0.5,BE,-0.3018,-0.3018,0.5,0.5,0.5,0.5,0.5,0.5,0.5,2.5,0.5,0.5,0.5
XAUUSD.dk,2025.09.15 00:00:00,0.49,0.5,BE,-0.5789,-0.5789,0.5,0.5,0.5,0.5,1.25,0.5,0.5,2.5,0.5,0.5,0.5
XAUUSD.dk,2025.09.18 08:00:00,-1.0,-1.0,SL,,,-1.0,-1.0,-1.0,-1.0,-1.0,-1.0,-1.0,-1.0,-1.0,-1.0,-1.0
XAUUSD.dk,2025.09.19 12:00:00,2.67,2.5,TP,-0.1424,0.4326,2.5,2.5,2.5,2.5,2.5,2.5,2.5,2.5,2.5,2.5,2.5
XAUUSD.dk,2025.09.24 20:00:00,2.5,2.5,TP,-0.7565,-0.7565,-0.5,-0.5,-0.25,-0.5,-0.5,2.5,2.5,2.5,2.5,2.5,2.5
XAUUSD.dk,2025.09.30 12:00:00,0.4,0.5,BE,-0.4023,-0.4023,0.5,0.5,0.5,0.5,0.5,2.5,2.5,2.5,0.5,0.5,0.5
XAUUSD.dk,2025.10.02 16:00:00,2.72,2.5,TP,-0.3578,0.1283,2.5,2.5,2.5,2.5,2.5,2.5,2.5,2.5,2.5,2.5,2.5
XAUUSD.dk,2025.10.10 12:00:00,2.8,2.5,TP,-0.416,0.0635,2.5,2.5,2.5,2.5,1.5,2.5,2.5,2.5,2.5,2.5,2.5
XAUUSD.dk,2025.10.17 20:00:00,0.5,0.5,BE,-0.4386,-0.0567,0.5,0.5,0.5,0.5,0.875,0.5,0.5,0.0,0.5,0.5,0.5
XAUUSD.dk,2025.10.24 12:00:00,-1.01,-1.0,SL,,,-1.0,-1.0,-1.0,-1.0,-1.0,-1.0,-1.0,-1.0,-1.0,-1.0,-1.0
XAUUSD.dk,2025.10.29 08:00:00,-1.0,-1.0,SL,,,-1.0,-1.0,-1.0,-1.0,-1.0,-1.0,-1.0,-1.0,-1.0,-1.0,-1.0
XAUUSD.dk,2025.10.30 12:00:00,-1.0,-1.0,SL,-1.018,-1.018,-0.5,-0.5,-0.25,-0.5,-0.5,-1.0,-1.0,-1.0,-1.0,-1.0,-1.0
XAUUSD.dk,2025.11.05 16:00:00,2.5,2.5,TP,-0.6381,-0.6381,-0.5,-0.5,-0.25,-0.25,-0.25,2.5,2.5,2.5,2.5,2.5,2.5
XAUUSD.dk,2025.11.13 20:00:00,-1.0,-1.0,SL,-1.2503,-1.2503,-0.5,-0.5,-0.25,-0.5,-0.5,-1.0,-1.0,-1.0,-1.0,-1.0,-1.0
XAUUSD.dk,2025.11.18 16:00:00,3.0,2.5,TP,-0.7893,-0.7893,-0.5,-0.5,-0.25,-0.5,-0.5,2.5,2.5,2.5,2.5,2.5,2.5
