symbol,hour_utc,is_h4_close,n_bars_hour,spread_med_hour,cost_r_hour,n_bars_first5,spread_med_first5,cost_r_first5,est_stop,sampled_days,asof_utc
AUDCAD.sim,0,0,840,0.000090,0.0335,70,0.000090,0.0335,0.002689,20.0,2026-09-23T22:44:55Z
AUDCAD.sim,1,1,840,0.000090,0.0335,70,0.000080,0.0298,0.002689,20.0,2026-09-23T22:44:55Z
AUDCAD.sim,2,0,839,0.000090,0.0335,70,0.000090,0.0335,0.002689,20.0,2026-09-23T22:44:55Z
AUDCAD.sim,3,0,840,0.000090,0.0335,70,0.000090,0.0335,0.002689,20.0,2026-09-23T22:44:55Z
AUDCAD.sim,4,0,840,0.000090,0.0335,70,0.000090,0.0335,0.002689,20.0,2026-09-23T22:44:55Z
AUDCAD.sim,5,1,839,0.000090,0.0335,70,0.000090,0.0335,0.002689,20.0,2026-09-23T22:44:55Z
AUDCAD.sim,6,0,840,0.000070,0.0260,70,0.000080,0.0298,0.002689,20.0,2026-09-23T22:44:55Z
AUDCAD.sim,7,0,840,0.000070,0.0260,70,0.000070,0.0260,0.002689,20.0,2026-09-23T22:44:55Z
AUDCAD.sim,8,0,840,0.000070,0.0260,70,0.000070,0.0260,0.002689,20.0,2026-09-23T22:44:55Z
AUDCAD.sim,9,1,840,0.000070,0.0260,70,0.000070,0.0260,0.002689,20.0,2026-09-23T22:44:55Z
AUDCAD.sim,10,0,840,0.000070,0.0260,70,0.000070,0.0260,0.002689,20.0,2026-09-23T22:44:55Z
AUDCAD.sim,11,0,840,0.000060,0.0223,70,0.000070,0.0260,0.002689,20.0,2026-09-23T22:44:55Z
AUDCAD.sim,12,0,840,0.000060,0.0223,70,0.000060,0.0223,0.002689,20.0,2026-09-23T22:44:55Z
AUDCAD.sim,13,1,840,0.000060,0.0223,70,0.000060,0.0223,0.002689,20.0,2026-09-23T22:44:55Z
AUDCAD.sim,14,0,840,0.000060,0.0223,70,0.000050,0.0186,0.002689,20.0,2026-09-23T22:44:55Z
AUDCAD.sim,15,0,840,0.000060,0.0223,70,0.000060,0.0223,0.002689,20.0,2026-09-23T22:44:55Z
AUDCAD.sim,16,0,840,0.000050,0.0186,70,0.000050,0.0186,0.002689,20.0,2026-09-23T22:44:55Z
AUDCAD.sim,17,1,828,0.000060,0.0223,70,0.000050,0.0186,0.002689,20.0,2026-09-23T22:44:55Z
AUDCAD.sim,18,0,823,0.000060,0.0223,70,0.000060,0.0223,0.002689,20.0,2026-09-23T22:44:55Z
AUDCAD.sim,19,0,825,0.000060,0.0223,70,0.000060,0.0223,0.002689,20.0,2026-09-23T22:44:55Z
AUDCAD.sim,20,0,811,0.000070,0.0260,70,0.000060,0.0223,0.002689,20.0,2026-09-23T22:44:55Z
AUDCAD.sim,21,1,772,0.001000,0.3719,0,,,0.002689,20.0,2026-09-23T22:44:55Z
AUDCAD.sim,22,0,837,0.000150,0.0558,75,0.000210,0.0781,0.002689,20.0,2026-09-23T22:44:55Z
AUDCAD.sim,23,0,826,0.000100,0.0372,69,0.000140,0.0521,0.002689,20.0,2026-09-23T22:44:55Z
AUDCHF.sim,0,0,840,0.000040,0.0230,70,0.000040,0.0230,0.001737,20.0,2026-09-23T22:44:55Z
AUDCHF.sim,1,1,840,0.000040,0.0230,70,0.000040,0.0230,0.001737,20.0,2026-09-23T22:44:55Z
AUDCHF.sim,2,0,840,0.000040,0.0230,70,0.000040,0.0230,0.001737,20.0,2026-09-23T22:44:55Z
AUDCHF.sim,3,0,839,0.000040,0.0230,70,0.000040,0.0230,0.001737,20.0,2026-09-23T22:44:55Z
AUDCHF.sim,4,0,840,0.000040,0.0230,70,0.000050,0.0288,0.001737,20.0,2026-09-23T22:44:55Z
AUDCHF.sim,5,1,840,0.000040,0.0230,70,0.000040,0.0230,0.001737,20.0,2026-09-23T22:44:55Z
AUDCHF.sim,6,0,840,0.000030,0.0173,70,0.000040,0.0230,0.001737,20.0,2026-09-23T22:44:55Z
AUDCHF.sim,7,0,840,0.000030,0.0173,70,0.000030,0.0173,0.001737,20.0,2026-09-23T22:44:55Z
AUDCHF.sim,8,0,840,0.000040,0.0230,70,0.000030,0.0173,0.001737,20.0,2026-09-23T22:44:55Z
AUDCHF.sim,9,1,840,0.000040,0.0230,70,0.000040,0.0230,0.001737,20.0,2026-09-23T22:44:55Z
AUDCHF.sim,10,0,840,0.000040,0.0230,70,0.000040,0.0230,0.001737,20.0,2026-09-23T22:44:55Z
AUDCHF.sim,11,0,840,0.000040,0.0230,70,0.000035,0.0202,0.001737,20.0,2026-09-23T22:44:55Z
AUDCHF.sim,12,0,840,0.000040,0.0230,70,0.000030,0.0173,0.001737,20.0,2026-09-23T22:44:55Z
AUDCHF.sim,13,1,840,0.000030,0.0173,70,0.000035,0.0202,0.001737,20.0,2026-09-23T22:44:55Z
AUDCHF.sim,14,0,840,0.000030,0.0173,70,0.000030,0.0173,0.001737,20.0,2026-09-23T22:44:55Z
AUDCHF.sim,15,0,839,0.000030,0.0173,70,0.000030,0.0173,0.001737,20.0,2026-09-23T22:44:55Z
AUDCHF.sim,16,0,840,0.000030,0.0173,70,0.000030,0.0173,0.001737,20.0,2026-09-23T22:44:55Z
AUDCHF.sim,17,1,836,0.000040,0.0230,70,0.000030,0.0173,0.001737,20.0,2026-09-23T22:44:55Z
AUDCHF.sim,18,0,836,0.000040,0.0230,70,0.000040,0.0230,0.001737,20.0,2026-09-23T22:44:55Z
AUDCHF.sim,19,0,836,0.000040,0.0230,70,0.000040,0.0230,0.001737,20.0,2026-09-23T22:44:55Z
AUDCHF.sim,20,0,812,0.000050,0.0288,69,0.000040,0.0230,0.001737,20.0,2026-09-23T22:44:55Z
AUDCHF.sim,21,1,728,0.001070,0.6161,0,,,0.001737,20.0,2026-09-23T22:44:55Z
AUDCHF.sim,22,0,840,0.000110,0.0633,70,0.000190,0.1094,0.001737,20.0,2026-09-23T22:44:55Z
AUDCHF.sim,23,0,834,0.000060,0.0346,70,0.000090,0.0518,0.001737,20.0,2026-09-23T22:44:55Z
AUDJPY.sim,0,0,840,0.002000,0.0053,70,0.002000,0.0053,0.377043,20.0,2026-09-23T22:44:55Z
AUDJPY.sim,1,1,840,0.002000,0.0053,70,0.002000,0.0053,0.377043,20.0,2026-09-23T22:44:55Z
AUDJPY.sim,2,0,840,0.002000,0.0053,70,0.002000,0.0053,0.377043,20.0,2026-09-23T22:44:55Z
AUDJPY.sim,3,0,840,0.003000,0.0080,70,0.002000,0.0053,0.377043,20.0,2026-09-23T22:44:55Z
AUDJPY.sim,4,0,840,0.002000,0.0053,70,0.002000,0.0053,0.377043,20.0,2026-09-23T22:44:55Z
AUDJPY.sim,5,1,840,0.002000,0.0053,70,0.002000,0.0053,0.377043,20.0,2026-09-23T22:44:55Z
AUDJPY.sim,6,0,840,0.002000,0.0053,70,0.001000,0.0027,0.377043,20.0,2026-09-23T22:44:55Z
AUDJPY.sim,7,0,840,0.002000,0.0053,70,0.002000,0.0053,0.377043,20.0,2026-09-23T22:44:55Z
AUDJPY.sim,8,0,840,0.001000,0.0027,70,0.001000,0.0027,0.377043,20.0,2026-09-23T22:44:55Z
AUDJPY.sim,9,1,840,0.001000,0.0027,70,0.002000,0.0053,0.377043,20.0,2026-09-23T22:44:55Z
AUDJPY.sim,10,0,840,0.002000,0.0053,70,0.002000,0.0053,0.377043,20.0,2026-09-23T22:44:55Z
AUDJPY.sim,11,0,840,0.001000,0.0027,70,0.002000,0.0053,0.377043,20.0,2026-09-23T22:44:55Z
AUDJPY.sim,12,0,840,0.001000,0.0027,70,0.001000,0.0027,0.377043,20.0,2026-09-23T22:44:55Z
AUDJPY.sim,13,1,840,0.001000,0.0027,70,0.001000,0.0027,0.377043,20.0,2026-09-23T22:44:55Z
AUDJPY.sim,14,0,840,0.001000,0.0027,70,0.002000,0.0053,0.377043,20.0,2026-09-23T22:44:55Z
AUDJPY.sim,15,0,840,0.001000,0.0027,70,0.001000,0.0027,0.377043,20.0,2026-09-23T22:44:55Z
AUDJPY.sim,16,0,840,0.002000,0.0053,70,0.001000,0.0027,0.377043,20.0,2026-09-23T22:44:55Z
AUDJPY.sim,17,1,840,0.002000,0.0053,70,0.001000,0.0027,0.377043,20.0,2026-09-23T22:44:55Z
AUDJPY.sim,18,0,840,0.002000,0.0053,70,0.002000,0.0053,0.377043,20.0,2026-09-23T22:44:55Z
AUDJPY.sim,19,0,840,0.002000,0.0053,70,0.001000,0.0027,0.377043,20.0,2026-09-23T22:44:55Z
AUDJPY.sim,20,0,826,0.003000,0.0080,70,0.002000,0.0053,0.377043,20.0,2026-09-23T22:44:55Z
AUDJPY.sim,21,1,761,0.100000,0.2652,0,,,0.377043,20.0,2026-09-23T22:44:55Z
AUDJPY.sim,22,0,825,0.006000,0.0159,70,0.008500,0.0225,0.377043,20.0,2026-09-23T22:44:55Z
AUDJPY.sim,23,0,788,0.002000,0.0053,65,0.002000,0.0053,0.377043,20.0,2026-09-23T22:44:55Z
AUDNZD.sim,0,0,840,0.000030,0.0098,70,0.000020,0.0066,0.003049,20.0,2026-09-23T22:44:55Z
AUDNZD.sim,1,1,840,0.000030,0.0098,70,0.000030,0.0098,0.003049,20.0,2026-09-23T22:44:55Z
AUDNZD.sim,2,0,840,0.000030,0.0098,70,0.000040,0.0131,0.003049,20.0,2026-09-23T22:44:55Z
AUDNZD.sim,3,0,840,0.000030,0.0098,70,0.000035,0.0115,0.003049,20.0,2026-09-23T22:44:55Z
AUDNZD.sim,4,0,840,0.000030,0.0098,70,0.000030,0.0098,0.003049,20.0,2026-09-23T22:44:55Z
AUDNZD.sim,5,1,840,0.000030,0.0098,70,0.000030,0.0098,0.003049,20.0,2026-09-23T22:44:55Z
AUDNZD.sim,6,0,840,0.000030,0.0098,70,0.000030,0.0098,0.003049,20.0,2026-09-23T22:44:55Z
AUDNZD.sim,7,0,840,0.000020,0.0066,70,0.000030,0.0098,0.003049,20.0,2026-09-23T22:44:55Z
AUDNZD.sim,8,0,840,0.000030,0.0098,70,0.000020,0.0066,0.003049,20.0,2026-09-23T22:44:55Z
AUDNZD.sim,9,1,840,0.000030,0.0098,70,0.000020,0.0066,0.003049,20.0,2026-09-23T22:44:55Z
AUDNZD.sim,10,0,840,0.000030,0.0098,70,0.000030,0.0098,0.003049,20.0,2026-09-23T22:44:55Z
AUDNZD.sim,11,0,840,0.000020,0.0066,70,0.000030,0.0098,0.003049,20.0,2026-09-23T22:44:55Z
AUDNZD.sim,12,0,840,0.000030,0.0098,70,0.000020,0.0066,0.003049,20.0,2026-09-23T22:44:55Z
AUDNZD.sim,13,1,840,0.000020,0.0066,70,0.000030,0.0098,0.003049,20.0,2026-09-23T22:44:55Z
AUDNZD.sim,14,0,840,0.000020,0.0066,70,0.000020,0.0066,0.003049,20.0,2026-09-23T22:44:55Z
AUDNZD.sim,15,0,840,0.000020,0.0066,70,0.000010,0.0033,0.003049,20.0,2026-09-23T22:44:55Z
AUDNZD.sim,16,0,840,0.000030,0.0098,70,0.000030,0.0098,0.003049,20.0,2026-09-23T22:44:55Z
AUDNZD.sim,17,1,840,0.000030,0.0098,70,0.000030,0.0098,0.003049,20.0,2026-09-23T22:44:55Z
AUDNZD.sim,18,0,826,0.000030,0.0098,70,0.000030,0.0098,0.003049,20.0,2026-09-23T22:44:55Z
AUDNZD.sim,19,0,770,0.000030,0.0098,0,,,0.003049,20.0,2026-09-23T22:44:55Z
AUDNZD.sim,20,0,826,0.000050,0.0164,70,0.000040,0.0131,0.003049,20.0,2026-09-23T22:44:55Z
AUDNZD.sim,21,1,738,0.001240,0.4067,0,,,0.003049,20.0,2026-09-23T22:44:55Z
AUDNZD.sim,22,0,880,0.000070,0.0230,70,0.000070,0.0230,0.003049,20.0,2026-09-23T22:44:55Z
AUDNZD.sim,23,0,840,0.000040,0.0131,70,0.000050,0.0164,0.003049,20.0,2026-09-23T22:44:55Z
AUDUSD.sim,0,0,840,0.000000,0.0000,70,0.000000,0.0000,0.002292,20.0,2026-09-23T22:44:55Z
AUDUSD.sim,1,1,840,0.000000,0.0000,70,0.000000,0.0000,0.002292,20.0,2026-09-23T22:44:55Z
AUDUSD.sim,2,0,840,0.000010,0.0044,70,0.000010,0.0044,0.002292,20.0,2026-09-23T22:44:55Z
AUDUSD.sim,3,0,840,0.000010,0.0044,70,0.000010,0.0044,0.002292,20.0,2026-09-23T22:44:55Z
AUDUSD.sim,4,0,840,0.000010,0.0044,70,0.000010,0.0044,0.002292,20.0,2026-09-23T22:44:55Z
AUDUSD.sim,5,1,840,0.000010,0.0044,70,0.000010,0.0044,0.002292,20.0,2026-09-23T22:44:55Z
AUDUSD.sim,6,0,840,0.000000,0.0000,70,0.000000,0.0000,0.002292,20.0,2026-09-23T22:44:55Z
AUDUSD.sim,7,0,840,0.000000,0.0000,70,0.000000,0.0000,0.002292,20.0,2026-09-23T22:44:55Z
AUDUSD.sim,8,0,840,0.000000,0.0000,70,0.000000,0.0000,0.002292,20.0,2026-09-23T22:44:55Z
AUDUSD.sim,9,1,840,0.000000,0.0000,70,0.000000,0.0000,0.002292,20.0,2026-09-23T22:44:55Z
AUDUSD.sim,10,0,840,0.000000,0.0000,70,0.000000,0.0000,0.002292,20.0,2026-09-23T22:44:55Z
AUDUSD.sim,11,0,840,0.000000,0.0000,70,0.000000,0.0000,0.002292,20.0,2026-09-23T22:44:55Z
AUDUSD.sim,12,0,840,0.000000,0.0000,70,0.000000,0.0000,0.002292,20.0,2026-09-23T22:44:55Z
AUDUSD.sim,13,1,840,0.000000,0.0000,70,0.000000,0.0000,0.002292,20.0,2026-09-23T22:44:55Z
AUDUSD.sim,14,0,840,0.000000,0.0000,70,0.000000,0.0000,0.002292,20.0,2026-09-23T22:44:55Z
AUDUSD.sim,15,0,840,0.000000,0.0000,70,0.000000,0.0000,0.002292,20.0,2026-09-23T22:44:55Z
AUDUSD.sim,16,0,840,0.000000,0.0000,70,0.000000,0.0000,0.002292,20.0,2026-09-23T22:44:55Z
AUDUSD.sim,17,1,840,0.000010,0.0044,70,0.000000,0.0000,0.002292,20.0,2026-09-23T22:44:55Z
AUDUSD.sim,18,0,840,0.000010,0.0044,70,0.000010,0.0044,0.002292,20.0,2026-09-23T22:44:55Z
AUDUSD.sim,19,0,836,0.000010,0.0044,70,0.000010,0.0044,0.002292,20.0,2026-09-23T22:44:55Z
AUDUSD.sim,20,0,826,0.000010,0.0044,70,0.000010,0.0044,0.002292,20.0,2026-09-23T22:44:55Z
AUDUSD.sim,21,1,753,0.000350,0.1527,0,,,0.002292,20.0,2026-09-23T22:44:55Z
AUDUSD.sim,22,0,825,0.000010,0.0044,70,0.000000,0.0000,0.002292,20.0,2026-09-23T22:44:55Z
AUDUSD.sim,23,0,800,0.000010,0.0044,65,0.000010,0.0044,0.002292,20.0,2026-09-23T22:44:55Z
BTCUSD.sim,0,0,839,3.000000,0.0025,69,3.000000,0.0025,1198.076968,19.9,2026-09-23T22:44:55Z
BTCUSD.sim,1,1,840,3.000000,0.0025,70,3.000000,0.0025,1198.076968,19.9,2026-09-23T22:44:55Z
BTCUSD.sim,2,0,840,3.000000,0.0025,70,3.000000,0.0025,1198.076968,19.9,2026-09-23T22:44:55Z
BTCUSD.sim,3,0,840,3.000000,0.0025,70,3.000000,0.0025,1198.076968,19.9,2026-09-23T22:44:55Z
BTCUSD.sim,4,0,840,3.000000,0.0025,70,3.000000,0.0025,1198.076968,19.9,2026-09-23T22:44:55Z
BTCUSD.sim,5,1,840,3.000000,0.0025,70,3.000000,0.0025,1198.076968,19.9,2026-09-23T22:44:55Z
BTCUSD.sim,6,0,840,3.000000,0.0025,70,3.000000,0.0025,1198.076968,19.9,2026-09-23T22:44:55Z
BTCUSD.sim,7,0,840,3.000000,0.0025,70,3.000000,0.0025,1198.076968,19.9,2026-09-23T22:44:55Z
BTCUSD.sim,8,0,840,3.000000,0.0025,70,3.000000,0.0025,1198.076968,19.9,2026-09-23T22:44:55Z
BTCUSD.sim,9,1,840,3.000000,0.0025,70,3.000000,0.0025,1198.076968,19.9,2026-09-23T22:44:55Z
BTCUSD.sim,10,0,840,3.000000,0.0025,70,3.000000,0.0025,1198.076968,19.9,2026-09-23T22:44:55Z
BTCUSD.sim,11,0,840,3.000000,0.0025,70,3.000000,0.0025,1198.076968,19.9,2026-09-23T22:44:55Z
BTCUSD.sim,12,0,840,3.000000,0.0025,70,3.000000,0.0025,1198.076968,19.9,2026-09-23T22:44:55Z
BTCUSD.sim,13,1,840,3.000000,0.0025,70,3.000000,0.0025,1198.076968,19.9,2026-09-23T22:44:55Z
BTCUSD.sim,14,0,840,3.000000,0.0025,70,3.000000,0.0025,1198.076968,19.9,2026-09-23T22:44:55Z
BTCUSD.sim,15,0,840,3.000000,0.0025,70,3.000000,0.0025,1198.076968,19.9,2026-09-23T22:44:55Z
BTCUSD.sim,16,0,840,3.000000,0.0025,70,3.000000,0.0025,1198.076968,19.9,2026-09-23T22:44:55Z
BTCUSD.sim,17,1,840,3.000000,0.0025,70,3.000000,0.0025,1198.076968,19.9,2026-09-23T22:44:55Z
BTCUSD.sim,18,0,840,3.000000,0.0025,70,3.000000,0.0025,1198.076968,19.9,2026-09-23T22:44:55Z
BTCUSD.sim,19,0,840,3.000000,0.0025,70,3.000000,0.0025,1198.076968,19.9,2026-09-23T22:44:55Z
BTCUSD.sim,20,0,826,3.000000,0.0025,70,3.000000,0.0025,1198.076968,19.9,2026-09-23T22:44:55Z
BTCUSD.sim,21,1,770,3.000000,0.0025,0,,,1198.076968,19.9,2026-09-23T22:44:55Z
BTCUSD.sim,22,0,825,3.000000,0.0025,70,3.000000,0.0025,1198.076968,19.9,2026-09-23T22:44:55Z
BTCUSD.sim,23,0,780,3.000000,0.0025,65,3.000000,0.0025,1198.076968,19.9,2026-09-23T22:44:55Z
CADCHF.sim,0,0,839,0.000050,0.0293,70,0.000060,0.0352,0.001706,20.0,2026-09-23T22:44:55Z
CADCHF.sim,1,1,839,0.000050,0.0293,70,0.000050,0.0293,0.001706,20.0,2026-09-23T22:44:55Z
CADCHF.sim,2,0,838,0.000060,0.0352,70,0.000055,0.0322,0.001706,20.0,2026-09-23T22:44:55Z
CADCHF.sim,3,0,838,0.000060,0.0352,69,0.000050,0.0293,0.001706,20.0,2026-09-23T22:44:55Z
CADCHF.sim,4,0,838,0.000060,0.0352,70,0.000060,0.0352,0.001706,20.0,2026-09-23T22:44:55Z
CADCHF.sim,5,1,838,0.000050,0.0293,70,0.000060,0.0352,0.001706,20.0,2026-09-23T22:44:55Z
CADCHF.sim,6,0,840,0.000040,0.0234,70,0.000040,0.0234,0.001706,20.0,2026-09-23T22:44:55Z
CADCHF.sim,7,0,840,0.000040,0.0234,70,0.000040,0.0234,0.001706,20.0,2026-09-23T22:44:55Z
CADCHF.sim,8,0,840,0.000040,0.0234,70,0.000040,0.0234,0.001706,20.0,2026-09-23T22:44:55Z
CADCHF.sim,9,1,840,0.000040,0.0234,70,0.000040,0.0234,0.001706,20.0,2026-09-23T22:44:55Z
CADCHF.sim,10,0,840,0.000040,0.0234,70,0.000040,0.0234,0.001706,20.0,2026-09-23T22:44:55Z
CADCHF.sim,11,0,840,0.000030,0.0176,70,0.000040,0.0234,0.001706,20.0,2026-09-23T22:44:55Z
CADCHF.sim,12,0,840,0.000030,0.0176,70,0.000030,0.0176,0.001706,20.0,2026-09-23T22:44:55Z
CADCHF.sim,13,1,840,0.000030,0.0176,70,0.000030,0.0176,0.001706,20.0,2026-09-23T22:44:55Z
CADCHF.sim,14,0,840,0.000030,0.0176,70,0.000030,0.0176,0.001706,20.0,2026-09-23T22:44:55Z
CADCHF.sim,15,0,840,0.000030,0.0176,70,0.000030,0.0176,0.001706,20.0,2026-09-23T22:44:55Z
CADCHF.sim,16,0,840,0.000030,0.0176,70,0.000030,0.0176,0.001706,20.0,2026-09-23T22:44:55Z
CADCHF.sim,17,1,840,0.000040,0.0234,70,0.000030,0.0176,0.001706,20.0,2026-09-23T22:44:55Z
CADCHF.sim,18,0,832,0.000040,0.0234,70,0.000040,0.0234,0.001706,20.0,2026-09-23T22:44:55Z
CADCHF.sim,19,0,828,0.000040,0.0234,70,0.000040,0.0234,0.001706,20.0,2026-09-23T22:44:55Z
CADCHF.sim,20,0,809,0.000040,0.0234,69,0.000040,0.0234,0.001706,20.0,2026-09-23T22:44:55Z
CADCHF.sim,21,1,752,0.001100,0.6447,0,,,0.001706,20.0,2026-09-23T22:44:55Z
CADCHF.sim,22,0,852,0.000120,0.0703,74,0.000180,0.1055,0.001706,20.0,2026-09-23T22:44:55Z
CADCHF.sim,23,0,817,0.000070,0.0410,70,0.000100,0.0586,0.001706,20.0,2026-09-23T22:44:55Z
CADJPY.sim,0,0,840,0.008000,0.0238,70,0.009000,0.0268,0.335660,20.0,2026-09-23T22:44:55Z
CADJPY.sim,1,1,840,0.008000,0.0238,70,0.007000,0.0209,0.335660,20.0,2026-09-23T22:44:55Z
CADJPY.sim,2,0,840,0.009000,0.0268,70,0.008000,0.0238,0.335660,20.0,2026-09-23T22:44:55Z
CADJPY.sim,3,0,840,0.009000,0.0268,70,0.009000,0.0268,0.335660,20.0,2026-09-23T22:44:55Z
CADJPY.sim,4,0,840,0.009000,0.0268,70,0.008000,0.0238,0.335660,20.0,2026-09-23T22:44:55Z
CADJPY.sim,5,1,840,0.008000,0.0238,70,0.008000,0.0238,0.335660,20.0,2026-09-23T22:44:55Z
CADJPY.sim,6,0,840,0.007000,0.0209,70,0.007000,0.0209,0.335660,20.0,2026-09-23T22:44:55Z
CADJPY.sim,7,0,840,0.007000,0.0209,70,0.006500,0.0194,0.335660,20.0,2026-09-23T22:44:55Z
CADJPY.sim,8,0,840,0.007000,0.0209,70,0.006000,0.0179,0.335660,20.0,2026-09-23T22:44:55Z
CADJPY.sim,9,1,840,0.006000,0.0179,70,0.006000,0.0179,0.335660,20.0,2026-09-23T22:44:55Z
CADJPY.sim,10,0,840,0.007000,0.0209,70,0.006500,0.0194,0.335660,20.0,2026-09-23T22:44:55Z
CADJPY.sim,11,0,840,0.006000,0.0179,70,0.006000,0.0179,0.335660,20.0,2026-09-23T22:44:55Z
CADJPY.sim,12,0,840,0.005000,0.0149,70,0.005000,0.0149,0.335660,20.0,2026-09-23T22:44:55Z
CADJPY.sim,13,1,840,0.005000,0.0149,70,0.006000,0.0179,0.335660,20.0,2026-09-23T22:44:55Z
CADJPY.sim,14,0,840,0.005000,0.0149,70,0.005000,0.0149,0.335660,20.0,2026-09-23T22:44:55Z
CADJPY.sim,15,0,840,0.005000,0.0149,70,0.005000,0.0149,0.335660,20.0,2026-09-23T22:44:55Z
CADJPY.sim,16,0,840,0.005000,0.0149,70,0.005000,0.0149,0.335660,20.0,2026-09-23T22:44:55Z
CADJPY.sim,17,1,838,0.006000,0.0179,70,0.006000,0.0179,0.335660,20.0,2026-09-23T22:44:55Z
CADJPY.sim,18,0,828,0.006000,0.0179,70,0.005000,0.0149,0.335660,20.0,2026-09-23T22:44:55Z
CADJPY.sim,19,0,838,0.006000,0.0179,70,0.005000,0.0149,0.335660,20.0,2026-09-23T22:44:55Z
CADJPY.sim,20,0,816,0.007000,0.0209,70,0.006000,0.0179,0.335660,20.0,2026-09-23T22:44:55Z
CADJPY.sim,21,1,763,0.100000,0.2979,0,,,0.335660,20.0,2026-09-23T22:44:55Z
CADJPY.sim,22,0,810,0.014000,0.0417,70,0.021500,0.0641,0.335660,20.0,2026-09-23T22:44:55Z
CADJPY.sim,23,0,827,0.009000,0.0268,65,0.012000,0.0358,0.335660,20.0,2026-09-23T22:44:55Z
CHFJPY.sim,0,0,840,0.014000,0.0243,70,0.015000,0.0260,0.576723,20.0,2026-09-23T22:44:55Z
CHFJPY.sim,1,1,840,0.014000,0.0243,70,0.014000,0.0243,0.576723,20.0,2026-09-23T22:44:55Z
CHFJPY.sim,2,0,840,0.014000,0.0243,70,0.014500,0.0251,0.576723,20.0,2026-09-23T22:44:55Z
CHFJPY.sim,3,0,840,0.014000,0.0243,70,0.013000,0.0225,0.576723,20.0,2026-09-23T22:44:55Z
CHFJPY.sim,4,0,840,0.015000,0.0260,70,0.014500,0.0251,0.576723,20.0,2026-09-23T22:44:55Z
CHFJPY.sim,5,1,840,0.014000,0.0243,70,0.013000,0.0225,0.576723,20.0,2026-09-23T22:44:55Z
CHFJPY.sim,6,0,840,0.011000,0.0191,70,0.012000,0.0208,0.576723,20.0,2026-09-23T22:44:55Z
CHFJPY.sim,7,0,840,0.011000,0.0191,70,0.011000,0.0191,0.576723,20.0,2026-09-23T22:44:55Z
CHFJPY.sim,8,0,840,0.012000,0.0208,70,0.012000,0.0208,0.576723,20.0,2026-09-23T22:44:55Z
CHFJPY.sim,9,1,840,0.012000,0.0208,70,0.012000,0.0208,0.576723,20.0,2026-09-23T22:44:55Z
CHFJPY.sim,10,0,840,0.012000,0.0208,70,0.012000,0.0208,0.576723,20.0,2026-09-23T22:44:55Z
CHFJPY.sim,11,0,840,0.011000,0.0191,70,0.011000,0.0191,0.576723,20.0,2026-09-23T22:44:55Z
CHFJPY.sim,12,0,840,0.011000,0.0191,70,0.011000,0.0191,0.576723,20.0,2026-09-23T22:44:55Z
CHFJPY.sim,13,1,840,0.011000,0.0191,70,0.011000,0.0191,0.576723,20.0,2026-09-23T22:44:55Z
CHFJPY.sim,14,0,840,0.011000,0.0191,70,0.010000,0.0173,0.576723,20.0,2026-09-23T22:44:55Z
CHFJPY.sim,15,0,840,0.011000,0.0191,70,0.010000,0.0173,0.576723,20.0,2026-09-23T22:44:55Z
CHFJPY.sim,16,0,840,0.012000,0.0208,70,0.011000,0.0191,0.576723,20.0,2026-09-23T22:44:55Z
CHFJPY.sim,17,1,840,0.012000,0.0208,70,0.012000,0.0208,0.576723,20.0,2026-09-23T22:44:55Z
CHFJPY.sim,18,0,838,0.012000,0.0208,70,0.012000,0.0208,0.576723,20.0,2026-09-23T22:44:55Z
CHFJPY.sim,19,0,838,0.012000,0.0208,70,0.013000,0.0225,0.576723,20.0,2026-09-23T22:44:55Z
CHFJPY.sim,20,0,825,0.015000,0.0260,70,0.012000,0.0208,0.576723,20.0,2026-09-23T22:44:55Z
CHFJPY.sim,21,1,667,0.329000,0.5705,0,,,0.576723,20.0,2026-09-23T22:44:55Z
CHFJPY.sim,22,0,875,0.032000,0.0555,75,0.050000,0.0867,0.576723,20.0,2026-09-23T22:44:55Z
CHFJPY.sim,23,0,837,0.021000,0.0364,70,0.026000,0.0451,0.576723,20.0,2026-09-23T22:44:55Z
EURAUD.sim,0,0,839,0.000030,0.0077,69,0.000030,0.0077,0.003872,19.9,2026-09-23T22:44:55Z
EURAUD.sim,1,1,840,0.000030,0.0077,70,0.000030,0.0077,0.003872,19.9,2026-09-23T22:44:55Z
EURAUD.sim,2,0,840,0.000030,0.0077,70,0.000030,0.0077,0.003872,19.9,2026-09-23T22:44:55Z
EURAUD.sim,3,0,840,0.000030,0.0077,70,0.000030,0.0077,0.003872,19.9,2026-09-23T22:44:55Z
EURAUD.sim,4,0,840,0.000030,0.0077,70,0.000030,0.0077,0.003872,19.9,2026-09-23T22:44:55Z
EURAUD.sim,5,1,840,0.000030,0.0077,70,0.000030,0.0077,0.003872,19.9,2026-09-23T22:44:55Z
EURAUD.sim,6,0,840,0.000020,0.0052,70,0.000030,0.0077,0.003872,19.9,2026-09-23T22:44:55Z
EURAUD.sim,7,0,840,0.000020,0.0052,70,0.000010,0.0026,0.003872,19.9,2026-09-23T22:44:55Z
EURAUD.sim,8,0,840,0.000020,0.0052,70,0.000015,0.0039,0.003872,19.9,2026-09-23T22:44:55Z
EURAUD.sim,9,1,840,0.000010,0.0026,70,0.000010,0.0026,0.003872,19.9,2026-09-23T22:44:55Z
EURAUD.sim,10,0,840,0.000020,0.0052,70,0.000010,0.0026,0.003872,19.9,2026-09-23T22:44:55Z
EURAUD.sim,11,0,840,0.000020,0.0052,70,0.000020,0.0052,0.003872,19.9,2026-09-23T22:44:55Z
EURAUD.sim,12,0,840,0.000020,0.0052,70,0.000010,0.0026,0.003872,19.9,2026-09-23T22:44:55Z
EURAUD.sim,13,1,840,0.000010,0.0026,70,0.000010,0.0026,0.003872,19.9,2026-09-23T22:44:55Z
EURAUD.sim,14,0,840,0.000010,0.0026,70,0.000020,0.0052,0.003872,19.9,2026-09-23T22:44:55Z
EURAUD.sim,15,0,840,0.000020,0.0052,70,0.000010,0.0026,0.003872,19.9,2026-09-23T22:44:55Z
EURAUD.sim,16,0,840,0.000030,0.0077,70,0.000030,0.0077,0.003872,19.9,2026-09-23T22:44:55Z
EURAUD.sim,17,1,840,0.000030,0.0077,70,0.000020,0.0052,0.003872,19.9,2026-09-23T22:44:55Z
EURAUD.sim,18,0,840,0.000030,0.0077,70,0.000040,0.0103,0.003872,19.9,2026-09-23T22:44:55Z
EURAUD.sim,19,0,840,0.000030,0.0077,70,0.000030,0.0077,0.003872,19.9,2026-09-23T22:44:55Z
EURAUD.sim,20,0,826,0.000050,0.0129,70,0.000040,0.0103,0.003872,19.9,2026-09-23T22:44:55Z
EURAUD.sim,21,1,769,0.001210,0.3125,0,,,0.003872,19.9,2026-09-23T22:44:55Z
EURAUD.sim,22,0,826,0.000100,0.0258,70,0.000120,0.0310,0.003872,19.9,2026-09-23T22:44:55Z
EURAUD.sim,23,0,780,0.000050,0.0129,65,0.000070,0.0181,0.003872,19.9,2026-09-23T22:44:55Z
EURCAD.sim,0,0,840,0.000050,0.0160,70,0.000040,0.0128,0.003132,19.9,2026-09-23T22:44:55Z
EURCAD.sim,1,1,840,0.000050,0.0160,70,0.000040,0.0128,0.003132,19.9,2026-09-23T22:44:55Z
EURCAD.sim,2,0,840,0.000060,0.0192,70,0.000060,0.0192,0.003132,19.9,2026-09-23T22:44:55Z
EURCAD.sim,3,0,840,0.000050,0.0160,70,0.000050,0.0160,0.003132,19.9,2026-09-23T22:44:55Z
EURCAD.sim,4,0,840,0.000050,0.0160,70,0.000060,0.0192,0.003132,19.9,2026-09-23T22:44:55Z
EURCAD.sim,5,1,840,0.000050,0.0160,70,0.000050,0.0160,0.003132,19.9,2026-09-23T22:44:55Z
EURCAD.sim,6,0,840,0.000030,0.0096,70,0.000030,0.0096,0.003132,19.9,2026-09-23T22:44:55Z
EURCAD.sim,7,0,840,0.000030,0.0096,70,0.000030,0.0096,0.003132,19.9,2026-09-23T22:44:55Z
EURCAD.sim,8,0,840,0.000030,0.0096,70,0.000030,0.0096,0.003132,19.9,2026-09-23T22:44:55Z
EURCAD.sim,9,1,840,0.000030,0.0096,70,0.000020,0.0064,0.003132,19.9,2026-09-23T22:44:55Z
EURCAD.sim,10,0,840,0.000030,0.0096,70,0.000030,0.0096,0.003132,19.9,2026-09-23T22:44:55Z
EURCAD.sim,11,0,840,0.000020,0.0064,70,0.000030,0.0096,0.003132,19.9,2026-09-23T22:44:55Z
EURCAD.sim,12,0,840,0.000020,0.0064,70,0.000020,0.0064,0.003132,19.9,2026-09-23T22:44:55Z
EURCAD.sim,13,1,840,0.000020,0.0064,70,0.000020,0.0064,0.003132,19.9,2026-09-23T22:44:55Z
EURCAD.sim,14,0,840,0.000020,0.0064,70,0.000020,0.0064,0.003132,19.9,2026-09-23T22:44:55Z
EURCAD.sim,15,0,840,0.000020,0.0064,70,0.000010,0.0032,0.003132,19.9,2026-09-23T22:44:55Z
EURCAD.sim,16,0,840,0.000020,0.0064,70,0.000010,0.0032,0.003132,19.9,2026-09-23T22:44:55Z
EURCAD.sim,17,1,840,0.000030,0.0096,70,0.000020,0.0064,0.003132,19.9,2026-09-23T22:44:55Z
EURCAD.sim,18,0,840,0.000030,0.0096,70,0.000030,0.0096,0.003132,19.9,2026-09-23T22:44:55Z
EURCAD.sim,19,0,840,0.000030,0.0096,70,0.000030,0.0096,0.003132,19.9,2026-09-23T22:44:55Z
EURCAD.sim,20,0,826,0.000030,0.0096,70,0.000020,0.0064,0.003132,19.9,2026-09-23T22:44:55Z
EURCAD.sim,21,1,766,0.001000,0.3193,0,,,0.003132,19.9,2026-09-23T22:44:55Z
EURCAD.sim,22,0,824,0.000070,0.0224,70,0.000100,0.0319,0.003132,19.9,2026-09-23T22:44:55Z
EURCAD.sim,23,0,784,0.000050,0.0160,65,0.000050,0.0160,0.003132,19.9,2026-09-23T22:44:55Z
EURCHF.sim,0,0,840,0.000020,0.0113,70,0.000020,0.0113,0.001770,20.0,2026-09-23T22:44:55Z
EURCHF.sim,1,1,840,0.000020,0.0113,70,0.000020,0.0113,0.001770,20.0,2026-09-23T22:44:55Z
EURCHF.sim,2,0,840,0.000020,0.0113,70,0.000020,0.0113,0.001770,20.0,2026-09-23T22:44:55Z
EURCHF.sim,3,0,840,0.000020,0.0113,70,0.000020,0.0113,0.001770,20.0,2026-09-23T22:44:55Z
EURCHF.sim,4,0,840,0.000030,0.0169,70,0.000030,0.0169,0.001770,20.0,2026-09-23T22:44:55Z
EURCHF.sim,5,1,840,0.000020,0.0113,70,0.000020,0.0113,0.001770,20.0,2026-09-23T22:44:55Z
EURCHF.sim,6,0,840,0.000020,0.0113,70,0.000010,0.0056,0.001770,20.0,2026-09-23T22:44:55Z
EURCHF.sim,7,0,840,0.000020,0.0113,70,0.000010,0.0056,0.001770,20.0,2026-09-23T22:44:55Z
EURCHF.sim,8,0,840,0.000015,0.0085,70,0.000010,0.0056,0.001770,20.0,2026-09-23T22:44:55Z
EURCHF.sim,9,1,840,0.000010,0.0056,70,0.000010,0.0056,0.001770,20.0,2026-09-23T22:44:55Z
EURCHF.sim,10,0,840,0.000020,0.0113,70,0.000020,0.0113,0.001770,20.0,2026-09-23T22:44:55Z
EURCHF.sim,11,0,840,0.000010,0.0056,70,0.000010,0.0056,0.001770,20.0,2026-09-23T22:44:55Z
EURCHF.sim,12,0,840,0.000010,0.0056,70,0.000010,0.0056,0.001770,20.0,2026-09-23T22:44:55Z
EURCHF.sim,13,1,840,0.000010,0.0056,70,0.000010,0.0056,0.001770,20.0,2026-09-23T22:44:55Z
EURCHF.sim,14,0,840,0.000010,0.0056,70,0.000010,0.0056,0.001770,20.0,2026-09-23T22:44:55Z
EURCHF.sim,15,0,840,0.000010,0.0056,70,0.000010,0.0056,0.001770,20.0,2026-09-23T22:44:55Z
EURCHF.sim,16,0,840,0.000020,0.0113,70,0.000020,0.0113,0.001770,20.0,2026-09-23T22:44:55Z
EURCHF.sim,17,1,840,0.000020,0.0113,70,0.000010,0.0056,0.001770,20.0,2026-09-23T22:44:55Z
EURCHF.sim,18,0,838,0.000020,0.0113,70,0.000020,0.0113,0.001770,20.0,2026-09-23T22:44:55Z
EURCHF.sim,19,0,839,0.000020,0.0113,70,0.000020,0.0113,0.001770,20.0,2026-09-23T22:44:55Z
EURCHF.sim,20,0,824,0.000030,0.0169,70,0.000020,0.0113,0.001770,20.0,2026-09-23T22:44:55Z
EURCHF.sim,21,1,753,0.001050,0.5931,0,,,0.001770,20.0,2026-09-23T22:44:55Z
EURCHF.sim,22,0,824,0.000020,0.0113,70,0.000060,0.0339,0.001770,20.0,2026-09-23T22:44:55Z
EURCHF.sim,23,0,802,0.000030,0.0169,65,0.000030,0.0169,0.001770,20.0,2026-09-23T22:44:55Z
EURCZK.sim,0,0,825,0.005300,0.1621,70,0.005600,0.1713,0.032699,20.2,2026-09-23T22:44:55Z
EURCZK.sim,1,1,829,0.004800,0.1468,70,0.004900,0.1499,0.032699,20.2,2026-09-23T22:44:55Z
EURCZK.sim,2,0,826,0.004700,0.1437,70,0.004750,0.1453,0.032699,20.2,2026-09-23T22:44:55Z
EURCZK.sim,3,0,831,0.004700,0.1437,69,0.004500,0.1376,0.032699,20.2,2026-09-23T22:44:55Z
EURCZK.sim,4,0,806,0.004800,0.1468,69,0.004900,0.1499,0.032699,20.2,2026-09-23T22:44:55Z
EURCZK.sim,5,1,820,0.004100,0.1254,66,0.004500,0.1376,0.032699,20.2,2026-09-23T22:44:55Z
EURCZK.sim,6,0,834,0.001900,0.0581,70,0.002700,0.0826,0.032699,20.2,2026-09-23T22:44:55Z
EURCZK.sim,7,0,839,0.001600,0.0489,70,0.001600,0.0489,0.032699,20.2,2026-09-23T22:44:55Z
EURCZK.sim,8,0,839,0.001600,0.0489,70,0.001600,0.0489,0.032699,20.2,2026-09-23T22:44:55Z
EURCZK.sim,9,1,835,0.001600,0.0489,70,0.001800,0.0550,0.032699,20.2,2026-09-23T22:44:55Z
EURCZK.sim,10,0,837,0.001500,0.0459,70,0.001500,0.0459,0.032699,20.2,2026-09-23T22:44:55Z
EURCZK.sim,11,0,854,0.001600,0.0489,70,0.001700,0.0520,0.032699,20.2,2026-09-23T22:44:55Z
EURCZK.sim,12,0,900,0.001500,0.0459,75,0.001400,0.0428,0.032699,20.2,2026-09-23T22:44:55Z
EURCZK.sim,13,1,900,0.001500,0.0459,75,0.001500,0.0459,0.032699,20.2,2026-09-23T22:44:55Z
EURCZK.sim,14,0,900,0.001300,0.0398,75,0.001400,0.0428,0.032699,20.2,2026-09-23T22:44:55Z
EURCZK.sim,15,0,897,0.001500,0.0459,75,0.001100,0.0336,0.032699,20.2,2026-09-23T22:44:55Z
EURCZK.sim,16,0,837,0.002500,0.0765,75,0.002500,0.0765,0.032699,20.2,2026-09-23T22:44:55Z
EURCZK.sim,17,1,822,0.002600,0.0795,68,0.002600,0.0795,0.032699,20.2,2026-09-23T22:44:55Z
EURCZK.sim,18,0,825,0.002600,0.0795,69,0.002500,0.0765,0.032699,20.2,2026-09-23T22:44:55Z
EURCZK.sim,19,0,825,0.002900,0.0887,70,0.002550,0.0780,0.032699,20.2,2026-09-23T22:44:55Z
EURCZK.sim,20,0,768,0.003500,0.1070,69,0.002700,0.0826,0.032699,20.2,2026-09-23T22:44:55Z
EURCZK.sim,21,1,688,0.031500,0.9633,0,,,0.032699,20.2,2026-09-23T22:44:55Z
EURCZK.sim,22,0,832,0.023390,0.7153,70,0.022695,0.6941,0.032699,20.2,2026-09-23T22:44:55Z
EURCZK.sim,23,0,831,0.012600,0.3853,69,0.015300,0.4679,0.032699,20.2,2026-09-23T22:44:55Z
EURGBP.sim,0,0,840,0.000010,0.0073,70,0.000000,0.0000,0.001362,20.0,2026-09-23T22:44:55Z
EURGBP.sim,1,1,840,0.000010,0.0073,70,0.000010,0.0073,0.001362,20.0,2026-09-23T22:44:55Z
EURGBP.sim,2,0,840,0.000010,0.0073,70,0.000010,0.0073,0.001362,20.0,2026-09-23T22:44:55Z
EURGBP.sim,3,0,840,0.000010,0.0073,70,0.000010,0.0073,0.001362,20.0,2026-09-23T22:44:55Z
EURGBP.sim,4,0,840,0.000010,0.0073,70,0.000010,0.0073,0.001362,20.0,2026-09-23T22:44:55Z
EURGBP.sim,5,1,840,0.000010,0.0073,70,0.000010,0.0073,0.001362,20.0,2026-09-23T22:44:55Z
EURGBP.sim,6,0,840,0.000010,0.0073,70,0.000000,0.0000,0.001362,20.0,2026-09-23T22:44:55Z
EURGBP.sim,7,0,840,0.000000,0.0000,70,0.000000,0.0000,0.001362,20.0,2026-09-23T22:44:55Z
EURGBP.sim,8,0,840,0.000000,0.0000,70,0.000000,0.0000,0.001362,20.0,2026-09-23T22:44:55Z
EURGBP.sim,9,1,840,0.000000,0.0000,70,0.000000,0.0000,0.001362,20.0,2026-09-23T22:44:55Z
EURGBP.sim,10,0,840,0.000000,0.0000,70,0.000000,0.0000,0.001362,20.0,2026-09-23T22:44:55Z
EURGBP.sim,11,0,840,0.000000,0.0000,70,0.000000,0.0000,0.001362,20.0,2026-09-23T22:44:55Z
EURGBP.sim,12,0,840,0.000000,0.0000,70,0.000000,0.0000,0.001362,20.0,2026-09-23T22:44:55Z
EURGBP.sim,13,1,840,0.000000,0.0000,70,0.000000,0.0000,0.001362,20.0,2026-09-23T22:44:55Z
EURGBP.sim,14,0,840,0.000000,0.0000,70,0.000000,0.0000,0.001362,20.0,2026-09-23T22:44:55Z
EURGBP.sim,15,0,840,0.000000,0.0000,70,0.000000,0.0000,0.001362,20.0,2026-09-23T22:44:55Z
EURGBP.sim,16,0,840,0.000000,0.0000,70,0.000000,0.0000,0.001362,20.0,2026-09-23T22:44:55Z
EURGBP.sim,17,1,840,0.000010,0.0073,70,0.000000,0.0000,0.001362,20.0,2026-09-23T22:44:55Z
EURGBP.sim,18,0,840,0.000010,0.0073,70,0.000010,0.0073,0.001362,20.0,2026-09-23T22:44:55Z
EURGBP.sim,19,0,839,0.000010,0.0073,70,0.000010,0.0073,0.001362,20.0,2026-09-23T22:44:55Z
EURGBP.sim,20,0,826,0.000010,0.0073,70,0.000005,0.0037,0.001362,20.0,2026-09-23T22:44:55Z
EURGBP.sim,21,1,763,0.000500,0.3670,0,,,0.001362,20.0,2026-09-23T22:44:55Z
EURGBP.sim,22,0,826,0.000020,0.0147,70,0.000015,0.0110,0.001362,20.0,2026-09-23T22:44:55Z
EURGBP.sim,23,0,786,0.000020,0.0147,65,0.000020,0.0147,0.001362,20.0,2026-09-23T22:44:55Z
EURHUF.sim,0,0,840,0.211500,0.1204,70,0.248500,0.1415,1.756051,20.0,2026-09-23T22:44:55Z
EURHUF.sim,1,1,840,0.205000,0.1167,70,0.191000,0.1088,1.756051,20.0,2026-09-23T22:44:55Z
EURHUF.sim,2,0,839,0.210000,0.1196,70,0.212500,0.1210,1.756051,20.0,2026-09-23T22:44:55Z
EURHUF.sim,3,0,840,0.204000,0.1162,70,0.212500,0.1210,1.756051,20.0,2026-09-23T22:44:55Z
EURHUF.sim,4,0,838,0.212000,0.1207,70,0.204500,0.1165,1.756051,20.0,2026-09-23T22:44:55Z
EURHUF.sim,5,1,840,0.173000,0.0985,70,0.167000,0.0951,1.756051,20.0,2026-09-23T22:44:55Z
EURHUF.sim,6,0,839,0.075000,0.0427,70,0.100000,0.0569,1.756051,20.0,2026-09-23T22:44:55Z
EURHUF.sim,7,0,840,0.067000,0.0382,70,0.064000,0.0364,1.756051,20.0,2026-09-23T22:44:55Z
EURHUF.sim,8,0,840,0.063000,0.0359,70,0.064000,0.0364,1.756051,20.0,2026-09-23T22:44:55Z
EURHUF.sim,9,1,840,0.064000,0.0364,70,0.066000,0.0376,1.756051,20.0,2026-09-23T22:44:55Z
EURHUF.sim,10,0,840,0.066000,0.0376,70,0.050500,0.0288,1.756051,20.0,2026-09-23T22:44:55Z
EURHUF.sim,11,0,837,0.066000,0.0376,70,0.065000,0.0370,1.756051,20.0,2026-09-23T22:44:55Z
EURHUF.sim,12,0,840,0.064000,0.0364,70,0.063000,0.0359,1.756051,20.0,2026-09-23T22:44:55Z
EURHUF.sim,13,1,840,0.059000,0.0336,70,0.056500,0.0322,1.756051,20.0,2026-09-23T22:44:55Z
EURHUF.sim,14,0,840,0.057000,0.0325,70,0.059000,0.0336,1.756051,20.0,2026-09-23T22:44:55Z
EURHUF.sim,15,0,839,0.062000,0.0353,70,0.044000,0.0251,1.756051,20.0,2026-09-23T22:44:55Z
EURHUF.sim,16,0,840,0.090000,0.0513,70,0.084000,0.0478,1.756051,20.0,2026-09-23T22:44:55Z
EURHUF.sim,17,1,838,0.098000,0.0558,70,0.094500,0.0538,1.756051,20.0,2026-09-23T22:44:55Z
EURHUF.sim,18,0,837,0.096000,0.0547,70,0.103000,0.0587,1.756051,20.0,2026-09-23T22:44:55Z
EURHUF.sim,19,0,836,0.089000,0.0507,70,0.091500,0.0521,1.756051,20.0,2026-09-23T22:44:55Z
EURHUF.sim,20,0,825,0.100000,0.0569,70,0.092500,0.0527,1.756051,20.0,2026-09-23T22:44:55Z
EURHUF.sim,21,1,731,1.401000,0.7978,0,,,1.756051,20.0,2026-09-23T22:44:55Z
EURHUF.sim,22,0,823,1.026000,0.5843,70,1.033500,0.5885,1.756051,20.0,2026-09-23T22:44:55Z
EURHUF.sim,23,0,838,0.592000,0.3371,70,1.056500,0.6016,1.756051,20.0,2026-09-23T22:44:55Z
EURJPY.sim,0,0,840,0.002000,0.0044,70,0.001000,0.0022,0.449928,20.0,2026-09-23T22:44:55Z
EURJPY.sim,1,1,840,0.002000,0.0044,70,0.001000,0.0022,0.449928,20.0,2026-09-23T22:44:55Z
EURJPY.sim,2,0,840,0.002000,0.0044,70,0.002000,0.0044,0.449928,20.0,2026-09-23T22:44:55Z
EURJPY.sim,3,0,840,0.002000,0.0044,70,0.000000,0.0000,0.449928,20.0,2026-09-23T22:44:55Z
EURJPY.sim,4,0,840,0.002000,0.0044,70,0.002000,0.0044,0.449928,20.0,2026-09-23T22:44:55Z
EURJPY.sim,5,1,840,0.002000,0.0044,70,0.002000,0.0044,0.449928,20.0,2026-09-23T22:44:55Z
EURJPY.sim,6,0,840,0.001000,0.0022,70,0.001000,0.0022,0.449928,20.0,2026-09-23T22:44:55Z
EURJPY.sim,7,0,840,0.002000,0.0044,70,0.001000,0.0022,0.449928,20.0,2026-09-23T22:44:55Z
EURJPY.sim,8,0,840,0.001000,0.0022,70,0.001500,0.0033,0.449928,20.0,2026-09-23T22:44:55Z
EURJPY.sim,9,1,840,0.001000,0.0022,70,0.002000,0.0044,0.449928,20.0,2026-09-23T22:44:55Z
EURJPY.sim,10,0,840,0.002000,0.0044,70,0.002000,0.0044,0.449928,20.0,2026-09-23T22:44:55Z
EURJPY.sim,11,0,840,0.002000,0.0044,70,0.002000,0.0044,0.449928,20.0,2026-09-23T22:44:55Z
EURJPY.sim,12,0,840,0.001000,0.0022,70,0.001000,0.0022,0.449928,20.0,2026-09-23T22:44:55Z
EURJPY.sim,13,1,840,0.001000,0.0022,70,0.002000,0.0044,0.449928,20.0,2026-09-23T22:44:55Z
EURJPY.sim,14,0,840,0.001000,0.0022,70,0.001000,0.0022,0.449928,20.0,2026-09-23T22:44:55Z
EURJPY.sim,15,0,840,0.002000,0.0044,70,0.000000,0.0000,0.449928,20.0,2026-09-23T22:44:55Z
EURJPY.sim,16,0,840,0.002000,0.0044,70,0.001000,0.0022,0.449928,20.0,2026-09-23T22:44:55Z
EURJPY.sim,17,1,840,0.002000,0.0044,70,0.002000,0.0044,0.449928,20.0,2026-09-23T22:44:55Z
EURJPY.sim,18,0,840,0.002000,0.0044,70,0.002000,0.0044,0.449928,20.0,2026-09-23T22:44:55Z
EURJPY.sim,19,0,840,0.002000,0.0044,70,0.002000,0.0044,0.449928,20.0,2026-09-23T22:44:55Z
EURJPY.sim,20,0,826,0.004000,0.0089,70,0.002000,0.0044,0.449928,20.0,2026-09-23T22:44:55Z
EURJPY.sim,21,1,735,0.100000,0.2223,0,,,0.449928,20.0,2026-09-23T22:44:55Z
EURJPY.sim,22,0,826,0.005000,0.0111,70,0.008500,0.0189,0.449928,20.0,2026-09-23T22:44:55Z
EURJPY.sim,23,0,813,0.001000,0.0022,65,0.002000,0.0044,0.449928,20.0,2026-09-23T22:44:55Z
EURNOK.sim,0,0,840,0.002690,0.0674,70,0.002900,0.0727,0.039897,20.1,2026-09-23T22:44:55Z
EURNOK.sim,1,1,840,0.002600,0.0652,70,0.002500,0.0627,0.039897,20.1,2026-09-23T22:44:55Z
EURNOK.sim,2,0,840,0.002490,0.0624,70,0.002500,0.0627,0.039897,20.1,2026-09-23T22:44:55Z
EURNOK.sim,3,0,840,0.002400,0.0602,70,0.002500,0.0627,0.039897,20.1,2026-09-23T22:44:55Z
EURNOK.sim,4,0,838,0.002400,0.0602,70,0.002400,0.0602,0.039897,20.1,2026-09-23T22:44:55Z
EURNOK.sim,5,1,840,0.001900,0.0476,70,0.002000,0.0501,0.039897,20.1,2026-09-23T22:44:55Z
EURNOK.sim,6,0,840,0.001040,0.0261,70,0.001220,0.0306,0.039897,20.1,2026-09-23T22:44:55Z
EURNOK.sim,7,0,840,0.000890,0.0223,70,0.000860,0.0216,0.039897,20.1,2026-09-23T22:44:55Z
EURNOK.sim,8,0,840,0.000870,0.0218,70,0.000825,0.0207,0.039897,20.1,2026-09-23T22:44:55Z
EURNOK.sim,9,1,840,0.000880,0.0221,70,0.000905,0.0227,0.039897,20.1,2026-09-23T22:44:55Z
EURNOK.sim,10,0,840,0.000855,0.0214,70,0.000870,0.0218,0.039897,20.1,2026-09-23T22:44:55Z
EURNOK.sim,11,0,840,0.000820,0.0206,70,0.000770,0.0193,0.039897,20.1,2026-09-23T22:44:55Z
EURNOK.sim,12,0,840,0.000825,0.0207,70,0.000675,0.0169,0.039897,20.1,2026-09-23T22:44:55Z
EURNOK.sim,13,1,840,0.000770,0.0193,70,0.000790,0.0198,0.039897,20.1,2026-09-23T22:44:55Z
EURNOK.sim,14,0,840,0.000760,0.0190,70,0.000750,0.0188,0.039897,20.1,2026-09-23T22:44:55Z
EURNOK.sim,15,0,839,0.000860,0.0216,70,0.000600,0.0150,0.039897,20.1,2026-09-23T22:44:55Z
EURNOK.sim,16,0,840,0.001300,0.0326,70,0.001300,0.0326,0.039897,20.1,2026-09-23T22:44:55Z
EURNOK.sim,17,1,837,0.001300,0.0326,70,0.001200,0.0301,0.039897,20.1,2026-09-23T22:44:55Z
EURNOK.sim,18,0,834,0.001400,0.0351,70,0.001335,0.0335,0.039897,20.1,2026-09-23T22:44:55Z
EURNOK.sim,19,0,831,0.001370,0.0343,69,0.001200,0.0301,0.039897,20.1,2026-09-23T22:44:55Z
EURNOK.sim,20,0,862,0.001660,0.0416,70,0.001440,0.0361,0.039897,20.1,2026-09-23T22:44:55Z
EURNOK.sim,21,1,659,0.035680,0.8943,0,,,0.039897,20.1,2026-09-23T22:44:55Z
EURNOK.sim,22,0,869,0.005900,0.1479,74,0.010805,0.2708,0.039897,20.1,2026-09-23T22:44:55Z
EURNOK.sim,23,0,831,0.003990,0.1000,70,0.004765,0.1194,0.039897,20.1,2026-09-23T22:44:55Z
EURNZD.sim,0,0,840,0.000260,0.0445,70,0.000280,0.0479,0.005841,20.1,2026-09-23T22:44:55Z
EURNZD.sim,1,1,840,0.000250,0.0428,70,0.000260,0.0445,0.005841,20.1,2026-09-23T22:44:55Z
EURNZD.sim,2,0,840,0.000250,0.0428,70,0.000250,0.0428,0.005841,20.1,2026-09-23T22:44:55Z
EURNZD.sim,3,0,840,0.000250,0.0428,70,0.000230,0.0394,0.005841,20.1,2026-09-23T22:44:55Z
EURNZD.sim,4,0,840,0.000250,0.0428,70,0.000250,0.0428,0.005841,20.1,2026-09-23T22:44:55Z
EURNZD.sim,5,1,840,0.000250,0.0428,70,0.000240,0.0411,0.005841,20.1,2026-09-23T22:44:55Z
EURNZD.sim,6,0,840,0.000210,0.0360,70,0.000230,0.0394,0.005841,20.1,2026-09-23T22:44:55Z
EURNZD.sim,7,0,840,0.000210,0.0360,70,0.000210,0.0360,0.005841,20.1,2026-09-23T22:44:55Z
EURNZD.sim,8,0,840,0.000220,0.0377,70,0.000215,0.0368,0.005841,20.1,2026-09-23T22:44:55Z
EURNZD.sim,9,1,840,0.000220,0.0377,70,0.000210,0.0360,0.005841,20.1,2026-09-23T22:44:55Z
EURNZD.sim,10,0,840,0.000220,0.0377,70,0.000220,0.0377,0.005841,20.1,2026-09-23T22:44:55Z
EURNZD.sim,11,0,840,0.000180,0.0308,70,0.000160,0.0274,0.005841,20.1,2026-09-23T22:44:55Z
EURNZD.sim,12,0,840,0.000190,0.0325,70,0.000180,0.0308,0.005841,20.1,2026-09-23T22:44:55Z
EURNZD.sim,13,1,840,0.000180,0.0308,70,0.000180,0.0308,0.005841,20.1,2026-09-23T22:44:55Z
EURNZD.sim,14,0,840,0.000170,0.0291,70,0.000150,0.0257,0.005841,20.1,2026-09-23T22:44:55Z
EURNZD.sim,15,0,840,0.000180,0.0308,70,0.000180,0.0308,0.005841,20.1,2026-09-23T22:44:55Z
EURNZD.sim,16,0,840,0.000190,0.0325,70,0.000190,0.0325,0.005841,20.1,2026-09-23T22:44:55Z
EURNZD.sim,17,1,840,0.000200,0.0342,70,0.000195,0.0334,0.005841,20.1,2026-09-23T22:44:55Z
EURNZD.sim,18,0,822,0.000220,0.0377,70,0.000210,0.0360,0.005841,20.1,2026-09-23T22:44:55Z
EURNZD.sim,19,0,760,0.000280,0.0479,0,,,0.005841,20.1,2026-09-23T22:44:55Z
EURNZD.sim,20,0,816,0.000320,0.0548,70,0.000320,0.0548,0.005841,20.1,2026-09-23T22:44:55Z
EURNZD.sim,21,1,776,0.002420,0.4143,0,,,0.005841,20.1,2026-09-23T22:44:55Z
EURNZD.sim,22,0,868,0.000470,0.0805,75,0.000680,0.1164,0.005841,20.1,2026-09-23T22:44:55Z
EURNZD.sim,23,0,838,0.000330,0.0565,70,0.000410,0.0702,0.005841,20.1,2026-09-23T22:44:55Z
EURPLN.sim,0,0,827,0.001170,0.1398,70,0.001340,0.1601,0.008372,20.3,2026-09-23T22:44:55Z
EURPLN.sim,1,1,831,0.001100,0.1314,70,0.001040,0.1242,0.008372,20.3,2026-09-23T22:44:55Z
EURPLN.sim,2,0,832,0.001035,0.1236,70,0.000965,0.1153,0.008372,20.3,2026-09-23T22:44:55Z
EURPLN.sim,3,0,830,0.001000,0.1194,69,0.000920,0.1099,0.008372,20.3,2026-09-23T22:44:55Z
EURPLN.sim,4,0,823,0.001160,0.1386,67,0.000930,0.1111,0.008372,20.3,2026-09-23T22:44:55Z
EURPLN.sim,5,1,833,0.001000,0.1194,69,0.001000,0.1194,0.008372,20.3,2026-09-23T22:44:55Z
EURPLN.sim,6,0,833,0.000510,0.0609,70,0.000650,0.0776,0.008372,20.3,2026-09-23T22:44:55Z
EURPLN.sim,7,0,838,0.000440,0.0526,70,0.000415,0.0496,0.008372,20.3,2026-09-23T22:44:55Z
EURPLN.sim,8,0,840,0.000430,0.0514,70,0.000430,0.0514,0.008372,20.3,2026-09-23T22:44:55Z
EURPLN.sim,9,1,838,0.000430,0.0514,69,0.000450,0.0538,0.008372,20.3,2026-09-23T22:44:55Z
EURPLN.sim,10,0,834,0.000440,0.0526,70,0.000445,0.0532,0.008372,20.3,2026-09-23T22:44:55Z
EURPLN.sim,11,0,839,0.000410,0.0490,69,0.000450,0.0538,0.008372,20.3,2026-09-23T22:44:55Z
EURPLN.sim,12,0,839,0.000390,0.0466,70,0.000390,0.0466,0.008372,20.3,2026-09-23T22:44:55Z
EURPLN.sim,13,1,838,0.000370,0.0442,70,0.000420,0.0502,0.008372,20.3,2026-09-23T22:44:55Z
EURPLN.sim,14,0,840,0.000340,0.0406,70,0.000330,0.0394,0.008372,20.3,2026-09-23T22:44:55Z
EURPLN.sim,15,0,836,0.000350,0.0418,70,0.000270,0.0323,0.008372,20.3,2026-09-23T22:44:55Z
EURPLN.sim,16,0,854,0.000540,0.0645,70,0.000520,0.0621,0.008372,20.3,2026-09-23T22:44:55Z
EURPLN.sim,17,1,885,0.000570,0.0681,75,0.000500,0.0597,0.008372,20.3,2026-09-23T22:44:55Z
EURPLN.sim,18,0,878,0.000550,0.0657,73,0.000500,0.0597,0.008372,20.3,2026-09-23T22:44:55Z
EURPLN.sim,19,0,865,0.000550,0.0657,72,0.000500,0.0597,0.008372,20.3,2026-09-23T22:44:55Z
EURPLN.sim,20,0,832,0.000730,0.0872,75,0.000550,0.0657,0.008372,20.3,2026-09-23T22:44:55Z
EURPLN.sim,21,1,726,0.006195,0.7400,0,,,0.008372,20.3,2026-09-23T22:44:55Z
EURPLN.sim,22,0,799,0.003570,0.4264,75,0.004360,0.5208,0.008372,20.3,2026-09-23T22:44:55Z
EURPLN.sim,23,0,810,0.003310,0.3954,62,0.003420,0.4085,0.008372,20.3,2026-09-23T22:44:55Z
EURSEK.sim,0,0,840,0.001600,0.0481,70,0.001655,0.0497,0.033295,20.1,2026-09-23T22:44:55Z
EURSEK.sim,1,1,840,0.001600,0.0481,70,0.001495,0.0449,0.033295,20.1,2026-09-23T22:44:55Z
EURSEK.sim,2,0,840,0.001690,0.0508,70,0.001795,0.0539,0.033295,20.1,2026-09-23T22:44:55Z
EURSEK.sim,3,0,840,0.001640,0.0493,70,0.001700,0.0511,0.033295,20.1,2026-09-23T22:44:55Z
EURSEK.sim,4,0,840,0.001580,0.0475,70,0.001595,0.0479,0.033295,20.1,2026-09-23T22:44:55Z
EURSEK.sim,5,1,840,0.001370,0.0411,70,0.001350,0.0405,0.033295,20.1,2026-09-23T22:44:55Z
EURSEK.sim,6,0,840,0.000530,0.0159,70,0.000860,0.0258,0.033295,20.1,2026-09-23T22:44:55Z
EURSEK.sim,7,0,840,0.000500,0.0150,70,0.000445,0.0134,0.033295,20.1,2026-09-23T22:44:55Z
EURSEK.sim,8,0,840,0.000500,0.0150,70,0.000510,0.0153,0.033295,20.1,2026-09-23T22:44:55Z
EURSEK.sim,9,1,840,0.000520,0.0156,70,0.000540,0.0162,0.033295,20.1,2026-09-23T22:44:55Z
EURSEK.sim,10,0,840,0.000500,0.0150,70,0.000550,0.0165,0.033295,20.1,2026-09-23T22:44:55Z
EURSEK.sim,11,0,840,0.000510,0.0153,70,0.000530,0.0159,0.033295,20.1,2026-09-23T22:44:55Z
EURSEK.sim,12,0,840,0.000530,0.0159,70,0.000415,0.0125,0.033295,20.1,2026-09-23T22:44:55Z
EURSEK.sim,13,1,840,0.000480,0.0144,70,0.000475,0.0143,0.033295,20.1,2026-09-23T22:44:55Z
EURSEK.sim,14,0,840,0.000450,0.0135,70,0.000450,0.0135,0.033295,20.1,2026-09-23T22:44:55Z
EURSEK.sim,15,0,840,0.000520,0.0156,70,0.000390,0.0117,0.033295,20.1,2026-09-23T22:44:55Z
EURSEK.sim,16,0,840,0.000900,0.0270,70,0.000815,0.0245,0.033295,20.1,2026-09-23T22:44:55Z
EURSEK.sim,17,1,839,0.000940,0.0282,70,0.000900,0.0270,0.033295,20.1,2026-09-23T22:44:55Z
EURSEK.sim,18,0,837,0.000910,0.0273,70,0.000895,0.0269,0.033295,20.1,2026-09-23T22:44:55Z
EURSEK.sim,19,0,832,0.000900,0.0270,70,0.000905,0.0272,0.033295,20.1,2026-09-23T22:44:55Z
EURSEK.sim,20,0,852,0.001060,0.0318,70,0.001000,0.0300,0.033295,20.1,2026-09-23T22:44:55Z
EURSEK.sim,21,1,648,0.026575,0.7982,0,,,0.033295,20.1,2026-09-23T22:44:55Z
EURSEK.sim,22,0,878,0.005340,0.1604,72,0.010215,0.3068,0.033295,20.1,2026-09-23T22:44:55Z
EURSEK.sim,23,0,834,0.002900,0.0871,70,0.003945,0.1185,0.033295,20.1,2026-09-23T22:44:55Z
EURUSD.sim,0,0,840,0.000000,0.0000,70,0.000000,0.0000,0.002535,20.0,2026-09-23T22:44:55Z
EURUSD.sim,1,1,840,0.000000,0.0000,70,0.000000,0.0000,0.002535,20.0,2026-09-23T22:44:55Z
EURUSD.sim,2,0,840,0.000000,0.0000,70,0.000000,0.0000,0.002535,20.0,2026-09-23T22:44:55Z
EURUSD.sim,3,0,840,0.000000,0.0000,70,0.000000,0.0000,0.002535,20.0,2026-09-23T22:44:55Z
EURUSD.sim,4,0,840,0.000000,0.0000,70,0.000000,0.0000,0.002535,20.0,2026-09-23T22:44:55Z
EURUSD.sim,5,1,840,0.000000,0.0000,70,0.000000,0.0000,0.002535,20.0,2026-09-23T22:44:55Z
EURUSD.sim,6,0,840,0.000000,0.0000,70,0.000000,0.0000,0.002535,20.0,2026-09-23T22:44:55Z
EURUSD.sim,7,0,840,0.000000,0.0000,70,0.000000,0.0000,0.002535,20.0,2026-09-23T22:44:55Z
EURUSD.sim,8,0,840,0.000000,0.0000,70,0.000000,0.0000,0.002535,20.0,2026-09-23T22:44:55Z
EURUSD.sim,9,1,840,0.000000,0.0000,70,0.000000,0.0000,0.002535,20.0,2026-09-23T22:44:55Z
EURUSD.sim,10,0,840,0.000000,0.0000,70,0.000000,0.0000,0.002535,20.0,2026-09-23T22:44:55Z
EURUSD.sim,11,0,840,0.000000,0.0000,70,0.000000,0.0000,0.002535,20.0,2026-09-23T22:44:55Z
EURUSD.sim,12,0,840,0.000000,0.0000,70,0.000000,0.0000,0.002535,20.0,2026-09-23T22:44:55Z
EURUSD.sim,13,1,840,0.000000,0.0000,70,0.000000,0.0000,0.002535,20.0,2026-09-23T22:44:55Z
EURUSD.sim,14,0,840,0.000000,0.0000,70,0.000000,0.0000,0.002535,20.0,2026-09-23T22:44:55Z
EURUSD.sim,15,0,840,0.000000,0.0000,70,0.000000,0.0000,0.002535,20.0,2026-09-23T22:44:55Z
EURUSD.sim,16,0,840,0.000000,0.0000,70,0.000000,0.0000,0.002535,20.0,2026-09-23T22:44:55Z
EURUSD.sim,17,1,840,0.000000,0.0000,70,0.000000,0.0000,0.002535,20.0,2026-09-23T22:44:55Z
EURUSD.sim,18,0,840,0.000000,0.0000,70,0.000000,0.0000,0.002535,20.0,2026-09-23T22:44:55Z
EURUSD.sim,19,0,839,0.000000,0.0000,70,0.000000,0.0000,0.002535,20.0,2026-09-23T22:44:55Z
EURUSD.sim,20,0,825,0.000000,0.0000,70,0.000000,0.0000,0.002535,20.0,2026-09-23T22:44:55Z
EURUSD.sim,21,1,752,0.000180,0.0710,0,,,0.002535,20.0,2026-09-23T22:44:55Z
EURUSD.sim,22,0,825,0.000000,0.0000,70,0.000000,0.0000,0.002535,20.0,2026-09-23T22:44:55Z
EURUSD.sim,23,0,799,0.000000,0.0000,65,0.000000,0.0000,0.002535,20.0,2026-09-23T22:44:55Z
GBPAUD.sim,0,0,840,0.000110,0.0219,70,0.000120,0.0239,0.005027,19.9,2026-09-23T22:44:55Z
GBPAUD.sim,1,1,840,0.000110,0.0219,70,0.000110,0.0219,0.005027,19.9,2026-09-23T22:44:55Z
GBPAUD.sim,2,0,840,0.000110,0.0219,70,0.000110,0.0219,0.005027,19.9,2026-09-23T22:44:55Z
GBPAUD.sim,3,0,840,0.000110,0.0219,70,0.000110,0.0219,0.005027,19.9,2026-09-23T22:44:55Z
GBPAUD.sim,4,0,840,0.000110,0.0219,70,0.000100,0.0199,0.005027,19.9,2026-09-23T22:44:55Z
GBPAUD.sim,5,1,840,0.000120,0.0239,70,0.000120,0.0239,0.005027,19.9,2026-09-23T22:44:55Z
GBPAUD.sim,6,0,840,0.000090,0.0179,70,0.000090,0.0179,0.005027,19.9,2026-09-23T22:44:55Z
GBPAUD.sim,7,0,840,0.000080,0.0159,70,0.000070,0.0139,0.005027,19.9,2026-09-23T22:44:55Z
GBPAUD.sim,8,0,840,0.000080,0.0159,70,0.000080,0.0159,0.005027,19.9,2026-09-23T22:44:55Z
GBPAUD.sim,9,1,840,0.000080,0.0159,70,0.000070,0.0139,0.005027,19.9,2026-09-23T22:44:55Z
GBPAUD.sim,10,0,840,0.000080,0.0159,70,0.000080,0.0159,0.005027,19.9,2026-09-23T22:44:55Z
GBPAUD.sim,11,0,840,0.000080,0.0159,70,0.000080,0.0159,0.005027,19.9,2026-09-23T22:44:55Z
GBPAUD.sim,12,0,840,0.000080,0.0159,70,0.000070,0.0139,0.005027,19.9,2026-09-23T22:44:55Z
GBPAUD.sim,13,1,840,0.000080,0.0159,70,0.000070,0.0139,0.005027,19.9,2026-09-23T22:44:55Z
GBPAUD.sim,14,0,840,0.000070,0.0139,70,0.000080,0.0159,0.005027,19.9,2026-09-23T22:44:55Z
GBPAUD.sim,15,0,840,0.000080,0.0159,70,0.000060,0.0119,0.005027,19.9,2026-09-23T22:44:55Z
GBPAUD.sim,16,0,840,0.000080,0.0159,70,0.000080,0.0159,0.005027,19.9,2026-09-23T22:44:55Z
GBPAUD.sim,17,1,840,0.000090,0.0179,70,0.000080,0.0159,0.005027,19.9,2026-09-23T22:44:55Z
GBPAUD.sim,18,0,840,0.000090,0.0179,70,0.000090,0.0179,0.005027,19.9,2026-09-23T22:44:55Z
GBPAUD.sim,19,0,840,0.000090,0.0179,70,0.000085,0.0169,0.005027,19.9,2026-09-23T22:44:55Z
GBPAUD.sim,20,0,825,0.000120,0.0239,70,0.000100,0.0199,0.005027,19.9,2026-09-23T22:44:55Z
GBPAUD.sim,21,1,770,0.002010,0.3998,0,,,0.005027,19.9,2026-09-23T22:44:55Z
GBPAUD.sim,22,0,824,0.000220,0.0438,70,0.000250,0.0497,0.005027,19.9,2026-09-23T22:44:55Z
GBPAUD.sim,23,0,781,0.000140,0.0278,65,0.000170,0.0338,0.005027,19.9,2026-09-23T22:44:55Z
GBPCAD.sim,0,0,839,0.000200,0.0470,70,0.000210,0.0493,0.004259,20.0,2026-09-23T22:44:55Z
GBPCAD.sim,1,1,839,0.000200,0.0470,70,0.000180,0.0423,0.004259,20.0,2026-09-23T22:44:55Z
GBPCAD.sim,2,0,839,0.000200,0.0470,70,0.000190,0.0446,0.004259,20.0,2026-09-23T22:44:55Z
GBPCAD.sim,3,0,840,0.000190,0.0446,70,0.000190,0.0446,0.004259,20.0,2026-09-23T22:44:55Z
GBPCAD.sim,4,0,840,0.000200,0.0470,70,0.000190,0.0446,0.004259,20.0,2026-09-23T22:44:55Z
GBPCAD.sim,5,1,840,0.000180,0.0423,70,0.000180,0.0423,0.004259,20.0,2026-09-23T22:44:55Z
GBPCAD.sim,6,0,840,0.000150,0.0352,70,0.000170,0.0399,0.004259,20.0,2026-09-23T22:44:55Z
GBPCAD.sim,7,0,840,0.000140,0.0329,70,0.000130,0.0305,0.004259,20.0,2026-09-23T22:44:55Z
GBPCAD.sim,8,0,840,0.000140,0.0329,70,0.000130,0.0305,0.004259,20.0,2026-09-23T22:44:55Z
GBPCAD.sim,9,1,840,0.000140,0.0329,70,0.000140,0.0329,0.004259,20.0,2026-09-23T22:44:55Z
GBPCAD.sim,10,0,840,0.000140,0.0329,70,0.000140,0.0329,0.004259,20.0,2026-09-23T22:44:55Z
GBPCAD.sim,11,0,840,0.000110,0.0258,70,0.000120,0.0282,0.004259,20.0,2026-09-23T22:44:55Z
GBPCAD.sim,12,0,840,0.000110,0.0258,70,0.000105,0.0247,0.004259,20.0,2026-09-23T22:44:55Z
GBPCAD.sim,13,1,840,0.000110,0.0258,70,0.000105,0.0247,0.004259,20.0,2026-09-23T22:44:55Z
GBPCAD.sim,14,0,840,0.000100,0.0235,70,0.000100,0.0235,0.004259,20.0,2026-09-23T22:44:55Z
GBPCAD.sim,15,0,840,0.000100,0.0235,70,0.000100,0.0235,0.004259,20.0,2026-09-23T22:44:55Z
GBPCAD.sim,16,0,840,0.000110,0.0258,70,0.000110,0.0258,0.004259,20.0,2026-09-23T22:44:55Z
GBPCAD.sim,17,1,836,0.000120,0.0282,70,0.000110,0.0258,0.004259,20.0,2026-09-23T22:44:55Z
GBPCAD.sim,18,0,835,0.000120,0.0282,70,0.000120,0.0282,0.004259,20.0,2026-09-23T22:44:55Z
GBPCAD.sim,19,0,834,0.000120,0.0282,70,0.000120,0.0282,0.004259,20.0,2026-09-23T22:44:55Z
GBPCAD.sim,20,0,819,0.000140,0.0329,70,0.000120,0.0282,0.004259,20.0,2026-09-23T22:44:55Z
GBPCAD.sim,21,1,768,0.001780,0.4180,0,,,0.004259,20.0,2026-09-23T22:44:55Z
GBPCAD.sim,22,0,812,0.000320,0.0751,70,0.000375,0.0881,0.004259,20.0,2026-09-23T22:44:55Z
GBPCAD.sim,23,0,819,0.000220,0.0517,69,0.000270,0.0634,0.004259,20.0,2026-09-23T22:44:55Z
GBPCHF.sim,0,0,840,0.000090,0.0321,70,0.000100,0.0356,0.002807,20.0,2026-09-23T22:44:55Z
GBPCHF.sim,1,1,840,0.000090,0.0321,70,0.000090,0.0321,0.002807,20.0,2026-09-23T22:44:55Z
GBPCHF.sim,2,0,840,0.000090,0.0321,70,0.000090,0.0321,0.002807,20.0,2026-09-23T22:44:55Z
GBPCHF.sim,3,0,840,0.000090,0.0321,70,0.000080,0.0285,0.002807,20.0,2026-09-23T22:44:55Z
GBPCHF.sim,4,0,840,0.000090,0.0321,70,0.000090,0.0321,0.002807,20.0,2026-09-23T22:44:55Z
GBPCHF.sim,5,1,840,0.000090,0.0321,70,0.000090,0.0321,0.002807,20.0,2026-09-23T22:44:55Z
GBPCHF.sim,6,0,840,0.000060,0.0214,70,0.000070,0.0249,0.002807,20.0,2026-09-23T22:44:55Z
GBPCHF.sim,7,0,840,0.000060,0.0214,70,0.000060,0.0214,0.002807,20.0,2026-09-23T22:44:55Z
GBPCHF.sim,8,0,840,0.000070,0.0249,70,0.000070,0.0249,0.002807,20.0,2026-09-23T22:44:55Z
GBPCHF.sim,9,1,840,0.000070,0.0249,70,0.000070,0.0249,0.002807,20.0,2026-09-23T22:44:55Z
GBPCHF.sim,10,0,840,0.000070,0.0249,70,0.000060,0.0214,0.002807,20.0,2026-09-23T22:44:55Z
GBPCHF.sim,11,0,840,0.000060,0.0214,70,0.000055,0.0196,0.002807,20.0,2026-09-23T22:44:55Z
GBPCHF.sim,12,0,840,0.000060,0.0214,70,0.000050,0.0178,0.002807,20.0,2026-09-23T22:44:55Z
GBPCHF.sim,13,1,840,0.000060,0.0214,70,0.000060,0.0214,0.002807,20.0,2026-09-23T22:44:55Z
GBPCHF.sim,14,0,840,0.000060,0.0214,70,0.000060,0.0214,0.002807,20.0,2026-09-23T22:44:55Z
GBPCHF.sim,15,0,840,0.000060,0.0214,70,0.000040,0.0143,0.002807,20.0,2026-09-23T22:44:55Z
GBPCHF.sim,16,0,840,0.000060,0.0214,70,0.000060,0.0214,0.002807,20.0,2026-09-23T22:44:55Z
GBPCHF.sim,17,1,840,0.000070,0.0249,70,0.000060,0.0214,0.002807,20.0,2026-09-23T22:44:55Z
GBPCHF.sim,18,0,840,0.000070,0.0249,70,0.000070,0.0249,0.002807,20.0,2026-09-23T22:44:55Z
GBPCHF.sim,19,0,840,0.000070,0.0249,70,0.000070,0.0249,0.002807,20.0,2026-09-23T22:44:55Z
GBPCHF.sim,20,0,825,0.000090,0.0321,70,0.000070,0.0249,0.002807,20.0,2026-09-23T22:44:55Z
GBPCHF.sim,21,1,745,0.002200,0.7838,0,,,0.002807,20.0,2026-09-23T22:44:55Z
GBPCHF.sim,22,0,823,0.000190,0.0677,70,0.000305,0.1087,0.002807,20.0,2026-09-23T22:44:55Z
GBPCHF.sim,23,0,807,0.000130,0.0463,65,0.000160,0.0570,0.002807,20.0,2026-09-23T22:44:55Z
GBPJPY.sim,0,0,840,0.006000,0.0101,70,0.005000,0.0084,0.596472,20.0,2026-09-23T22:44:55Z
GBPJPY.sim,1,1,840,0.006000,0.0101,70,0.005500,0.0092,0.596472,20.0,2026-09-23T22:44:55Z
GBPJPY.sim,2,0,840,0.005000,0.0084,70,0.005000,0.0084,0.596472,20.0,2026-09-23T22:44:55Z
GBPJPY.sim,3,0,840,0.006000,0.0101,70,0.004500,0.0075,0.596472,20.0,2026-09-23T22:44:55Z
GBPJPY.sim,4,0,840,0.006000,0.0101,70,0.006000,0.0101,0.596472,20.0,2026-09-23T22:44:55Z
GBPJPY.sim,5,1,840,0.006000,0.0101,70,0.006000,0.0101,0.596472,20.0,2026-09-23T22:44:55Z
GBPJPY.sim,6,0,840,0.004000,0.0067,70,0.003000,0.0050,0.596472,20.0,2026-09-23T22:44:55Z
GBPJPY.sim,7,0,840,0.003000,0.0050,70,0.003000,0.0050,0.596472,20.0,2026-09-23T22:44:55Z
GBPJPY.sim,8,0,840,0.003000,0.0050,70,0.003000,0.0050,0.596472,20.0,2026-09-23T22:44:55Z
GBPJPY.sim,9,1,840,0.003000,0.0050,70,0.004000,0.0067,0.596472,20.0,2026-09-23T22:44:55Z
GBPJPY.sim,10,0,840,0.004000,0.0067,70,0.002000,0.0034,0.596472,20.0,2026-09-23T22:44:55Z
GBPJPY.sim,11,0,840,0.003000,0.0050,70,0.003000,0.0050,0.596472,20.0,2026-09-23T22:44:55Z
GBPJPY.sim,12,0,840,0.003000,0.0050,70,0.003000,0.0050,0.596472,20.0,2026-09-23T22:44:55Z
GBPJPY.sim,13,1,840,0.004000,0.0067,70,0.003000,0.0050,0.596472,20.0,2026-09-23T22:44:55Z
GBPJPY.sim,14,0,840,0.003000,0.0050,70,0.003000,0.0050,0.596472,20.0,2026-09-23T22:44:55Z
GBPJPY.sim,15,0,840,0.003000,0.0050,70,0.002000,0.0034,0.596472,20.0,2026-09-23T22:44:55Z
GBPJPY.sim,16,0,840,0.003000,0.0050,70,0.003000,0.0050,0.596472,20.0,2026-09-23T22:44:55Z
GBPJPY.sim,17,1,840,0.004000,0.0067,70,0.003500,0.0059,0.596472,20.0,2026-09-23T22:44:55Z
GBPJPY.sim,18,0,840,0.004000,0.0067,70,0.003000,0.0050,0.596472,20.0,2026-09-23T22:44:55Z
GBPJPY.sim,19,0,840,0.004000,0.0067,70,0.004000,0.0067,0.596472,20.0,2026-09-23T22:44:55Z
GBPJPY.sim,20,0,826,0.005000,0.0084,70,0.003000,0.0050,0.596472,20.0,2026-09-23T22:44:55Z
GBPJPY.sim,21,1,764,0.175500,0.2942,0,,,0.596472,20.0,2026-09-23T22:44:55Z
GBPJPY.sim,22,0,826,0.009000,0.0151,70,0.016000,0.0268,0.596472,20.0,2026-09-23T22:44:55Z
GBPJPY.sim,23,0,784,0.006000,0.0101,65,0.005000,0.0084,0.596472,20.0,2026-09-23T22:44:55Z
GBPNZD.sim,0,0,840,0.000390,0.0551,70,0.000430,0.0607,0.007083,20.1,2026-09-23T22:44:55Z
GBPNZD.sim,1,1,840,0.000370,0.0522,70,0.000375,0.0529,0.007083,20.1,2026-09-23T22:44:55Z
GBPNZD.sim,2,0,840,0.000370,0.0522,70,0.000380,0.0536,0.007083,20.1,2026-09-23T22:44:55Z
GBPNZD.sim,3,0,840,0.000370,0.0522,70,0.000390,0.0551,0.007083,20.1,2026-09-23T22:44:55Z
GBPNZD.sim,4,0,840,0.000370,0.0522,70,0.000365,0.0515,0.007083,20.1,2026-09-23T22:44:55Z
GBPNZD.sim,5,1,840,0.000380,0.0536,70,0.000380,0.0536,0.007083,20.1,2026-09-23T22:44:55Z
GBPNZD.sim,6,0,840,0.000310,0.0438,70,0.000350,0.0494,0.007083,20.1,2026-09-23T22:44:55Z
GBPNZD.sim,7,0,840,0.000310,0.0438,70,0.000290,0.0409,0.007083,20.1,2026-09-23T22:44:55Z
GBPNZD.sim,8,0,840,0.000320,0.0452,70,0.000310,0.0438,0.007083,20.1,2026-09-23T22:44:55Z
GBPNZD.sim,9,1,840,0.000320,0.0452,70,0.000330,0.0466,0.007083,20.1,2026-09-23T22:44:55Z
GBPNZD.sim,10,0,840,0.000310,0.0438,70,0.000310,0.0438,0.007083,20.1,2026-09-23T22:44:55Z
GBPNZD.sim,11,0,840,0.000280,0.0395,70,0.000270,0.0381,0.007083,20.1,2026-09-23T22:44:55Z
GBPNZD.sim,12,0,840,0.000290,0.0409,70,0.000280,0.0395,0.007083,20.1,2026-09-23T22:44:55Z
GBPNZD.sim,13,1,840,0.000270,0.0381,70,0.000280,0.0395,0.007083,20.1,2026-09-23T22:44:55Z
GBPNZD.sim,14,0,840,0.000270,0.0381,70,0.000245,0.0346,0.007083,20.1,2026-09-23T22:44:55Z
GBPNZD.sim,15,0,840,0.000280,0.0395,70,0.000260,0.0367,0.007083,20.1,2026-09-23T22:44:55Z
GBPNZD.sim,16,0,840,0.000290,0.0409,70,0.000290,0.0409,0.007083,20.1,2026-09-23T22:44:55Z
GBPNZD.sim,17,1,839,0.000310,0.0438,70,0.000310,0.0438,0.007083,20.1,2026-09-23T22:44:55Z
GBPNZD.sim,18,0,818,0.000320,0.0452,67,0.000300,0.0424,0.007083,20.1,2026-09-23T22:44:55Z
GBPNZD.sim,19,0,763,0.000400,0.0565,0,,,0.007083,20.1,2026-09-23T22:44:55Z
GBPNZD.sim,20,0,822,0.000470,0.0664,70,0.000465,0.0656,0.007083,20.1,2026-09-23T22:44:55Z
GBPNZD.sim,21,1,786,0.003655,0.5160,0,,,0.007083,20.1,2026-09-23T22:44:55Z
GBPNZD.sim,22,0,855,0.000660,0.0932,73,0.000820,0.1158,0.007083,20.1,2026-09-23T22:44:55Z
GBPNZD.sim,23,0,837,0.000490,0.0692,69,0.000580,0.0819,0.007083,20.1,2026-09-23T22:44:55Z
GBPUSD.sim,0,0,840,0.000010,0.0029,70,0.000010,0.0029,0.003453,20.0,2026-09-23T22:44:55Z
GBPUSD.sim,1,1,840,0.000020,0.0058,70,0.000010,0.0029,0.003453,20.0,2026-09-23T22:44:55Z
GBPUSD.sim,2,0,840,0.000020,0.0058,70,0.000010,0.0029,0.003453,20.0,2026-09-23T22:44:55Z
GBPUSD.sim,3,0,840,0.000020,0.0058,70,0.000020,0.0058,0.003453,20.0,2026-09-23T22:44:55Z
GBPUSD.sim,4,0,840,0.000020,0.0058,70,0.000015,0.0043,0.003453,20.0,2026-09-23T22:44:55Z
GBPUSD.sim,5,1,840,0.000020,0.0058,70,0.000010,0.0029,0.003453,20.0,2026-09-23T22:44:55Z
GBPUSD.sim,6,0,840,0.000000,0.0000,70,0.000000,0.0000,0.003453,20.0,2026-09-23T22:44:55Z
GBPUSD.sim,7,0,840,0.000000,0.0000,70,0.000000,0.0000,0.003453,20.0,2026-09-23T22:44:55Z
GBPUSD.sim,8,0,840,0.000000,0.0000,70,0.000000,0.0000,0.003453,20.0,2026-09-23T22:44:55Z
GBPUSD.sim,9,1,840,0.000010,0.0029,70,0.000000,0.0000,0.003453,20.0,2026-09-23T22:44:55Z
GBPUSD.sim,10,0,840,0.000010,0.0029,70,0.000000,0.0000,0.003453,20.0,2026-09-23T22:44:55Z
GBPUSD.sim,11,0,840,0.000000,0.0000,70,0.000000,0.0000,0.003453,20.0,2026-09-23T22:44:55Z
GBPUSD.sim,12,0,840,0.000000,0.0000,70,0.000000,0.0000,0.003453,20.0,2026-09-23T22:44:55Z
GBPUSD.sim,13,1,840,0.000000,0.0000,70,0.000000,0.0000,0.003453,20.0,2026-09-23T22:44:55Z
GBPUSD.sim,14,0,840,0.000000,0.0000,70,0.000000,0.0000,0.003453,20.0,2026-09-23T22:44:55Z
GBPUSD.sim,15,0,840,0.000000,0.0000,70,0.000000,0.0000,0.003453,20.0,2026-09-23T22:44:55Z
GBPUSD.sim,16,0,840,0.000000,0.0000,70,0.000000,0.0000,0.003453,20.0,2026-09-23T22:44:55Z
GBPUSD.sim,17,1,840,0.000000,0.0000,70,0.000000,0.0000,0.003453,20.0,2026-09-23T22:44:55Z
GBPUSD.sim,18,0,840,0.000000,0.0000,70,0.000005,0.0014,0.003453,20.0,2026-09-23T22:44:55Z
GBPUSD.sim,19,0,840,0.000010,0.0029,70,0.000000,0.0000,0.003453,20.0,2026-09-23T22:44:55Z
GBPUSD.sim,20,0,826,0.000010,0.0029,70,0.000010,0.0029,0.003453,20.0,2026-09-23T22:44:55Z
GBPUSD.sim,21,1,761,0.000790,0.2288,0,,,0.003453,20.0,2026-09-23T22:44:55Z
GBPUSD.sim,22,0,825,0.000030,0.0087,70,0.000040,0.0116,0.003453,20.0,2026-09-23T22:44:55Z
GBPUSD.sim,23,0,788,0.000030,0.0087,65,0.000030,0.0087,0.003453,20.0,2026-09-23T22:44:55Z
NZDCAD.sim,0,0,840,0.000090,0.0328,70,0.000090,0.0328,0.002740,20.2,2026-09-23T22:44:55Z
NZDCAD.sim,1,1,840,0.000090,0.0328,70,0.000090,0.0328,0.002740,20.2,2026-09-23T22:44:55Z
NZDCAD.sim,2,0,840,0.000090,0.0328,70,0.000100,0.0365,0.002740,20.2,2026-09-23T22:44:55Z
NZDCAD.sim,3,0,840,0.000090,0.0328,70,0.000100,0.0365,0.002740,20.2,2026-09-23T22:44:55Z
NZDCAD.sim,4,0,840,0.000100,0.0365,70,0.000090,0.0328,0.002740,20.2,2026-09-23T22:44:55Z
NZDCAD.sim,5,1,840,0.000100,0.0365,70,0.000090,0.0328,0.002740,20.2,2026-09-23T22:44:55Z
NZDCAD.sim,6,0,840,0.000080,0.0292,70,0.000080,0.0292,0.002740,20.2,2026-09-23T22:44:55Z
NZDCAD.sim,7,0,840,0.000070,0.0255,70,0.000070,0.0255,0.002740,20.2,2026-09-23T22:44:55Z
NZDCAD.sim,8,0,840,0.000080,0.0292,70,0.000070,0.0255,0.002740,20.2,2026-09-23T22:44:55Z
NZDCAD.sim,9,1,839,0.000080,0.0292,70,0.000080,0.0292,0.002740,20.2,2026-09-23T22:44:55Z
NZDCAD.sim,10,0,840,0.000080,0.0292,70,0.000080,0.0292,0.002740,20.2,2026-09-23T22:44:55Z
NZDCAD.sim,11,0,840,0.000070,0.0255,70,0.000070,0.0255,0.002740,20.2,2026-09-23T22:44:55Z
NZDCAD.sim,12,0,840,0.000070,0.0255,70,0.000060,0.0219,0.002740,20.2,2026-09-23T22:44:55Z
NZDCAD.sim,13,1,840,0.000060,0.0219,70,0.000060,0.0219,0.002740,20.2,2026-09-23T22:44:55Z
NZDCAD.sim,14,0,840,0.000060,0.0219,70,0.000060,0.0219,0.002740,20.2,2026-09-23T22:44:55Z
NZDCAD.sim,15,0,840,0.000060,0.0219,70,0.000060,0.0219,0.002740,20.2,2026-09-23T22:44:55Z
NZDCAD.sim,16,0,835,0.000060,0.0219,70,0.000060,0.0219,0.002740,20.2,2026-09-23T22:44:55Z
NZDCAD.sim,17,1,832,0.000070,0.0255,70,0.000070,0.0255,0.002740,20.2,2026-09-23T22:44:55Z
NZDCAD.sim,18,0,812,0.000070,0.0255,68,0.000070,0.0255,0.002740,20.2,2026-09-23T22:44:55Z
NZDCAD.sim,19,0,802,0.000080,0.0292,0,,,0.002740,20.2,2026-09-23T22:44:55Z
NZDCAD.sim,20,0,858,0.000090,0.0328,75,0.000080,0.0292,0.002740,20.2,2026-09-23T22:44:55Z
NZDCAD.sim,21,1,804,0.001145,0.4179,0,,,0.002740,20.2,2026-09-23T22:44:55Z
NZDCAD.sim,22,0,806,0.000150,0.0547,73,0.000200,0.0730,0.002740,20.2,2026-09-23T22:44:55Z
NZDCAD.sim,23,0,812,0.000110,0.0401,67,0.000140,0.0511,0.002740,20.2,2026-09-23T22:44:55Z
NZDCHF.sim,0,0,840,0.000050,0.0314,70,0.000045,0.0282,0.001595,20.1,2026-09-23T22:44:55Z
NZDCHF.sim,1,1,840,0.000050,0.0314,70,0.000050,0.0314,0.001595,20.1,2026-09-23T22:44:55Z
NZDCHF.sim,2,0,840,0.000050,0.0314,70,0.000045,0.0282,0.001595,20.1,2026-09-23T22:44:55Z
NZDCHF.sim,3,0,840,0.000050,0.0314,70,0.000050,0.0314,0.001595,20.1,2026-09-23T22:44:55Z
NZDCHF.sim,4,0,839,0.000050,0.0314,70,0.000050,0.0314,0.001595,20.1,2026-09-23T22:44:55Z
NZDCHF.sim,5,1,840,0.000050,0.0314,70,0.000050,0.0314,0.001595,20.1,2026-09-23T22:44:55Z
NZDCHF.sim,6,0,840,0.000040,0.0251,70,0.000040,0.0251,0.001595,20.1,2026-09-23T22:44:55Z
NZDCHF.sim,7,0,840,0.000040,0.0251,70,0.000040,0.0251,0.001595,20.1,2026-09-23T22:44:55Z
NZDCHF.sim,8,0,840,0.000040,0.0251,70,0.000040,0.0251,0.001595,20.1,2026-09-23T22:44:55Z
NZDCHF.sim,9,1,840,0.000040,0.0251,70,0.000040,0.0251,0.001595,20.1,2026-09-23T22:44:55Z
NZDCHF.sim,10,0,839,0.000040,0.0251,70,0.000040,0.0251,0.001595,20.1,2026-09-23T22:44:55Z
NZDCHF.sim,11,0,840,0.000040,0.0251,70,0.000040,0.0251,0.001595,20.1,2026-09-23T22:44:55Z
NZDCHF.sim,12,0,840,0.000040,0.0251,70,0.000030,0.0188,0.001595,20.1,2026-09-23T22:44:55Z
NZDCHF.sim,13,1,840,0.000040,0.0251,70,0.000030,0.0188,0.001595,20.1,2026-09-23T22:44:55Z
NZDCHF.sim,14,0,840,0.000030,0.0188,70,0.000030,0.0188,0.001595,20.1,2026-09-23T22:44:55Z
NZDCHF.sim,15,0,840,0.000030,0.0188,70,0.000030,0.0188,0.001595,20.1,2026-09-23T22:44:55Z
NZDCHF.sim,16,0,838,0.000040,0.0251,70,0.000040,0.0251,0.001595,20.1,2026-09-23T22:44:55Z
NZDCHF.sim,17,1,834,0.000040,0.0251,70,0.000040,0.0251,0.001595,20.1,2026-09-23T22:44:55Z
NZDCHF.sim,18,0,819,0.000040,0.0251,70,0.000040,0.0251,0.001595,20.1,2026-09-23T22:44:55Z
NZDCHF.sim,19,0,774,0.000050,0.0314,0,,,0.001595,20.1,2026-09-23T22:44:55Z
NZDCHF.sim,20,0,848,0.000060,0.0376,74,0.000060,0.0376,0.001595,20.1,2026-09-23T22:44:55Z
NZDCHF.sim,21,1,778,0.001155,0.7242,0,,,0.001595,20.1,2026-09-23T22:44:55Z
NZDCHF.sim,22,0,850,0.000100,0.0627,75,0.000180,0.1129,0.001595,20.1,2026-09-23T22:44:55Z
NZDCHF.sim,23,0,821,0.000060,0.0376,68,0.000090,0.0564,0.001595,20.1,2026-09-23T22:44:55Z
NZDJPY.sim,0,0,840,0.008000,0.0233,70,0.007000,0.0204,0.343620,20.1,2026-09-23T22:44:55Z
NZDJPY.sim,1,1,840,0.008000,0.0233,70,0.008000,0.0233,0.343620,20.1,2026-09-23T22:44:55Z
NZDJPY.sim,2,0,840,0.007000,0.0204,70,0.007000,0.0204,0.343620,20.1,2026-09-23T22:44:55Z
NZDJPY.sim,3,0,840,0.007000,0.0204,70,0.007000,0.0204,0.343620,20.1,2026-09-23T22:44:55Z
NZDJPY.sim,4,0,840,0.008000,0.0233,70,0.008000,0.0233,0.343620,20.1,2026-09-23T22:44:55Z
NZDJPY.sim,5,1,840,0.008000,0.0233,70,0.007000,0.0204,0.343620,20.1,2026-09-23T22:44:55Z
NZDJPY.sim,6,0,840,0.005000,0.0146,70,0.006000,0.0175,0.343620,20.1,2026-09-23T22:44:55Z
NZDJPY.sim,7,0,840,0.005000,0.0146,70,0.005000,0.0146,0.343620,20.1,2026-09-23T22:44:55Z
NZDJPY.sim,8,0,840,0.006000,0.0175,70,0.006000,0.0175,0.343620,20.1,2026-09-23T22:44:55Z
NZDJPY.sim,9,1,840,0.006000,0.0175,70,0.006000,0.0175,0.343620,20.1,2026-09-23T22:44:55Z
NZDJPY.sim,10,0,840,0.006000,0.0175,70,0.006000,0.0175,0.343620,20.1,2026-09-23T22:44:55Z
NZDJPY.sim,11,0,840,0.005000,0.0146,70,0.005000,0.0146,0.343620,20.1,2026-09-23T22:44:55Z
NZDJPY.sim,12,0,840,0.005000,0.0146,70,0.005000,0.0146,0.343620,20.1,2026-09-23T22:44:55Z
NZDJPY.sim,13,1,840,0.005000,0.0146,70,0.005000,0.0146,0.343620,20.1,2026-09-23T22:44:55Z
NZDJPY.sim,14,0,840,0.005000,0.0146,70,0.005000,0.0146,0.343620,20.1,2026-09-23T22:44:55Z
NZDJPY.sim,15,0,840,0.005000,0.0146,70,0.005000,0.0146,0.343620,20.1,2026-09-23T22:44:55Z
NZDJPY.sim,16,0,839,0.006000,0.0175,70,0.006000,0.0175,0.343620,20.1,2026-09-23T22:44:55Z
NZDJPY.sim,17,1,840,0.007000,0.0204,70,0.006500,0.0189,0.343620,20.1,2026-09-23T22:44:55Z
NZDJPY.sim,18,0,811,0.007000,0.0204,70,0.007000,0.0204,0.343620,20.1,2026-09-23T22:44:55Z
NZDJPY.sim,19,0,770,0.008000,0.0233,0,,,0.343620,20.1,2026-09-23T22:44:55Z
NZDJPY.sim,20,0,814,0.009000,0.0262,70,0.008000,0.0233,0.343620,20.1,2026-09-23T22:44:55Z
NZDJPY.sim,21,1,775,0.120000,0.3492,0,,,0.343620,20.1,2026-09-23T22:44:55Z
NZDJPY.sim,22,0,874,0.012000,0.0349,74,0.024000,0.0698,0.343620,20.1,2026-09-23T22:44:55Z
NZDJPY.sim,23,0,837,0.010000,0.0291,69,0.011000,0.0320,0.343620,20.1,2026-09-23T22:44:55Z
NZDUSD.sim,0,0,840,0.000010,0.0042,70,0.000010,0.0042,0.002367,20.0,2026-09-23T22:44:55Z
NZDUSD.sim,1,1,840,0.000010,0.0042,70,0.000010,0.0042,0.002367,20.0,2026-09-23T22:44:55Z
NZDUSD.sim,2,0,840,0.000010,0.0042,70,0.000010,0.0042,0.002367,20.0,2026-09-23T22:44:55Z
NZDUSD.sim,3,0,840,0.000010,0.0042,70,0.000010,0.0042,0.002367,20.0,2026-09-23T22:44:55Z
NZDUSD.sim,4,0,840,0.000010,0.0042,70,0.000010,0.0042,0.002367,20.0,2026-09-23T22:44:55Z
NZDUSD.sim,5,1,840,0.000010,0.0042,70,0.000010,0.0042,0.002367,20.0,2026-09-23T22:44:55Z
NZDUSD.sim,6,0,840,0.000010,0.0042,70,0.000000,0.0000,0.002367,20.0,2026-09-23T22:44:55Z
NZDUSD.sim,7,0,840,0.000000,0.0000,70,0.000005,0.0021,0.002367,20.0,2026-09-23T22:44:55Z
NZDUSD.sim,8,0,840,0.000010,0.0042,70,0.000000,0.0000,0.002367,20.0,2026-09-23T22:44:55Z
NZDUSD.sim,9,1,840,0.000000,0.0000,70,0.000000,0.0000,0.002367,20.0,2026-09-23T22:44:55Z
NZDUSD.sim,10,0,840,0.000010,0.0042,70,0.000010,0.0042,0.002367,20.0,2026-09-23T22:44:55Z
NZDUSD.sim,11,0,840,0.000010,0.0042,70,0.000010,0.0042,0.002367,20.0,2026-09-23T22:44:55Z
NZDUSD.sim,12,0,840,0.000000,0.0000,70,0.000000,0.0000,0.002367,20.0,2026-09-23T22:44:55Z
NZDUSD.sim,13,1,840,0.000000,0.0000,70,0.000000,0.0000,0.002367,20.0,2026-09-23T22:44:55Z
NZDUSD.sim,14,0,840,0.000000,0.0000,70,0.000000,0.0000,0.002367,20.0,2026-09-23T22:44:55Z
NZDUSD.sim,15,0,840,0.000010,0.0042,70,0.000000,0.0000,0.002367,20.0,2026-09-23T22:44:55Z
NZDUSD.sim,16,0,840,0.000010,0.0042,70,0.000010,0.0042,0.002367,20.0,2026-09-23T22:44:55Z
NZDUSD.sim,17,1,840,0.000010,0.0042,70,0.000010,0.0042,0.002367,20.0,2026-09-23T22:44:55Z
NZDUSD.sim,18,0,826,0.000010,0.0042,70,0.000010,0.0042,0.002367,20.0,2026-09-23T22:44:55Z
NZDUSD.sim,19,0,769,0.000010,0.0042,0,,,0.002367,20.0,2026-09-23T22:44:55Z
NZDUSD.sim,20,0,825,0.000020,0.0084,70,0.000020,0.0084,0.002367,20.0,2026-09-23T22:44:55Z
NZDUSD.sim,21,1,736,0.000550,0.2324,0,,,0.002367,20.0,2026-09-23T22:44:55Z
NZDUSD.sim,22,0,884,0.000010,0.0042,75,0.000020,0.0084,0.002367,20.0,2026-09-23T22:44:55Z
NZDUSD.sim,23,0,840,0.000020,0.0084,70,0.000010,0.0042,0.002367,20.0,2026-09-23T22:44:55Z
US100.sim,0,0,840,1.800000,0.0065,70,1.800000,0.0065,276.078387,20.7,2026-09-23T22:44:55Z
US100.sim,1,1,840,1.800000,0.0065,70,1.800000,0.0065,276.078387,20.7,2026-09-23T22:44:55Z
US100.sim,2,0,840,1.800000,0.0065,70,1.800000,0.0065,276.078387,20.7,2026-09-23T22:44:55Z
US100.sim,3,0,840,1.800000,0.0065,70,1.800000,0.0065,276.078387,20.7,2026-09-23T22:44:55Z
US100.sim,4,0,840,1.800000,0.0065,70,1.800000,0.0065,276.078387,20.7,2026-09-23T22:44:55Z
US100.sim,5,1,844,1.800000,0.0065,70,1.800000,0.0065,276.078387,20.7,2026-09-23T22:44:55Z
US100.sim,6,0,900,1.800000,0.0065,75,1.800000,0.0065,276.078387,20.7,2026-09-23T22:44:55Z
US100.sim,7,0,900,1.800000,0.0065,75,1.800000,0.0065,276.078387,20.7,2026-09-23T22:44:55Z
US100.sim,8,0,900,1.800000,0.0065,75,1.800000,0.0065,276.078387,20.7,2026-09-23T22:44:55Z
US100.sim,9,1,900,1.800000,0.0065,75,1.800000,0.0065,276.078387,20.7,2026-09-23T22:44:55Z
US100.sim,10,0,900,1.800000,0.0065,75,1.800000,0.0065,276.078387,20.7,2026-09-23T22:44:55Z
US100.sim,11,0,900,1.800000,0.0065,75,1.800000,0.0065,276.078387,20.7,2026-09-23T22:44:55Z
US100.sim,12,0,900,1.800000,0.0065,75,1.800000,0.0065,276.078387,20.7,2026-09-23T22:44:55Z
US100.sim,13,1,900,1.300000,0.0047,75,1.800000,0.0065,276.078387,20.7,2026-09-23T22:44:55Z
US100.sim,14,0,900,0.600000,0.0022,75,0.600000,0.0022,276.078387,20.7,2026-09-23T22:44:55Z
US100.sim,15,0,900,0.600000,0.0022,75,0.600000,0.0022,276.078387,20.7,2026-09-23T22:44:55Z
US100.sim,16,0,899,0.600000,0.0022,75,0.600000,0.0022,276.078387,20.7,2026-09-23T22:44:55Z
US100.sim,17,1,840,0.600000,0.0022,70,0.600000,0.0022,276.078387,20.7,2026-09-23T22:44:55Z
US100.sim,18,0,840,0.600000,0.0022,70,0.600000,0.0022,276.078387,20.7,2026-09-23T22:44:55Z
US100.sim,19,0,840,0.600000,0.0022,70,0.600000,0.0022,276.078387,20.7,2026-09-23T22:44:55Z
US100.sim,20,0,826,1.800000,0.0065,70,1.800000,0.0065,276.078387,20.7,2026-09-23T22:44:55Z
US100.sim,21,1,0,,,0,,,276.078387,20.7,2026-09-23T22:44:55Z
US100.sim,22,0,871,1.800000,0.0065,60,1.800000,0.0065,276.078387,20.7,2026-09-23T22:44:55Z
US100.sim,23,0,840,2.000000,0.0072,70,2.000000,0.0072,276.078387,20.7,2026-09-23T22:44:55Z
US30.sim,0,0,840,2.000000,0.0069,70,2.000000,0.0069,291.098965,20.7,2026-09-23T22:44:55Z
US30.sim,1,1,840,2.000000,0.0069,70,2.000000,0.0069,291.098965,20.7,2026-09-23T22:44:55Z
US30.sim,2,0,838,2.000000,0.0069,70,2.000000,0.0069,291.098965,20.7,2026-09-23T22:44:55Z
US30.sim,3,0,840,2.000000,0.0069,70,2.000000,0.0069,291.098965,20.7,2026-09-23T22:44:55Z
US30.sim,4,0,840,2.000000,0.0069,70,2.000000,0.0069,291.098965,20.7,2026-09-23T22:44:55Z
US30.sim,5,1,863,2.000000,0.0069,70,2.000000,0.0069,291.098965,20.7,2026-09-23T22:44:55Z
US30.sim,6,0,900,2.000000,0.0069,75,2.000000,0.0069,291.098965,20.7,2026-09-23T22:44:55Z
US30.sim,7,0,900,2.000000,0.0069,75,2.000000,0.0069,291.098965,20.7,2026-09-23T22:44:55Z
US30.sim,8,0,900,2.000000,0.0069,75,2.000000,0.0069,291.098965,20.7,2026-09-23T22:44:55Z
US30.sim,9,1,900,2.000000,0.0069,75,2.000000,0.0069,291.098965,20.7,2026-09-23T22:44:55Z
US30.sim,10,0,900,2.000000,0.0069,75,2.000000,0.0069,291.098965,20.7,2026-09-23T22:44:55Z
US30.sim,11,0,900,2.000000,0.0069,75,2.000000,0.0069,291.098965,20.7,2026-09-23T22:44:55Z
US30.sim,12,0,900,2.000000,0.0069,75,2.000000,0.0069,291.098965,20.7,2026-09-23T22:44:55Z
US30.sim,13,1,900,2.000000,0.0069,75,2.000000,0.0069,291.098965,20.7,2026-09-23T22:44:55Z
US30.sim,14,0,900,1.500000,0.0052,75,1.500000,0.0052,291.098965,20.7,2026-09-23T22:44:55Z
US30.sim,15,0,900,1.500000,0.0052,75,1.500000,0.0052,291.098965,20.7,2026-09-23T22:44:55Z
US30.sim,16,0,899,1.500000,0.0052,75,1.500000,0.0052,291.098965,20.7,2026-09-23T22:44:55Z
US30.sim,17,1,840,1.500000,0.0052,70,1.500000,0.0052,291.098965,20.7,2026-09-23T22:44:55Z
US30.sim,18,0,840,1.500000,0.0052,70,1.500000,0.0052,291.098965,20.7,2026-09-23T22:44:55Z
US30.sim,19,0,840,1.500000,0.0052,70,1.500000,0.0052,291.098965,20.7,2026-09-23T22:44:55Z
US30.sim,20,0,826,2.000000,0.0069,70,2.000000,0.0069,291.098965,20.7,2026-09-23T22:44:55Z
US30.sim,21,1,0,,,0,,,291.098965,20.7,2026-09-23T22:44:55Z
US30.sim,22,0,862,3.000000,0.0103,60,4.000000,0.0137,291.098965,20.7,2026-09-23T22:44:55Z
US30.sim,23,0,832,3.000000,0.0103,70,3.000000,0.0103,291.098965,20.7,2026-09-23T22:44:55Z
US500.sim,0,0,839,0.500000,0.0123,70,0.500000,0.0123,40.541307,20.8,2026-09-23T22:44:55Z
US500.sim,1,1,840,0.500000,0.0123,70,0.500000,0.0123,40.541307,20.8,2026-09-23T22:44:55Z
US500.sim,2,0,838,0.500000,0.0123,70,0.500000,0.0123,40.541307,20.8,2026-09-23T22:44:55Z
US500.sim,3,0,874,0.500000,0.0123,73,0.500000,0.0123,40.541307,20.8,2026-09-23T22:44:55Z
US500.sim,4,0,885,0.500000,0.0123,74,0.500000,0.0123,40.541307,20.8,2026-09-23T22:44:55Z
US500.sim,5,1,896,0.500000,0.0123,75,0.500000,0.0123,40.541307,20.8,2026-09-23T22:44:55Z
US500.sim,6,0,899,0.500000,0.0123,75,0.500000,0.0123,40.541307,20.8,2026-09-23T22:44:55Z
US500.sim,7,0,899,0.500000,0.0123,75,0.500000,0.0123,40.541307,20.8,2026-09-23T22:44:55Z
US500.sim,8,0,900,0.500000,0.0123,75,0.500000,0.0123,40.541307,20.8,2026-09-23T22:44:55Z
US500.sim,9,1,897,0.500000,0.0123,75,0.500000,0.0123,40.541307,20.8,2026-09-23T22:44:55Z
US500.sim,10,0,898,0.500000,0.0123,75,0.500000,0.0123,40.541307,20.8,2026-09-23T22:44:55Z
US500.sim,11,0,900,0.500000,0.0123,75,0.500000,0.0123,40.541307,20.8,2026-09-23T22:44:55Z
US500.sim,12,0,900,0.500000,0.0123,75,0.500000,0.0123,40.541307,20.8,2026-09-23T22:44:55Z
US500.sim,13,1,900,0.450000,0.0111,75,0.500000,0.0123,40.541307,20.8,2026-09-23T22:44:55Z
US500.sim,14,0,899,0.400000,0.0099,75,0.400000,0.0099,40.541307,20.8,2026-09-23T22:44:55Z
US500.sim,15,0,900,0.400000,0.0099,75,0.400000,0.0099,40.541307,20.8,2026-09-23T22:44:55Z
US500.sim,16,0,895,0.400000,0.0099,75,0.400000,0.0099,40.541307,20.8,2026-09-23T22:44:55Z
US500.sim,17,1,840,0.400000,0.0099,70,0.400000,0.0099,40.541307,20.8,2026-09-23T22:44:55Z
US500.sim,18,0,840,0.400000,0.0099,70,0.400000,0.0099,40.541307,20.8,2026-09-23T22:44:55Z
US500.sim,19,0,840,0.400000,0.0099,70,0.400000,0.0099,40.541307,20.8,2026-09-23T22:44:55Z
US500.sim,20,0,786,0.500000,0.0123,70,0.500000,0.0123,40.541307,20.8,2026-09-23T22:44:55Z
US500.sim,21,1,0,,,0,,,40.541307,20.8,2026-09-23T22:44:55Z
US500.sim,22,0,832,0.500000,0.0123,60,0.500000,0.0123,40.541307,20.8,2026-09-23T22:44:55Z
US500.sim,23,0,803,0.500000,0.0123,69,0.500000,0.0123,40.541307,20.8,2026-09-23T22:44:55Z
USDCAD.sim,0,0,840,0.000000,0.0000,70,0.000000,0.0000,0.002891,20.0,2026-09-23T22:44:55Z
USDCAD.sim,1,1,840,0.000010,0.0035,70,0.000000,0.0000,0.002891,20.0,2026-09-23T22:44:55Z
USDCAD.sim,2,0,840,0.000010,0.0035,70,0.000010,0.0035,0.002891,20.0,2026-09-23T22:44:55Z
USDCAD.sim,3,0,840,0.000010,0.0035,70,0.000010,0.0035,0.002891,20.0,2026-09-23T22:44:55Z
USDCAD.sim,4,0,840,0.000010,0.0035,70,0.000000,0.0000,0.002891,20.0,2026-09-23T22:44:55Z
USDCAD.sim,5,1,840,0.000010,0.0035,70,0.000010,0.0035,0.002891,20.0,2026-09-23T22:44:55Z
USDCAD.sim,6,0,840,0.000010,0.0035,70,0.000010,0.0035,0.002891,20.0,2026-09-23T22:44:55Z
USDCAD.sim,7,0,840,0.000000,0.0000,70,0.000000,0.0000,0.002891,20.0,2026-09-23T22:44:55Z
USDCAD.sim,8,0,840,0.000000,0.0000,70,0.000000,0.0000,0.002891,20.0,2026-09-23T22:44:55Z
USDCAD.sim,9,1,840,0.000010,0.0035,70,0.000000,0.0000,0.002891,20.0,2026-09-23T22:44:55Z
USDCAD.sim,10,0,840,0.000010,0.0035,70,0.000000,0.0000,0.002891,20.0,2026-09-23T22:44:55Z
USDCAD.sim,11,0,840,0.000000,0.0000,70,0.000010,0.0035,0.002891,20.0,2026-09-23T22:44:55Z
USDCAD.sim,12,0,840,0.000000,0.0000,70,0.000000,0.0000,0.002891,20.0,2026-09-23T22:44:55Z
USDCAD.sim,13,1,840,0.000000,0.0000,70,0.000000,0.0000,0.002891,20.0,2026-09-23T22:44:55Z
USDCAD.sim,14,0,840,0.000000,0.0000,70,0.000000,0.0000,0.002891,20.0,2026-09-23T22:44:55Z
USDCAD.sim,15,0,840,0.000000,0.0000,70,0.000000,0.0000,0.002891,20.0,2026-09-23T22:44:55Z
USDCAD.sim,16,0,840,0.000000,0.0000,70,0.000000,0.0000,0.002891,20.0,2026-09-23T22:44:55Z
USDCAD.sim,17,1,839,0.000000,0.0000,70,0.000000,0.0000,0.002891,20.0,2026-09-23T22:44:55Z
USDCAD.sim,18,0,839,0.000000,0.0000,70,0.000000,0.0000,0.002891,20.0,2026-09-23T22:44:55Z
USDCAD.sim,19,0,838,0.000000,0.0000,70,0.000000,0.0000,0.002891,20.0,2026-09-23T22:44:55Z
USDCAD.sim,20,0,826,0.000020,0.0069,70,0.000010,0.0035,0.002891,20.0,2026-09-23T22:44:55Z
USDCAD.sim,21,1,754,0.000470,0.1626,0,,,0.002891,20.0,2026-09-23T22:44:55Z
USDCAD.sim,22,0,825,0.000030,0.0104,70,0.000035,0.0121,0.002891,20.0,2026-09-23T22:44:55Z
USDCAD.sim,23,0,799,0.000010,0.0035,65,0.000020,0.0069,0.002891,20.0,2026-09-23T22:44:55Z
USDCHF.sim,0,0,840,0.000010,0.0037,70,0.000010,0.0037,0.002710,20.0,2026-09-23T22:44:55Z
USDCHF.sim,1,1,840,0.000010,0.0037,70,0.000010,0.0037,0.002710,20.0,2026-09-23T22:44:55Z
USDCHF.sim,2,0,840,0.000010,0.0037,70,0.000010,0.0037,0.002710,20.0,2026-09-23T22:44:55Z
USDCHF.sim,3,0,840,0.000010,0.0037,70,0.000010,0.0037,0.002710,20.0,2026-09-23T22:44:55Z
USDCHF.sim,4,0,840,0.000020,0.0074,70,0.000010,0.0037,0.002710,20.0,2026-09-23T22:44:55Z
USDCHF.sim,5,1,840,0.000010,0.0037,70,0.000010,0.0037,0.002710,20.0,2026-09-23T22:44:55Z
USDCHF.sim,6,0,840,0.000010,0.0037,70,0.000010,0.0037,0.002710,20.0,2026-09-23T22:44:55Z
USDCHF.sim,7,0,840,0.000010,0.0037,70,0.000010,0.0037,0.002710,20.0,2026-09-23T22:44:55Z
USDCHF.sim,8,0,840,0.000010,0.0037,70,0.000000,0.0000,0.002710,20.0,2026-09-23T22:44:55Z
USDCHF.sim,9,1,840,0.000010,0.0037,70,0.000010,0.0037,0.002710,20.0,2026-09-23T22:44:55Z
USDCHF.sim,10,0,840,0.000010,0.0037,70,0.000000,0.0000,0.002710,20.0,2026-09-23T22:44:55Z
USDCHF.sim,11,0,840,0.000010,0.0037,70,0.000000,0.0000,0.002710,20.0,2026-09-23T22:44:55Z
USDCHF.sim,12,0,840,0.000010,0.0037,70,0.000000,0.0000,0.002710,20.0,2026-09-23T22:44:55Z
USDCHF.sim,13,1,840,0.000010,0.0037,70,0.000010,0.0037,0.002710,20.0,2026-09-23T22:44:55Z
USDCHF.sim,14,0,840,0.000000,0.0000,70,0.000000,0.0000,0.002710,20.0,2026-09-23T22:44:55Z
USDCHF.sim,15,0,840,0.000000,0.0000,70,0.000000,0.0000,0.002710,20.0,2026-09-23T22:44:55Z
USDCHF.sim,16,0,840,0.000010,0.0037,70,0.000010,0.0037,0.002710,20.0,2026-09-23T22:44:55Z
USDCHF.sim,17,1,839,0.000010,0.0037,70,0.000010,0.0037,0.002710,20.0,2026-09-23T22:44:55Z
USDCHF.sim,18,0,837,0.000010,0.0037,70,0.000010,0.0037,0.002710,20.0,2026-09-23T22:44:55Z
USDCHF.sim,19,0,839,0.000010,0.0037,70,0.000010,0.0037,0.002710,20.0,2026-09-23T22:44:55Z
USDCHF.sim,20,0,824,0.000020,0.0074,70,0.000010,0.0037,0.002710,20.0,2026-09-23T22:44:55Z
USDCHF.sim,21,1,727,0.001190,0.4391,0,,,0.002710,20.0,2026-09-23T22:44:55Z
USDCHF.sim,22,0,825,0.000020,0.0074,70,0.000040,0.0148,0.002710,20.0,2026-09-23T22:44:55Z
USDCHF.sim,23,0,829,0.000020,0.0074,65,0.000030,0.0111,0.002710,20.0,2026-09-23T22:44:55Z
USDCNH.sim,0,0,840,0.000070,0.0128,70,0.000090,0.0165,0.005457,20.0,2026-09-23T22:44:55Z
USDCNH.sim,1,1,840,0.000020,0.0037,70,0.000015,0.0027,0.005457,20.0,2026-09-23T22:44:55Z
USDCNH.sim,2,0,840,0.000010,0.0018,70,0.000005,0.0009,0.005457,20.0,2026-09-23T22:44:55Z
USDCNH.sim,3,0,840,0.000020,0.0037,70,0.000010,0.0018,0.005457,20.0,2026-09-23T22:44:55Z
USDCNH.sim,4,0,840,0.000030,0.0055,70,0.000010,0.0018,0.005457,20.0,2026-09-23T22:44:55Z
USDCNH.sim,5,1,840,0.000020,0.0037,70,0.000020,0.0037,0.005457,20.0,2026-09-23T22:44:55Z
USDCNH.sim,6,0,840,0.000000,0.0000,70,0.000000,0.0000,0.005457,20.0,2026-09-23T22:44:55Z
USDCNH.sim,7,0,840,0.000010,0.0018,70,0.000005,0.0009,0.005457,20.0,2026-09-23T22:44:55Z
USDCNH.sim,8,0,840,0.000010,0.0018,70,0.000010,0.0018,0.005457,20.0,2026-09-23T22:44:55Z
USDCNH.sim,9,1,840,0.000020,0.0037,70,0.000020,0.0037,0.005457,20.0,2026-09-23T22:44:55Z
USDCNH.sim,10,0,840,0.000020,0.0037,70,0.000010,0.0018,0.005457,20.0,2026-09-23T22:44:55Z
USDCNH.sim,11,0,840,0.000020,0.0037,70,0.000020,0.0037,0.005457,20.0,2026-09-23T22:44:55Z
USDCNH.sim,12,0,840,0.000020,0.0037,70,0.000020,0.0037,0.005457,20.0,2026-09-23T22:44:55Z
USDCNH.sim,13,1,840,0.000020,0.0037,70,0.000010,0.0018,0.005457,20.0,2026-09-23T22:44:55Z
USDCNH.sim,14,0,840,0.000020,0.0037,70,0.000010,0.0018,0.005457,20.0,2026-09-23T22:44:55Z
USDCNH.sim,15,0,852,0.000020,0.0037,70,0.000010,0.0018,0.005457,20.0,2026-09-23T22:44:55Z
USDCNH.sim,16,0,846,0.000030,0.0055,75,0.000030,0.0055,0.005457,20.0,2026-09-23T22:44:55Z
USDCNH.sim,17,1,840,0.000030,0.0055,70,0.000030,0.0055,0.005457,20.0,2026-09-23T22:44:55Z
USDCNH.sim,18,0,835,0.000030,0.0055,69,0.000020,0.0037,0.005457,20.0,2026-09-23T22:44:55Z
USDCNH.sim,19,0,831,0.000040,0.0073,70,0.000025,0.0046,0.005457,20.0,2026-09-23T22:44:55Z
USDCNH.sim,20,0,812,0.000090,0.0165,69,0.000050,0.0092,0.005457,20.0,2026-09-23T22:44:55Z
USDCNH.sim,21,1,732,0.002040,0.3738,0,,,0.005457,20.0,2026-09-23T22:44:55Z
USDCNH.sim,22,0,813,0.000470,0.0861,70,0.001475,0.2703,0.005457,20.0,2026-09-23T22:44:55Z
USDCNH.sim,23,0,839,0.000250,0.0458,70,0.000305,0.0559,0.005457,20.0,2026-09-23T22:44:55Z
USDCZK.sim,0,0,839,0.005000,0.0826,70,0.005250,0.0867,0.060538,20.0,2026-09-23T22:44:55Z
USDCZK.sim,1,1,840,0.004600,0.0760,70,0.004750,0.0785,0.060538,20.0,2026-09-23T22:44:55Z
USDCZK.sim,2,0,840,0.004500,0.0743,70,0.004600,0.0760,0.060538,20.0,2026-09-23T22:44:55Z
USDCZK.sim,3,0,840,0.004500,0.0743,70,0.004300,0.0710,0.060538,20.0,2026-09-23T22:44:55Z
USDCZK.sim,4,0,837,0.004700,0.0776,70,0.004700,0.0776,0.060538,20.0,2026-09-23T22:44:55Z
USDCZK.sim,5,1,840,0.004100,0.0677,70,0.004450,0.0735,0.060538,20.0,2026-09-23T22:44:55Z
USDCZK.sim,6,0,840,0.002050,0.0339,70,0.002800,0.0463,0.060538,20.0,2026-09-23T22:44:55Z
USDCZK.sim,7,0,840,0.001600,0.0264,70,0.001600,0.0264,0.060538,20.0,2026-09-23T22:44:55Z
USDCZK.sim,8,0,840,0.001600,0.0264,70,0.001500,0.0248,0.060538,20.0,2026-09-23T22:44:55Z
USDCZK.sim,9,1,840,0.001700,0.0281,70,0.001800,0.0297,0.060538,20.0,2026-09-23T22:44:55Z
USDCZK.sim,10,0,840,0.001600,0.0264,70,0.001700,0.0281,0.060538,20.0,2026-09-23T22:44:55Z
USDCZK.sim,11,0,840,0.001600,0.0264,70,0.001700,0.0281,0.060538,20.0,2026-09-23T22:44:55Z
USDCZK.sim,12,0,840,0.001500,0.0248,70,0.001250,0.0206,0.060538,20.0,2026-09-23T22:44:55Z
USDCZK.sim,13,1,840,0.001500,0.0248,70,0.001400,0.0231,0.060538,20.0,2026-09-23T22:44:55Z
USDCZK.sim,14,0,840,0.001300,0.0215,70,0.001200,0.0198,0.060538,20.0,2026-09-23T22:44:55Z
USDCZK.sim,15,0,840,0.001600,0.0264,70,0.001100,0.0182,0.060538,20.0,2026-09-23T22:44:55Z
USDCZK.sim,16,0,840,0.002400,0.0396,70,0.002400,0.0396,0.060538,20.0,2026-09-23T22:44:55Z
USDCZK.sim,17,1,840,0.002500,0.0413,70,0.002450,0.0405,0.060538,20.0,2026-09-23T22:44:55Z
USDCZK.sim,18,0,840,0.002500,0.0413,70,0.002300,0.0380,0.060538,20.0,2026-09-23T22:44:55Z
USDCZK.sim,19,0,840,0.002900,0.0479,70,0.002600,0.0429,0.060538,20.0,2026-09-23T22:44:55Z
USDCZK.sim,20,0,819,0.003400,0.0562,70,0.002750,0.0454,0.060538,20.0,2026-09-23T22:44:55Z
USDCZK.sim,21,1,762,0.034510,0.5701,0,,,0.060538,20.0,2026-09-23T22:44:55Z
USDCZK.sim,22,0,825,0.019640,0.3244,70,0.021480,0.3548,0.060538,20.0,2026-09-23T22:44:55Z
USDCZK.sim,23,0,798,0.012910,0.2133,65,0.015130,0.2499,0.060538,20.0,2026-09-23T22:44:55Z
USDHUF.sim,0,0,840,0.205000,0.1057,70,0.230500,0.1188,1.939668,19.9,2026-09-23T22:44:55Z
USDHUF.sim,1,1,840,0.191000,0.0985,70,0.178000,0.0918,1.939668,19.9,2026-09-23T22:44:55Z
USDHUF.sim,2,0,840,0.199000,0.1026,70,0.201500,0.1039,1.939668,19.9,2026-09-23T22:44:55Z
USDHUF.sim,3,0,840,0.193000,0.0995,70,0.194000,0.1000,1.939668,19.9,2026-09-23T22:44:55Z
USDHUF.sim,4,0,840,0.201500,0.1039,70,0.187000,0.0964,1.939668,19.9,2026-09-23T22:44:55Z
USDHUF.sim,5,1,840,0.171000,0.0882,70,0.170500,0.0879,1.939668,19.9,2026-09-23T22:44:55Z
USDHUF.sim,6,0,840,0.072000,0.0371,70,0.105000,0.0541,1.939668,19.9,2026-09-23T22:44:55Z
USDHUF.sim,7,0,840,0.064000,0.0330,70,0.061500,0.0317,1.939668,19.9,2026-09-23T22:44:55Z
USDHUF.sim,8,0,840,0.060000,0.0309,70,0.058000,0.0299,1.939668,19.9,2026-09-23T22:44:55Z
USDHUF.sim,9,1,840,0.060000,0.0309,70,0.062500,0.0322,1.939668,19.9,2026-09-23T22:44:55Z
USDHUF.sim,10,0,840,0.062000,0.0320,70,0.056500,0.0291,1.939668,19.9,2026-09-23T22:44:55Z
USDHUF.sim,11,0,840,0.061000,0.0314,70,0.061000,0.0314,1.939668,19.9,2026-09-23T22:44:55Z
USDHUF.sim,12,0,840,0.062000,0.0320,70,0.059000,0.0304,1.939668,19.9,2026-09-23T22:44:55Z
USDHUF.sim,13,1,840,0.058000,0.0299,70,0.054500,0.0281,1.939668,19.9,2026-09-23T22:44:55Z
USDHUF.sim,14,0,840,0.054000,0.0278,70,0.053000,0.0273,1.939668,19.9,2026-09-23T22:44:55Z
USDHUF.sim,15,0,840,0.059000,0.0304,70,0.045000,0.0232,1.939668,19.9,2026-09-23T22:44:55Z
USDHUF.sim,16,0,840,0.092000,0.0474,70,0.084500,0.0436,1.939668,19.9,2026-09-23T22:44:55Z
USDHUF.sim,17,1,840,0.102000,0.0526,70,0.101500,0.0523,1.939668,19.9,2026-09-23T22:44:55Z
USDHUF.sim,18,0,840,0.096000,0.0495,70,0.104000,0.0536,1.939668,19.9,2026-09-23T22:44:55Z
USDHUF.sim,19,0,840,0.093000,0.0479,70,0.101500,0.0523,1.939668,19.9,2026-09-23T22:44:55Z
USDHUF.sim,20,0,826,0.110000,0.0567,70,0.102000,0.0526,1.939668,19.9,2026-09-23T22:44:55Z
USDHUF.sim,21,1,767,1.302000,0.6712,0,,,1.939668,19.9,2026-09-23T22:44:55Z
USDHUF.sim,22,0,826,0.891000,0.4594,70,0.901500,0.4648,1.939668,19.9,2026-09-23T22:44:55Z
USDHUF.sim,23,0,781,0.522000,0.2691,65,0.911000,0.4697,1.939668,19.9,2026-09-23T22:44:55Z
USDJPY.sim,0,0,840,0.000000,0.0000,70,0.000000,0.0000,0.470127,20.0,2026-09-23T22:44:55Z
USDJPY.sim,1,1,840,0.000000,0.0000,70,0.000000,0.0000,0.470127,20.0,2026-09-23T22:44:55Z
USDJPY.sim,2,0,840,0.001000,0.0021,70,0.001000,0.0021,0.470127,20.0,2026-09-23T22:44:55Z
USDJPY.sim,3,0,840,0.001000,0.0021,70,0.000000,0.0000,0.470127,20.0,2026-09-23T22:44:55Z
USDJPY.sim,4,0,840,0.001000,0.0021,70,0.001000,0.0021,0.470127,20.0,2026-09-23T22:44:55Z
USDJPY.sim,5,1,840,0.001000,0.0021,70,0.001000,0.0021,0.470127,20.0,2026-09-23T22:44:55Z
USDJPY.sim,6,0,840,0.000000,0.0000,70,0.000000,0.0000,0.470127,20.0,2026-09-23T22:44:55Z
USDJPY.sim,7,0,840,0.000000,0.0000,70,0.000000,0.0000,0.470127,20.0,2026-09-23T22:44:55Z
USDJPY.sim,8,0,840,0.000000,0.0000,70,0.000000,0.0000,0.470127,20.0,2026-09-23T22:44:55Z
USDJPY.sim,9,1,840,0.000000,0.0000,70,0.000000,0.0000,0.470127,20.0,2026-09-23T22:44:55Z
USDJPY.sim,10,0,840,0.000000,0.0000,70,0.000000,0.0000,0.470127,20.0,2026-09-23T22:44:55Z
USDJPY.sim,11,0,840,0.000000,0.0000,70,0.000000,0.0000,0.470127,20.0,2026-09-23T22:44:55Z
USDJPY.sim,12,0,840,0.000000,0.0000,70,0.000000,0.0000,0.470127,20.0,2026-09-23T22:44:55Z
USDJPY.sim,13,1,840,0.000000,0.0000,70,0.000000,0.0000,0.470127,20.0,2026-09-23T22:44:55Z
USDJPY.sim,14,0,840,0.000000,0.0000,70,0.000000,0.0000,0.470127,20.0,2026-09-23T22:44:55Z
USDJPY.sim,15,0,840,0.000000,0.0000,70,0.000000,0.0000,0.470127,20.0,2026-09-23T22:44:55Z
USDJPY.sim,16,0,840,0.001000,0.0021,70,0.000000,0.0000,0.470127,20.0,2026-09-23T22:44:55Z
USDJPY.sim,17,1,840,0.001000,0.0021,70,0.000000,0.0000,0.470127,20.0,2026-09-23T22:44:55Z
USDJPY.sim,18,0,839,0.000000,0.0000,70,0.001000,0.0021,0.470127,20.0,2026-09-23T22:44:55Z
USDJPY.sim,19,0,840,0.001000,0.0021,70,0.000000,0.0000,0.470127,20.0,2026-09-23T22:44:55Z
USDJPY.sim,20,0,826,0.002000,0.0043,70,0.001000,0.0021,0.470127,20.0,2026-09-23T22:44:55Z
USDJPY.sim,21,1,730,0.061000,0.1298,0,,,0.470127,20.0,2026-09-23T22:44:55Z
USDJPY.sim,22,0,826,0.002000,0.0043,70,0.000000,0.0000,0.470127,20.0,2026-09-23T22:44:55Z
USDJPY.sim,23,0,819,0.001000,0.0021,65,0.001000,0.0021,0.470127,20.0,2026-09-23T22:44:55Z
USDMXN.sim,0,0,840,0.001200,0.0237,70,0.001225,0.0242,0.050715,20.0,2026-09-23T22:44:55Z
USDMXN.sim,1,1,840,0.001110,0.0219,70,0.001010,0.0199,0.050715,20.0,2026-09-23T22:44:55Z
USDMXN.sim,2,0,840,0.001200,0.0237,70,0.001150,0.0227,0.050715,20.0,2026-09-23T22:44:55Z
USDMXN.sim,3,0,840,0.001100,0.0217,70,0.001195,0.0236,0.050715,20.0,2026-09-23T22:44:55Z
USDMXN.sim,4,0,840,0.001200,0.0237,70,0.001045,0.0206,0.050715,20.0,2026-09-23T22:44:55Z
USDMXN.sim,5,1,840,0.001100,0.0217,70,0.001050,0.0207,0.050715,20.0,2026-09-23T22:44:55Z
USDMXN.sim,6,0,840,0.000875,0.0173,70,0.001045,0.0206,0.050715,20.0,2026-09-23T22:44:55Z
USDMXN.sim,7,0,840,0.000840,0.0166,70,0.000870,0.0172,0.050715,20.0,2026-09-23T22:44:55Z
USDMXN.sim,8,0,840,0.000800,0.0158,70,0.000800,0.0158,0.050715,20.0,2026-09-23T22:44:55Z
USDMXN.sim,9,1,840,0.000860,0.0170,70,0.000780,0.0154,0.050715,20.0,2026-09-23T22:44:55Z
USDMXN.sim,10,0,840,0.000800,0.0158,70,0.000705,0.0139,0.050715,20.0,2026-09-23T22:44:55Z
USDMXN.sim,11,0,840,0.000800,0.0158,70,0.000815,0.0161,0.050715,20.0,2026-09-23T22:44:55Z
USDMXN.sim,12,0,840,0.000700,0.0138,70,0.000665,0.0131,0.050715,20.0,2026-09-23T22:44:55Z
USDMXN.sim,13,1,840,0.000520,0.0103,70,0.000580,0.0114,0.050715,20.0,2026-09-23T22:44:55Z
USDMXN.sim,14,0,840,0.000460,0.0091,70,0.000475,0.0094,0.050715,20.0,2026-09-23T22:44:55Z
USDMXN.sim,15,0,840,0.000450,0.0089,70,0.000370,0.0073,0.050715,20.0,2026-09-23T22:44:55Z
USDMXN.sim,16,0,840,0.000460,0.0091,70,0.000425,0.0084,0.050715,20.0,2026-09-23T22:44:55Z
USDMXN.sim,17,1,838,0.000500,0.0099,70,0.000420,0.0083,0.050715,20.0,2026-09-23T22:44:55Z
USDMXN.sim,18,0,840,0.000520,0.0103,70,0.000540,0.0106,0.050715,20.0,2026-09-23T22:44:55Z
USDMXN.sim,19,0,840,0.000550,0.0108,70,0.000550,0.0108,0.050715,20.0,2026-09-23T22:44:55Z
USDMXN.sim,20,0,825,0.000900,0.0177,70,0.000545,0.0107,0.050715,20.0,2026-09-23T22:44:55Z
USDMXN.sim,21,1,696,0.022265,0.4390,0,,,0.050715,20.0,2026-09-23T22:44:55Z
USDMXN.sim,22,0,841,0.002910,0.0574,70,0.004050,0.0799,0.050715,20.0,2026-09-23T22:44:55Z
USDMXN.sim,23,0,840,0.002000,0.0394,70,0.002515,0.0496,0.050715,20.0,2026-09-23T22:44:55Z
USDNOK.sim,0,0,840,0.002600,0.0636,70,0.002800,0.0684,0.040912,20.1,2026-09-23T22:44:55Z
USDNOK.sim,1,1,840,0.002590,0.0633,70,0.002500,0.0611,0.040912,20.1,2026-09-23T22:44:55Z
USDNOK.sim,2,0,840,0.002460,0.0601,70,0.002470,0.0604,0.040912,20.1,2026-09-23T22:44:55Z
USDNOK.sim,3,0,840,0.002500,0.0611,70,0.002455,0.0600,0.040912,20.1,2026-09-23T22:44:55Z
USDNOK.sim,4,0,840,0.002400,0.0587,70,0.002380,0.0582,0.040912,20.1,2026-09-23T22:44:55Z
USDNOK.sim,5,1,840,0.002000,0.0489,70,0.002100,0.0513,0.040912,20.1,2026-09-23T22:44:55Z
USDNOK.sim,6,0,840,0.001080,0.0264,70,0.001235,0.0302,0.040912,20.1,2026-09-23T22:44:55Z
USDNOK.sim,7,0,840,0.000840,0.0205,70,0.000810,0.0198,0.040912,20.1,2026-09-23T22:44:55Z
USDNOK.sim,8,0,840,0.000830,0.0203,70,0.000885,0.0216,0.040912,20.1,2026-09-23T22:44:55Z
USDNOK.sim,9,1,840,0.000860,0.0210,70,0.000940,0.0230,0.040912,20.1,2026-09-23T22:44:55Z
USDNOK.sim,10,0,840,0.000840,0.0205,70,0.000835,0.0204,0.040912,20.1,2026-09-23T22:44:55Z
USDNOK.sim,11,0,840,0.000760,0.0186,70,0.000770,0.0188,0.040912,20.1,2026-09-23T22:44:55Z
USDNOK.sim,12,0,840,0.000790,0.0193,70,0.000665,0.0163,0.040912,20.1,2026-09-23T22:44:55Z
USDNOK.sim,13,1,840,0.000740,0.0181,70,0.000785,0.0192,0.040912,20.1,2026-09-23T22:44:55Z
USDNOK.sim,14,0,840,0.000760,0.0186,70,0.000695,0.0170,0.040912,20.1,2026-09-23T22:44:55Z
USDNOK.sim,15,0,840,0.000880,0.0215,70,0.000690,0.0169,0.040912,20.1,2026-09-23T22:44:55Z
USDNOK.sim,16,0,840,0.001470,0.0359,70,0.001400,0.0342,0.040912,20.1,2026-09-23T22:44:55Z
USDNOK.sim,17,1,837,0.001540,0.0376,70,0.001455,0.0356,0.040912,20.1,2026-09-23T22:44:55Z
USDNOK.sim,18,0,835,0.001590,0.0389,70,0.001585,0.0387,0.040912,20.1,2026-09-23T22:44:55Z
USDNOK.sim,19,0,830,0.001560,0.0381,70,0.001545,0.0378,0.040912,20.1,2026-09-23T22:44:55Z
USDNOK.sim,20,0,823,0.001730,0.0423,70,0.001545,0.0378,0.040912,20.1,2026-09-23T22:44:55Z
USDNOK.sim,21,1,672,0.033980,0.8306,0,,,0.040912,20.1,2026-09-23T22:44:55Z
USDNOK.sim,22,0,884,0.005085,0.1243,74,0.009345,0.2284,0.040912,20.1,2026-09-23T22:44:55Z
USDNOK.sim,23,0,839,0.003970,0.0970,70,0.004470,0.1093,0.040912,20.1,2026-09-23T22:44:55Z
USDPLN.sim,0,0,840,0.001110,0.0873,70,0.001310,0.1030,0.012715,20.0,2026-09-23T22:44:55Z
USDPLN.sim,1,1,840,0.001100,0.0865,70,0.001005,0.0790,0.012715,20.0,2026-09-23T22:44:55Z
USDPLN.sim,2,0,839,0.001000,0.0787,70,0.000900,0.0708,0.012715,20.0,2026-09-23T22:44:55Z
USDPLN.sim,3,0,840,0.000955,0.0751,70,0.000900,0.0708,0.012715,20.0,2026-09-23T22:44:55Z
USDPLN.sim,4,0,839,0.001100,0.0865,70,0.000900,0.0708,0.012715,20.0,2026-09-23T22:44:55Z
USDPLN.sim,5,1,840,0.000900,0.0708,70,0.000900,0.0708,0.012715,20.0,2026-09-23T22:44:55Z
USDPLN.sim,6,0,840,0.000490,0.0385,70,0.000680,0.0535,0.012715,20.0,2026-09-23T22:44:55Z
USDPLN.sim,7,0,840,0.000430,0.0338,70,0.000410,0.0322,0.012715,20.0,2026-09-23T22:44:55Z
USDPLN.sim,8,0,840,0.000420,0.0330,70,0.000425,0.0334,0.012715,20.0,2026-09-23T22:44:55Z
USDPLN.sim,9,1,840,0.000420,0.0330,70,0.000440,0.0346,0.012715,20.0,2026-09-23T22:44:55Z
USDPLN.sim,10,0,840,0.000440,0.0346,70,0.000450,0.0354,0.012715,20.0,2026-09-23T22:44:55Z
USDPLN.sim,11,0,840,0.000420,0.0330,70,0.000430,0.0338,0.012715,20.0,2026-09-23T22:44:55Z
USDPLN.sim,12,0,840,0.000390,0.0307,70,0.000380,0.0299,0.012715,20.0,2026-09-23T22:44:55Z
USDPLN.sim,13,1,840,0.000370,0.0291,70,0.000400,0.0315,0.012715,20.0,2026-09-23T22:44:55Z
USDPLN.sim,14,0,840,0.000340,0.0267,70,0.000340,0.0267,0.012715,20.0,2026-09-23T22:44:55Z
USDPLN.sim,15,0,840,0.000350,0.0275,70,0.000275,0.0216,0.012715,20.0,2026-09-23T22:44:55Z
USDPLN.sim,16,0,840,0.000540,0.0425,70,0.000505,0.0397,0.012715,20.0,2026-09-23T22:44:55Z
USDPLN.sim,17,1,840,0.000580,0.0456,70,0.000535,0.0421,0.012715,20.0,2026-09-23T22:44:55Z
USDPLN.sim,18,0,838,0.000570,0.0448,70,0.000500,0.0393,0.012715,20.0,2026-09-23T22:44:55Z
USDPLN.sim,19,0,839,0.000540,0.0425,70,0.000500,0.0393,0.012715,20.0,2026-09-23T22:44:55Z
USDPLN.sim,20,0,820,0.000790,0.0621,70,0.000560,0.0440,0.012715,20.0,2026-09-23T22:44:55Z
USDPLN.sim,21,1,766,0.006215,0.4888,0,,,0.012715,20.0,2026-09-23T22:44:55Z
USDPLN.sim,22,0,813,0.003160,0.2485,70,0.003780,0.2973,0.012715,20.0,2026-09-23T22:44:55Z
USDPLN.sim,23,0,806,0.002880,0.2265,65,0.002890,0.2273,0.012715,20.0,2026-09-23T22:44:55Z
USDSEK.sim,0,0,840,0.001300,0.0308,70,0.001395,0.0330,0.042210,20.1,2026-09-23T22:44:55Z
USDSEK.sim,1,1,840,0.001300,0.0308,70,0.001200,0.0284,0.042210,20.1,2026-09-23T22:44:55Z
USDSEK.sim,2,0,840,0.001400,0.0332,70,0.001500,0.0355,0.042210,20.1,2026-09-23T22:44:55Z
USDSEK.sim,3,0,840,0.001475,0.0349,70,0.001400,0.0332,0.042210,20.1,2026-09-23T22:44:55Z
USDSEK.sim,4,0,840,0.001300,0.0308,70,0.001350,0.0320,0.042210,20.1,2026-09-23T22:44:55Z
USDSEK.sim,5,1,840,0.001200,0.0284,70,0.001200,0.0284,0.042210,20.1,2026-09-23T22:44:55Z
USDSEK.sim,6,0,840,0.000510,0.0121,70,0.000855,0.0203,0.042210,20.1,2026-09-23T22:44:55Z
USDSEK.sim,7,0,840,0.000500,0.0118,70,0.000445,0.0105,0.042210,20.1,2026-09-23T22:44:55Z
USDSEK.sim,8,0,840,0.000480,0.0114,70,0.000540,0.0128,0.042210,20.1,2026-09-23T22:44:55Z
USDSEK.sim,9,1,840,0.000500,0.0118,70,0.000530,0.0126,0.042210,20.1,2026-09-23T22:44:55Z
USDSEK.sim,10,0,840,0.000480,0.0114,70,0.000510,0.0121,0.042210,20.1,2026-09-23T22:44:55Z
USDSEK.sim,11,0,840,0.000460,0.0109,70,0.000415,0.0098,0.042210,20.1,2026-09-23T22:44:55Z
USDSEK.sim,12,0,840,0.000470,0.0111,70,0.000400,0.0095,0.042210,20.1,2026-09-23T22:44:55Z
USDSEK.sim,13,1,840,0.000400,0.0095,70,0.000350,0.0083,0.042210,20.1,2026-09-23T22:44:55Z
USDSEK.sim,14,0,840,0.000460,0.0109,70,0.000400,0.0095,0.042210,20.1,2026-09-23T22:44:55Z
USDSEK.sim,15,0,840,0.000490,0.0116,70,0.000400,0.0095,0.042210,20.1,2026-09-23T22:44:55Z
USDSEK.sim,16,0,840,0.000820,0.0194,70,0.000675,0.0160,0.042210,20.1,2026-09-23T22:44:55Z
USDSEK.sim,17,1,840,0.000825,0.0195,70,0.000775,0.0184,0.042210,20.1,2026-09-23T22:44:55Z
USDSEK.sim,18,0,839,0.000870,0.0206,70,0.000710,0.0168,0.042210,20.1,2026-09-23T22:44:55Z
USDSEK.sim,19,0,840,0.000870,0.0206,70,0.000900,0.0213,0.042210,20.1,2026-09-23T22:44:55Z
USDSEK.sim,20,0,830,0.000900,0.0213,70,0.000865,0.0205,0.042210,20.1,2026-09-23T22:44:55Z
USDSEK.sim,21,1,648,0.023585,0.5588,0,,,0.042210,20.1,2026-09-23T22:44:55Z
USDSEK.sim,22,0,883,0.004610,0.1092,72,0.009195,0.2178,0.042210,20.1,2026-09-23T22:44:55Z
USDSEK.sim,23,0,840,0.002240,0.0531,70,0.003455,0.0819,0.042210,20.1,2026-09-23T22:44:55Z
USDSGD.sim,0,0,840,0.000020,0.0087,70,0.000020,0.0087,0.002297,20.0,2026-09-23T22:44:55Z
USDSGD.sim,1,1,840,0.000020,0.0087,70,0.000020,0.0087,0.002297,20.0,2026-09-23T22:44:55Z
USDSGD.sim,2,0,840,0.000020,0.0087,70,0.000010,0.0044,0.002297,20.0,2026-09-23T22:44:55Z
USDSGD.sim,3,0,840,0.000020,0.0087,70,0.000020,0.0087,0.002297,20.0,2026-09-23T22:44:55Z
USDSGD.sim,4,0,840,0.000020,0.0087,70,0.000020,0.0087,0.002297,20.0,2026-09-23T22:44:55Z
USDSGD.sim,5,1,840,0.000020,0.0087,70,0.000020,0.0087,0.002297,20.0,2026-09-23T22:44:55Z
USDSGD.sim,6,0,840,0.000010,0.0044,70,0.000020,0.0087,0.002297,20.0,2026-09-23T22:44:55Z
USDSGD.sim,7,0,840,0.000010,0.0044,70,0.000010,0.0044,0.002297,20.0,2026-09-23T22:44:55Z
USDSGD.sim,8,0,840,0.000010,0.0044,70,0.000010,0.0044,0.002297,20.0,2026-09-23T22:44:55Z
USDSGD.sim,9,1,840,0.000010,0.0044,70,0.000010,0.0044,0.002297,20.0,2026-09-23T22:44:55Z
USDSGD.sim,10,0,840,0.000020,0.0087,70,0.000010,0.0044,0.002297,20.0,2026-09-23T22:44:55Z
USDSGD.sim,11,0,840,0.000020,0.0087,70,0.000010,0.0044,0.002297,20.0,2026-09-23T22:44:55Z
USDSGD.sim,12,0,840,0.000020,0.0087,70,0.000010,0.0044,0.002297,20.0,2026-09-23T22:44:55Z
USDSGD.sim,13,1,840,0.000010,0.0044,70,0.000010,0.0044,0.002297,20.0,2026-09-23T22:44:55Z
USDSGD.sim,14,0,840,0.000010,0.0044,70,0.000010,0.0044,0.002297,20.0,2026-09-23T22:44:55Z
USDSGD.sim,15,0,840,0.000020,0.0087,70,0.000010,0.0044,0.002297,20.0,2026-09-23T22:44:55Z
USDSGD.sim,16,0,840,0.000020,0.0087,70,0.000020,0.0087,0.002297,20.0,2026-09-23T22:44:55Z
USDSGD.sim,17,1,839,0.000020,0.0087,70,0.000020,0.0087,0.002297,20.0,2026-09-23T22:44:55Z
USDSGD.sim,18,0,836,0.000020,0.0087,70,0.000020,0.0087,0.002297,20.0,2026-09-23T22:44:55Z
USDSGD.sim,19,0,837,0.000020,0.0087,70,0.000020,0.0087,0.002297,20.0,2026-09-23T22:44:55Z
USDSGD.sim,20,0,809,0.000050,0.0218,70,0.000035,0.0152,0.002297,20.0,2026-09-23T22:44:55Z
USDSGD.sim,21,1,719,0.001200,0.5225,0,,,0.002297,20.0,2026-09-23T22:44:55Z
USDSGD.sim,22,0,841,0.000110,0.0479,70,0.000280,0.1219,0.002297,20.0,2026-09-23T22:44:55Z
USDSGD.sim,23,0,839,0.000040,0.0174,70,0.000060,0.0261,0.002297,20.0,2026-09-23T22:44:55Z
USDZAR.sim,0,0,840,0.002740,0.0326,70,0.002840,0.0338,0.084115,20.0,2026-09-23T22:44:55Z
USDZAR.sim,1,1,840,0.002920,0.0347,70,0.002910,0.0346,0.084115,20.0,2026-09-23T22:44:55Z
USDZAR.sim,2,0,840,0.002700,0.0321,70,0.003045,0.0362,0.084115,20.0,2026-09-23T22:44:55Z
USDZAR.sim,3,0,840,0.002630,0.0313,70,0.002840,0.0338,0.084115,20.0,2026-09-23T22:44:55Z
USDZAR.sim,4,0,840,0.002675,0.0318,70,0.002470,0.0294,0.084115,20.0,2026-09-23T22:44:55Z
USDZAR.sim,5,1,840,0.001600,0.0190,70,0.001450,0.0172,0.084115,20.0,2026-09-23T22:44:55Z
USDZAR.sim,6,0,840,0.001490,0.0177,70,0.001570,0.0187,0.084115,20.0,2026-09-23T22:44:55Z
USDZAR.sim,7,0,840,0.001330,0.0158,70,0.001300,0.0155,0.084115,20.0,2026-09-23T22:44:55Z
USDZAR.sim,8,0,840,0.001300,0.0155,70,0.001250,0.0149,0.084115,20.0,2026-09-23T22:44:55Z
USDZAR.sim,9,1,840,0.001330,0.0158,70,0.001225,0.0146,0.084115,20.0,2026-09-23T22:44:55Z
USDZAR.sim,10,0,840,0.001380,0.0164,70,0.001325,0.0158,0.084115,20.0,2026-09-23T22:44:55Z
USDZAR.sim,11,0,840,0.001370,0.0163,70,0.001385,0.0165,0.084115,20.0,2026-09-23T22:44:55Z
USDZAR.sim,12,0,840,0.001320,0.0157,70,0.001290,0.0153,0.084115,20.0,2026-09-23T22:44:55Z
USDZAR.sim,13,1,840,0.001210,0.0144,70,0.001180,0.0140,0.084115,20.0,2026-09-23T22:44:55Z
USDZAR.sim,14,0,840,0.001180,0.0140,70,0.001280,0.0152,0.084115,20.0,2026-09-23T22:44:55Z
USDZAR.sim,15,0,840,0.001140,0.0136,70,0.000795,0.0095,0.084115,20.0,2026-09-23T22:44:55Z
USDZAR.sim,16,0,840,0.001170,0.0139,70,0.001130,0.0134,0.084115,20.0,2026-09-23T22:44:55Z
USDZAR.sim,17,1,840,0.001460,0.0174,70,0.001160,0.0138,0.084115,20.0,2026-09-23T22:44:55Z
USDZAR.sim,18,0,840,0.001530,0.0182,70,0.001370,0.0163,0.084115,20.0,2026-09-23T22:44:55Z
USDZAR.sim,19,0,840,0.001540,0.0183,70,0.001455,0.0173,0.084115,20.0,2026-09-23T22:44:55Z
USDZAR.sim,20,0,815,0.002870,0.0341,70,0.002045,0.0243,0.084115,20.0,2026-09-23T22:44:55Z
USDZAR.sim,21,1,711,0.051270,0.6095,0,,,0.084115,20.0,2026-09-23T22:44:55Z
USDZAR.sim,22,0,838,0.018200,0.2164,69,0.038030,0.4521,0.084115,20.0,2026-09-23T22:44:55Z
USDZAR.sim,23,0,836,0.004700,0.0559,70,0.007555,0.0898,0.084115,20.0,2026-09-23T22:44:55Z
USOIL.sim,0,0,840,0.060000,0.0312,70,0.060000,0.0312,1.922898,20.7,2026-09-23T22:44:55Z
USOIL.sim,1,1,840,0.060000,0.0312,70,0.060000,0.0312,1.922898,20.7,2026-09-23T22:44:55Z
USOIL.sim,2,0,840,0.030000,0.0156,70,0.030000,0.0156,1.922898,20.7,2026-09-23T22:44:55Z
USOIL.sim,3,0,840,0.030000,0.0156,70,0.030000,0.0156,1.922898,20.7,2026-09-23T22:44:55Z
USOIL.sim,4,0,838,0.030000,0.0156,70,0.030000,0.0156,1.922898,20.7,2026-09-23T22:44:55Z
USOIL.sim,5,1,839,0.030000,0.0156,70,0.030000,0.0156,1.922898,20.7,2026-09-23T22:44:55Z
USOIL.sim,6,0,863,0.030000,0.0156,70,0.030000,0.0156,1.922898,20.7,2026-09-23T22:44:55Z
USOIL.sim,7,0,900,0.030000,0.0156,75,0.030000,0.0156,1.922898,20.7,2026-09-23T22:44:55Z
USOIL.sim,8,0,900,0.030000,0.0156,75,0.030000,0.0156,1.922898,20.7,2026-09-23T22:44:55Z
USOIL.sim,9,1,900,0.030000,0.0156,75,0.030000,0.0156,1.922898,20.7,2026-09-23T22:44:55Z
USOIL.sim,10,0,900,0.030000,0.0156,75,0.030000,0.0156,1.922898,20.7,2026-09-23T22:44:55Z
USOIL.sim,11,0,900,0.030000,0.0156,75,0.030000,0.0156,1.922898,20.7,2026-09-23T22:44:55Z
USOIL.sim,12,0,900,0.030000,0.0156,75,0.030000,0.0156,1.922898,20.7,2026-09-23T22:44:55Z
USOIL.sim,13,1,900,0.030000,0.0156,75,0.030000,0.0156,1.922898,20.7,2026-09-23T22:44:55Z
USOIL.sim,14,0,900,0.030000,0.0156,75,0.030000,0.0156,1.922898,20.7,2026-09-23T22:44:55Z
USOIL.sim,15,0,900,0.030000,0.0156,75,0.030000,0.0156,1.922898,20.7,2026-09-23T22:44:55Z
USOIL.sim,16,0,900,0.030000,0.0156,75,0.030000,0.0156,1.922898,20.7,2026-09-23T22:44:55Z
USOIL.sim,17,1,900,0.030000,0.0156,75,0.030000,0.0156,1.922898,20.7,2026-09-23T22:44:55Z
USOIL.sim,18,0,869,0.030000,0.0156,75,0.030000,0.0156,1.922898,20.7,2026-09-23T22:44:55Z
USOIL.sim,19,0,840,0.030000,0.0156,70,0.030000,0.0156,1.922898,20.7,2026-09-23T22:44:55Z
USOIL.sim,20,0,826,0.030000,0.0156,70,0.030000,0.0156,1.922898,20.7,2026-09-23T22:44:55Z
USOIL.sim,21,1,0,,,0,,,1.922898,20.7,2026-09-23T22:44:55Z
USOIL.sim,22,0,844,0.060000,0.0312,60,0.060000,0.0312,1.922898,20.7,2026-09-23T22:44:55Z
USOIL.sim,23,0,821,0.060000,0.0312,70,0.060000,0.0312,1.922898,20.7,2026-09-23T22:44:55Z
XAGUSD.sim,0,0,840,0.013000,0.0096,70,0.013000,0.0096,1.359364,20.7,2026-09-23T22:44:55Z
XAGUSD.sim,1,1,840,0.012000,0.0088,70,0.011000,0.0081,1.359364,20.7,2026-09-23T22:44:55Z
XAGUSD.sim,2,0,840,0.012000,0.0088,70,0.013000,0.0096,1.359364,20.7,2026-09-23T22:44:55Z
XAGUSD.sim,3,0,840,0.012000,0.0088,70,0.011500,0.0085,1.359364,20.7,2026-09-23T22:44:55Z
XAGUSD.sim,4,0,840,0.012000,0.0088,70,0.011000,0.0081,1.359364,20.7,2026-09-23T22:44:55Z
XAGUSD.sim,5,1,840,0.011000,0.0081,70,0.013500,0.0099,1.359364,20.7,2026-09-23T22:44:55Z
XAGUSD.sim,6,0,875,0.009000,0.0066,70,0.008500,0.0063,1.359364,20.7,2026-09-23T22:44:55Z
XAGUSD.sim,7,0,900,0.009000,0.0066,75,0.009000,0.0066,1.359364,20.7,2026-09-23T22:44:55Z
XAGUSD.sim,8,0,900,0.010000,0.0074,75,0.009000,0.0066,1.359364,20.7,2026-09-23T22:44:55Z
XAGUSD.sim,9,1,900,0.009800,0.0072,75,0.010000,0.0074,1.359364,20.7,2026-09-23T22:44:55Z
XAGUSD.sim,10,0,900,0.010000,0.0074,75,0.009000,0.0066,1.359364,20.7,2026-09-23T22:44:55Z
XAGUSD.sim,11,0,900,0.007100,0.0052,75,0.006000,0.0044,1.359364,20.7,2026-09-23T22:44:55Z
XAGUSD.sim,12,0,900,0.006000,0.0044,75,0.006000,0.0044,1.359364,20.7,2026-09-23T22:44:55Z
XAGUSD.sim,13,1,900,0.006000,0.0044,75,0.005000,0.0037,1.359364,20.7,2026-09-23T22:44:55Z
XAGUSD.sim,14,0,900,0.007000,0.0051,75,0.006000,0.0044,1.359364,20.7,2026-09-23T22:44:55Z
XAGUSD.sim,15,0,900,0.007000,0.0051,75,0.007000,0.0051,1.359364,20.7,2026-09-23T22:44:55Z
XAGUSD.sim,16,0,900,0.006000,0.0044,75,0.006000,0.0044,1.359364,20.7,2026-09-23T22:44:55Z
XAGUSD.sim,17,1,899,0.006000,0.0044,75,0.006000,0.0044,1.359364,20.7,2026-09-23T22:44:55Z
XAGUSD.sim,18,0,869,0.006000,0.0044,75,0.006000,0.0044,1.359364,20.7,2026-09-23T22:44:55Z
XAGUSD.sim,19,0,840,0.007000,0.0051,70,0.007000,0.0051,1.359364,20.7,2026-09-23T22:44:55Z
XAGUSD.sim,20,0,826,0.009000,0.0066,70,0.008000,0.0059,1.359364,20.7,2026-09-23T22:44:55Z
XAGUSD.sim,21,1,0,,,0,,,1.359364,20.7,2026-09-23T22:44:55Z
XAGUSD.sim,22,0,811,0.018000,0.0132,0,,,1.359364,20.7,2026-09-23T22:44:55Z
XAGUSD.sim,23,0,840,0.015000,0.0110,70,0.016000,0.0118,1.359364,20.7,2026-09-23T22:44:55Z
XAUUSD.sim,0,0,840,0.250000,0.0049,70,0.250000,0.0049,51.312620,20.7,2026-09-23T22:44:55Z
XAUUSD.sim,1,1,840,0.250000,0.0049,70,0.250000,0.0049,51.312620,20.7,2026-09-23T22:44:55Z
XAUUSD.sim,2,0,840,0.250000,0.0049,70,0.250000,0.0049,51.312620,20.7,2026-09-23T22:44:55Z
XAUUSD.sim,3,0,840,0.250000,0.0049,70,0.250000,0.0049,51.312620,20.7,2026-09-23T22:44:55Z
XAUUSD.sim,4,0,840,0.250000,0.0049,70,0.250000,0.0049,51.312620,20.7,2026-09-23T22:44:55Z
XAUUSD.sim,5,1,840,0.250000,0.0049,70,0.250000,0.0049,51.312620,20.7,2026-09-23T22:44:55Z
XAUUSD.sim,6,0,874,0.250000,0.0049,70,0.250000,0.0049,51.312620,20.7,2026-09-23T22:44:55Z
XAUUSD.sim,7,0,900,0.250000,0.0049,75,0.250000,0.0049,51.312620,20.7,2026-09-23T22:44:55Z
XAUUSD.sim,8,0,900,0.250000,0.0049,75,0.250000,0.0049,51.312620,20.7,2026-09-23T22:44:55Z
XAUUSD.sim,9,1,900,0.250000,0.0049,75,0.250000,0.0049,51.312620,20.7,2026-09-23T22:44:55Z
XAUUSD.sim,10,0,900,0.250000,0.0049,75,0.250000,0.0049,51.312620,20.7,2026-09-23T22:44:55Z
XAUUSD.sim,11,0,900,0.250000,0.0049,75,0.250000,0.0049,51.312620,20.7,2026-09-23T22:44:55Z
XAUUSD.sim,12,0,900,0.250000,0.0049,75,0.250000,0.0049,51.312620,20.7,2026-09-23T22:44:55Z
XAUUSD.sim,13,1,900,0.250000,0.0049,75,0.250000,0.0049,51.312620,20.7,2026-09-23T22:44:55Z
XAUUSD.sim,14,0,900,0.250000,0.0049,75,0.250000,0.0049,51.312620,20.7,2026-09-23T22:44:55Z
XAUUSD.sim,15,0,900,0.250000,0.0049,75,0.250000,0.0049,51.312620,20.7,2026-09-23T22:44:55Z
XAUUSD.sim,16,0,900,0.250000,0.0049,75,0.250000,0.0049,51.312620,20.7,2026-09-23T22:44:55Z
XAUUSD.sim,17,1,900,0.250000,0.0049,75,0.250000,0.0049,51.312620,20.7,2026-09-23T22:44:55Z
XAUUSD.sim,18,0,869,0.250000,0.0049,75,0.250000,0.0049,51.312620,20.7,2026-09-23T22:44:55Z
XAUUSD.sim,19,0,840,0.250000,0.0049,70,0.250000,0.0049,51.312620,20.7,2026-09-23T22:44:55Z
XAUUSD.sim,20,0,826,0.250000,0.0049,70,0.250000,0.0049,51.312620,20.7,2026-09-23T22:44:55Z
XAUUSD.sim,21,1,0,,,0,,,51.312620,20.7,2026-09-23T22:44:55Z
XAUUSD.sim,22,0,811,0.280000,0.0055,0,,,51.312620,20.7,2026-09-23T22:44:55Z
XAUUSD.sim,23,0,840,0.250000,0.0049,70,0.250000,0.0049,51.312620,20.7,2026-09-23T22:44:55Z
